{"type":"FeatureCollection","features":[{"type":"Feature","properties":{"name":"Appling"},"geometry":{"type":"Polygon","coordinates":[[[-82.43145,31.84437],[-82.43136,31.83799],[-82.52025,31.83839],[-82.52066,31.81239],[-82.52016,31.74919],[-82.55069,31.74911],[-82.55071,31.73633],[-82.52057,31.7362],[-82.52142,31.7108],[-82.49587,31.71059],[-82.49572,31.7099],[-82.49351,31.70831],[-82.49289,31.7062],[-82.48956,31.70214],[-82.48795,31.70165],[-82.48783,31.69992],[-82.48678,31.69772],[-82.48282,31.69588],[-82.48229,31.69486],[-82.48245,31.69409],[-82.48045,31.69212],[-82.47861,31.69152],[-82.47774,31.69056],[-82.47675,31.68894],[-82.4776,31.68777],[-82.47701,31.68556],[-82.47664,31.6849],[-82.47384,31.68349],[-82.47272,31.68016],[-82.47103,31.67976],[-82.46983,31.67857],[-82.46717,31.6779],[-82.46625,31.67674],[-82.4642,31.67649],[-82.463,31.67533],[-82.46272,31.67401],[-82.46156,31.67278],[-82.46149,31.67148],[-82.46033,31.67037],[-82.45541,31.66845],[-82.45321,31.66805],[-82.45135,31.66521],[-82.45153,31.66229],[-82.45089,31.66138],[-82.44802,31.6603],[-82.44714,31.65933],[-82.44391,31.65938],[-82.44241,31.65884],[-82.43989,31.65981],[-82.43952,31.66081],[-82.43782,31.66135],[-82.43651,31.66101],[-82.42925,31.65673],[-82.42319,31.65136],[-82.4186,31.64817],[-82.41645,31.64564],[-82.41516,31.64487],[-82.41384,31.64479],[-82.41408,31.64306],[-82.41284,31.64221],[-82.40994,31.64198],[-82.40843,31.641],[-82.40835,31.64],[-82.40751,31.6392],[-82.40653,31.63948],[-82.40537,31.639],[-82.40222,31.63976],[-82.39762,31.63798],[-82.39129,31.63818],[-82.38915,31.63781],[-82.3882,31.63723],[-82.38707,31.63535],[-82.38582,31.63457],[-82.38028,31.63379],[-82.37863,31.63294],[-82.37749,31.63153],[-82.37491,31.63045],[-82.37141,31.63125],[-82.36883,31.63103],[-82.36424,31.62866],[-82.35699,31.62367],[-82.35475,31.62266],[-82.35204,31.62252],[-82.34957,31.62134],[-82.34398,31.61605],[-82.33926,31.61074],[-82.33488,31.60691],[-82.32745,31.60223],[-82.3261,31.60189],[-82.31808,31.59429],[-82.31574,31.59276],[-82.31244,31.59184],[-82.30924,31.58881],[-82.30416,31.58652],[-82.29622,31.58424],[-82.2835,31.57753],[-82.27231,31.57335],[-82.26973,31.57188],[-82.26623,31.56683],[-82.26342,31.56382],[-82.26028,31.56201],[-82.25733,31.56067],[-82.25302,31.55964],[-82.25106,31.55937],[-82.24885,31.55986],[-82.24748,31.55953],[-82.24069,31.55562],[-82.2366,31.55131],[-82.23199,31.54474],[-82.23024,31.53814],[-82.22655,31.53021],[-82.2215,31.52156],[-82.21904,31.51871],[-82.21034,31.51181],[-82.19841,31.50534],[-82.18118,31.48926],[-82.16386,31.47591],[-82.15508,31.47112],[-82.15024,31.46974],[-82.14102,31.46943],[-82.13663,31.47007],[-82.13279,31.47126],[-82.1332,31.50024],[-82.13287,31.55751],[-82.14793,31.55731],[-82.14762,31.56143],[-82.14795,31.56912],[-82.13294,31.56931],[-82.1336,31.59589],[-82.13334,31.61765],[-82.13369,31.62227],[-82.13372,31.65171],[-82.13334,31.6553],[-82.13308,31.6896],[-82.13301,31.7734],[-82.08944,31.77291],[-82.08934,31.7859],[-82.10703,31.7861],[-82.10654,31.7998],[-82.08725,31.79951],[-82.0874,31.82162],[-82.08559,31.82338],[-82.08313,31.823],[-82.08204,31.82494],[-82.08014,31.82593],[-82.08009,31.82747],[-82.07708,31.82907],[-82.07441,31.8293],[-82.07347,31.82894],[-82.07205,31.82738],[-82.07202,31.82591],[-82.07127,31.82565],[-82.07008,31.82596],[-82.06755,31.82769],[-82.06679,31.82671],[-82.06401,31.82537],[-82.06117,31.8255],[-82.06008,31.82596],[-82.05875,31.82744],[-82.05629,31.82784],[-82.05284,31.8278],[-82.04877,31.82679],[-82.04881,31.82744],[-82.05863,31.83236],[-82.06607,31.83821],[-82.07238,31.84044],[-82.08131,31.84281],[-82.08226,31.84344],[-82.08451,31.84794],[-82.09405,31.85342],[-82.09832,31.85838],[-82.1044,31.86178],[-82.10631,31.86333],[-82.10953,31.86393],[-82.11548,31.86285],[-82.117,31.86541],[-82.11641,31.86635],[-82.11066,31.86918],[-82.10962,31.87031],[-82.10984,31.878],[-82.10784,31.8837],[-82.10974,31.888],[-82.11204,31.8913],[-82.11054,31.8955],[-82.11024,31.8979],[-82.11097,31.89963],[-82.11292,31.90094],[-82.11477,31.90103],[-82.11664,31.8997],[-82.11694,31.8981],[-82.11604,31.8952],[-82.11624,31.8919],[-82.11534,31.8897],[-82.11544,31.8888],[-82.11654,31.8872],[-82.11954,31.886],[-82.12104,31.8863],[-82.12554,31.8897],[-82.12944,31.8904],[-82.13344,31.8904],[-82.13554,31.8917],[-82.13639,31.89327],[-82.13649,31.89455],[-82.13154,31.9017],[-82.13114,31.9038],[-82.13214,31.9065],[-82.13424,31.908],[-82.13654,31.9078],[-82.13994,31.9057],[-82.14284,31.8993],[-82.14514,31.8981],[-82.14864,31.8988],[-82.15154,31.901],[-82.15544,31.9031],[-82.16004,31.904],[-82.16464,31.9038],[-82.18204,31.9012],[-82.18704,31.9012],[-82.19134,31.9005],[-82.19204,31.9009],[-82.19224,31.9018],[-82.19074,31.9035],[-82.19064,31.9045],[-82.19204,31.9065],[-82.19524,31.9068],[-82.19914,31.9061],[-82.20134,31.9063],[-82.20664,31.9103],[-82.21044,31.9095],[-82.21484,31.9099],[-82.21855,31.9095],[-82.21984,31.9101],[-82.22114,31.9128],[-82.22274,31.9134],[-82.22964,31.9118],[-82.23024,31.912],[-82.23164,31.9134],[-82.23183,31.9171],[-82.23283,31.9189],[-82.23583,31.9204],[-82.23822,31.9201],[-82.24172,31.916],[-82.24351,31.9148],[-82.24451,31.9145],[-82.24681,31.9151],[-82.24801,31.9173],[-82.24846,31.92067],[-82.24903,31.92186],[-82.24973,31.9228],[-82.25119,31.92351],[-82.25459,31.92747],[-82.25534,31.93142],[-82.25604,31.93209],[-82.2597,31.93241],[-82.26139,31.929],[-82.26316,31.92795],[-82.26678,31.92841],[-82.26763,31.92972],[-82.2682,31.93279],[-82.27033,31.93587],[-82.27762,31.93707],[-82.28642,31.94244],[-82.28831,31.94278],[-82.29158,31.9424],[-82.29533,31.93886],[-82.29809,31.93399],[-82.30111,31.93327],[-82.3028,31.9339],[-82.30392,31.93722],[-82.30601,31.93869],[-82.30654,31.94161],[-82.30951,31.94654],[-82.31154,31.94752],[-82.31391,31.94712],[-82.31508,31.94661],[-82.3161,31.94523],[-82.31609,31.94415],[-82.31533,31.9428],[-82.31216,31.93939],[-82.30768,31.93727],[-82.30887,31.9327],[-82.31314,31.93091],[-82.31448,31.93078],[-82.32328,31.9345],[-82.32967,31.93478],[-82.33733,31.93717],[-82.35801,31.93969],[-82.35931,31.94174],[-82.36233,31.94369],[-82.36503,31.94364],[-82.37242,31.94146],[-82.37765,31.94189],[-82.37865,31.94319],[-82.37845,31.94599],[-82.37545,31.94929],[-82.37215,31.95119],[-82.37155,31.95349],[-82.3721,31.95398],[-82.37953,31.95498],[-82.38092,31.95601],[-82.38315,31.95946],[-82.38446,31.96002],[-82.38548,31.96022],[-82.38764,31.95968],[-82.38903,31.95778],[-82.38904,31.95658],[-82.38654,31.95378],[-82.38544,31.95138],[-82.38584,31.94928],[-82.38714,31.94818],[-82.39084,31.94928],[-82.39204,31.95108],[-82.39324,31.95558],[-82.39794,31.95909],[-82.40084,31.96029],[-82.40294,31.95989],[-82.40444,31.95789],[-82.40414,31.95649],[-82.40194,31.95369],[-82.40204,31.95169],[-82.40404,31.94949],[-82.40725,31.94949],[-82.40814,31.95029],[-82.40845,31.95129],[-82.40755,31.95409],[-82.40845,31.95609],[-82.41785,31.95959],[-82.42475,31.96419],[-82.43153,31.96618],[-82.43045,31.93874],[-82.43128,31.90249],[-82.43145,31.84437]]]}},{"type":"Feature","properties":{"name":"Atkinson"},"geometry":{"type":"Polygon","coordinates":[[[-83.14159,31.40417],[-83.14069,31.40194],[-83.13796,31.39912],[-83.13476,31.39826],[-83.13017,31.39623],[-83.12486,31.39306],[-83.12147,31.39299],[-83.11748,31.38869],[-83.11634,31.38866],[-83.11524,31.38608],[-83.11594,31.38404],[-83.11511,31.38251],[-83.11514,31.38154],[-83.11591,31.38112],[-83.11559,31.38053],[-83.11611,31.37996],[-83.11532,31.37896],[-83.11458,31.37894],[-83.11216,31.37734],[-83.11161,31.37595],[-83.1117,31.37462],[-83.11249,31.37422],[-83.11297,31.37315],[-83.11234,31.37175],[-83.11243,31.37014],[-83.11079,31.36785],[-83.10917,31.36739],[-83.10786,31.36627],[-83.10629,31.36359],[-83.10551,31.36316],[-83.10578,31.36253],[-83.10414,31.35996],[-83.1043,31.35911],[-83.10352,31.35899],[-83.10342,31.35785],[-83.10256,31.35792],[-83.10198,31.35737],[-83.10155,31.35781],[-83.10093,31.35727],[-83.10081,31.35565],[-83.10024,31.35556],[-83.1004,31.35479],[-83.09998,31.35419],[-83.09886,31.35344],[-83.09714,31.35392],[-83.09774,31.3527],[-83.09717,31.35203],[-83.09394,31.35102],[-83.09195,31.35165],[-83.08805,31.35112],[-83.08803,31.35034],[-83.08925,31.34884],[-83.08829,31.34696],[-83.08701,31.34615],[-83.08496,31.3463],[-83.08363,31.34755],[-83.0843,31.3487],[-83.08224,31.34932],[-83.08195,31.34979],[-83.07991,31.34861],[-83.0797,31.34705],[-83.07776,31.34606],[-83.07653,31.34617],[-83.07624,31.34541],[-83.07584,31.34578],[-83.07624,31.34718],[-83.0756,31.34727],[-83.07421,31.34575],[-83.07392,31.34362],[-83.07239,31.34161],[-83.07112,31.34227],[-83.0705,31.34115],[-83.06894,31.34078],[-83.06955,31.33991],[-83.0688,31.33906],[-83.06896,31.33793],[-83.06779,31.33695],[-83.06654,31.33705],[-83.06725,31.3351],[-83.06704,31.33405],[-83.06656,31.33395],[-83.06573,31.33498],[-83.06512,31.33468],[-83.06475,31.33357],[-83.06389,31.33432],[-83.06293,31.3313],[-83.062,31.33181],[-83.06085,31.33023],[-83.05957,31.32986],[-83.05949,31.32892],[-83.06017,31.32825],[-83.05949,31.32684],[-83.06017,31.32605],[-83.06099,31.32649],[-83.06132,31.3255],[-83.06086,31.32486],[-83.05848,31.32546],[-83.05809,31.32462],[-83.05915,31.32324],[-83.05859,31.32277],[-83.0586,31.32197],[-83.05974,31.3219],[-83.06027,31.32103],[-83.05945,31.32053],[-83.05919,31.31931],[-83.0609,31.31824],[-83.06114,31.31752],[-83.06081,31.31732],[-83.06027,31.31792],[-83.06097,31.31688],[-83.05965,31.31496],[-83.05828,31.31512],[-83.05754,31.31464],[-83.0589,31.31358],[-83.05826,31.31261],[-83.05873,31.31188],[-83.05858,31.30968],[-83.05909,31.30898],[-83.0578,31.3091],[-83.05837,31.30791],[-83.05805,31.30663],[-83.05928,31.3063],[-83.05901,31.30423],[-83.05655,31.30384],[-83.0557,31.30228],[-83.05514,31.30265],[-83.05557,31.30361],[-83.05523,31.30397],[-83.05368,31.30349],[-83.05309,31.30138],[-83.0518,31.30156],[-83.05117,31.30042],[-83.05119,31.29917],[-83.05179,31.29813],[-83.05155,31.29633],[-83.05043,31.29544],[-83.04823,31.29489],[-83.04744,31.2922],[-83.04616,31.29192],[-83.04507,31.29285],[-83.04562,31.29161],[-83.04796,31.29014],[-83.04603,31.28894],[-83.04683,31.28764],[-83.04547,31.28853],[-83.04475,31.28802],[-83.04529,31.28699],[-83.04744,31.28597],[-83.0466,31.284],[-83.04699,31.28297],[-83.04088,31.28118],[-83.04046,31.28055],[-83.04099,31.27986],[-83.03982,31.27883],[-83.03913,31.2803],[-83.03782,31.28011],[-83.03792,31.2807],[-83.03694,31.28052],[-83.03651,31.27994],[-83.03774,31.27907],[-83.03793,31.27831],[-83.03721,31.27825],[-83.03616,31.27897],[-83.03502,31.27777],[-83.03524,31.27692],[-83.03416,31.27652],[-83.03435,31.27575],[-83.03347,31.27504],[-83.03383,31.27441],[-83.03531,31.27464],[-83.03444,31.27279],[-83.0354,31.27205],[-83.03479,31.27146],[-83.03702,31.27119],[-83.03571,31.27043],[-83.03668,31.26935],[-83.03625,31.26826],[-83.03714,31.26804],[-83.03781,31.26643],[-83.03898,31.26664],[-83.04128,31.26552],[-83.04183,31.26466],[-83.04141,31.26368],[-83.04167,31.26249],[-83.04058,31.26224],[-83.04039,31.26081],[-83.0392,31.26006],[-83.03959,31.25787],[-83.03882,31.25708],[-83.03912,31.25565],[-83.03839,31.25514],[-83.03934,31.25407],[-83.04045,31.25471],[-83.04205,31.25323],[-83.04105,31.25304],[-83.04078,31.25243],[-83.042,31.2504],[-83.04308,31.25057],[-83.04331,31.24941],[-83.0428,31.24889],[-83.04171,31.24903],[-83.0417,31.24839],[-83.04217,31.24783],[-83.04411,31.2474],[-83.04476,31.24603],[-83.046,31.2454],[-83.04663,31.24397],[-83.04602,31.24236],[-83.0478,31.24087],[-83.04611,31.23817],[-83.04586,31.23569],[-83.04471,31.23577],[-83.04393,31.23503],[-83.04507,31.23377],[-83.04616,31.23407],[-83.04718,31.23512],[-83.04789,31.23473],[-83.04735,31.23336],[-83.04841,31.23319],[-83.04934,31.23378],[-83.0489,31.23257],[-83.05072,31.23209],[-83.04912,31.231],[-83.05087,31.22963],[-83.0508,31.229],[-83.04922,31.22818],[-83.04939,31.22719],[-83.05034,31.22675],[-83.05155,31.2272],[-83.05219,31.22547],[-83.05082,31.22624],[-83.04953,31.22631],[-83.04895,31.22542],[-83.04909,31.22384],[-83.05045,31.22266],[-83.04776,31.22272],[-83.04522,31.22061],[-83.04571,31.21856],[-83.04721,31.21795],[-83.04628,31.21775],[-83.04618,31.21688],[-83.0483,31.21626],[-83.04824,31.21546],[-83.04659,31.21526],[-83.04708,31.21378],[-83.04826,31.21336],[-83.04981,31.21365],[-83.04869,31.21252],[-83.04915,31.21188],[-83.05102,31.21257],[-83.05012,31.21094],[-83.05099,31.20991],[-83.04976,31.20971],[-83.04919,31.20762],[-83.04982,31.20739],[-83.05102,31.20823],[-83.05188,31.20785],[-83.05076,31.20686],[-83.05158,31.20545],[-83.05058,31.20594],[-83.05013,31.20531],[-83.0511,31.20517],[-83.05075,31.20449],[-83.05126,31.20472],[-83.05111,31.20368],[-83.0505,31.20327],[-83.04943,31.20398],[-83.04857,31.20389],[-83.04887,31.20289],[-83.04972,31.20268],[-83.04983,31.20217],[-83.04861,31.20204],[-83.04816,31.20063],[-83.04542,31.20032],[-83.04566,31.19959],[-83.04651,31.19929],[-83.04574,31.19833],[-83.04599,31.19547],[-83.04753,31.19499],[-83.04575,31.1948],[-83.04524,31.19432],[-83.04766,31.19335],[-83.04812,31.19268],[-83.04695,31.19119],[-83.04779,31.19032],[-83.04655,31.19064],[-83.04581,31.19034],[-83.04691,31.18777],[-83.04562,31.18661],[-83.04565,31.18596],[-83.04665,31.18515],[-83.0484,31.18575],[-83.04774,31.18413],[-83.04689,31.18368],[-82.99996,31.18421],[-82.93454,31.18396],[-82.87009,31.18435],[-82.74039,31.18301],[-82.67167,31.18374],[-82.69084,31.22336],[-82.70105,31.22322],[-82.70058,31.25212],[-82.69921,31.2781],[-82.69807,31.2778],[-82.69712,31.27858],[-82.69624,31.27852],[-82.69468,31.28025],[-82.6934,31.28023],[-82.68843,31.28261],[-82.68772,31.28235],[-82.68573,31.28331],[-82.68482,31.28318],[-82.68124,31.28529],[-82.67882,31.28474],[-82.67862,31.28504],[-82.67754,31.28405],[-82.67657,31.28495],[-82.67615,31.28404],[-82.67422,31.28383],[-82.67312,31.28453],[-82.67302,31.28405],[-82.67261,31.28462],[-82.67213,31.28442],[-82.67199,31.28503],[-82.67039,31.28504],[-82.67006,31.28571],[-82.66882,31.28591],[-82.66881,31.28693],[-82.66802,31.28647],[-82.66761,31.28691],[-82.66707,31.28662],[-82.66701,31.2878],[-82.66482,31.28695],[-82.66465,31.28759],[-82.66377,31.28808],[-82.6633,31.28691],[-82.66223,31.28663],[-82.66144,31.28562],[-82.66008,31.28571],[-82.65929,31.28638],[-82.65885,31.2856],[-82.6549,31.28532],[-82.65464,31.28616],[-82.65457,31.28538],[-82.65266,31.28388],[-82.65025,31.28385],[-82.64893,31.28272],[-82.64855,31.28155],[-82.64673,31.28054],[-82.64628,31.2793],[-82.64504,31.27821],[-82.64392,31.27806],[-82.64364,31.27891],[-82.64311,31.27902],[-82.64234,31.27876],[-82.64197,31.27802],[-82.64071,31.27828],[-82.63982,31.27774],[-82.63785,31.27769],[-82.63784,31.27709],[-82.63857,31.27685],[-82.63795,31.27624],[-82.63883,31.2745],[-82.63596,31.27371],[-82.63427,31.27456],[-82.63202,31.27335],[-82.62962,31.27473],[-82.62898,31.36393],[-82.81754,31.36449],[-82.81844,31.36561],[-82.81836,31.36733],[-82.821,31.36808],[-82.82216,31.36953],[-82.82269,31.37112],[-82.82258,31.37523],[-82.82401,31.37556],[-82.82398,31.37649],[-82.82593,31.37645],[-82.82945,31.37752],[-82.83066,31.37915],[-82.83263,31.3842],[-82.83518,31.38692],[-82.83695,31.39186],[-82.83623,31.39306],[-82.83644,31.3956],[-82.83564,31.39754],[-82.83646,31.39798],[-82.83769,31.4007],[-82.83933,31.40171],[-82.84239,31.40147],[-82.84409,31.40333],[-82.89216,31.4024],[-82.95806,31.403],[-82.95852,31.41727],[-83.05904,31.41833],[-83.09469,31.41965],[-83.14048,31.4204],[-83.14001,31.41716],[-83.13876,31.41604],[-83.13776,31.41368],[-83.13763,31.41141],[-83.13792,31.40943],[-83.13898,31.40897],[-83.141,31.40673],[-83.14108,31.40498],[-83.14159,31.40417]]]}},{"type":"Feature","properties":{"name":"Bacon"},"geometry":{"type":"Polygon","coordinates":[[[-82.35683,31.43023],[-82.34484,31.43013],[-82.34499,31.44175],[-82.33049,31.44206],[-82.33002,31.45709],[-82.31511,31.45714],[-82.31502,31.46794],[-82.30062,31.46781],[-82.30042,31.49317],[-82.26966,31.49264],[-82.26958,31.5057],[-82.25583,31.50542],[-82.25595,31.51741],[-82.23883,31.51764],[-82.23925,31.53057],[-82.22659,31.5307],[-82.23024,31.53814],[-82.23199,31.54474],[-82.2366,31.55131],[-82.23964,31.55472],[-82.24426,31.55795],[-82.24748,31.55953],[-82.24885,31.55986],[-82.25106,31.55937],[-82.25302,31.55964],[-82.25733,31.56067],[-82.26028,31.56201],[-82.26342,31.56382],[-82.26623,31.56683],[-82.26973,31.57188],[-82.27231,31.57335],[-82.2835,31.57753],[-82.29622,31.58424],[-82.30416,31.58652],[-82.30924,31.58881],[-82.31244,31.59184],[-82.31574,31.59276],[-82.31808,31.59429],[-82.3261,31.60189],[-82.32745,31.60223],[-82.33488,31.60691],[-82.33926,31.61074],[-82.34398,31.61605],[-82.34808,31.61973],[-82.34853,31.62066],[-82.35204,31.62252],[-82.35475,31.62266],[-82.35699,31.62367],[-82.36704,31.63021],[-82.37062,31.63127],[-82.3751,31.6305],[-82.37749,31.63153],[-82.37863,31.63294],[-82.38028,31.63379],[-82.38622,31.63474],[-82.3882,31.63723],[-82.38963,31.63795],[-82.39762,31.63798],[-82.40222,31.63976],[-82.40537,31.639],[-82.40653,31.63948],[-82.40751,31.6392],[-82.40835,31.64],[-82.40843,31.641],[-82.40994,31.64198],[-82.41284,31.64221],[-82.41408,31.64306],[-82.41384,31.64479],[-82.41516,31.64487],[-82.41645,31.64564],[-82.4186,31.64817],[-82.42319,31.65136],[-82.42821,31.65594],[-82.43573,31.66066],[-82.43782,31.66135],[-82.43952,31.66081],[-82.43989,31.65981],[-82.44241,31.65884],[-82.44391,31.65938],[-82.44714,31.65933],[-82.44802,31.6603],[-82.45089,31.66138],[-82.45153,31.66229],[-82.45135,31.66521],[-82.45321,31.66805],[-82.45541,31.66845],[-82.46033,31.67037],[-82.46149,31.67148],[-82.46156,31.67278],[-82.46272,31.67401],[-82.463,31.67533],[-82.4642,31.67649],[-82.46625,31.67674],[-82.46717,31.6779],[-82.46983,31.67857],[-82.47103,31.67976],[-82.47272,31.68016],[-82.47384,31.68349],[-82.47664,31.6849],[-82.47701,31.68556],[-82.4776,31.68777],[-82.47675,31.68894],[-82.47774,31.69056],[-82.47861,31.69152],[-82.48045,31.69212],[-82.48245,31.69409],[-82.48229,31.69486],[-82.48282,31.69588],[-82.48678,31.69772],[-82.48783,31.69992],[-82.48795,31.70165],[-82.48956,31.70214],[-82.49289,31.7062],[-82.49351,31.70831],[-82.49572,31.7099],[-82.49587,31.71059],[-82.52142,31.7108],[-82.52139,31.67251],[-82.62734,31.67267],[-82.6275,31.61226],[-82.62827,31.55833],[-82.59628,31.5579],[-82.59751,31.46929],[-82.49472,31.46869],[-82.49365,31.44289],[-82.48144,31.44308],[-82.48146,31.41753],[-82.4377,31.41691],[-82.40179,31.41728],[-82.40151,31.43029],[-82.35683,31.43023]]]}},{"type":"Feature","properties":{"name":"Baker"},"geometry":{"type":"Polygon","coordinates":[[[-84.4683,31.16907],[-84.46085,31.16614],[-84.45811,31.16711],[-84.45347,31.17183],[-84.44869,31.18016],[-84.44727,31.18122],[-84.44202,31.18159],[-84.43956,31.18282],[-84.43287,31.18952],[-84.43126,31.19024],[-84.42942,31.19007],[-84.43082,31.19057],[-84.4292,31.19046],[-84.42883,31.18987],[-84.4298,31.1897],[-84.42803,31.18959],[-84.42599,31.19047],[-84.42467,31.19205],[-84.42037,31.19499],[-84.42005,31.19771],[-84.41882,31.19706],[-84.41678,31.19411],[-84.41827,31.18959],[-84.42006,31.18729],[-84.4199,31.18677],[-84.4188,31.1858],[-84.41807,31.18577],[-84.41584,31.18653],[-84.41278,31.18849],[-84.41212,31.1895],[-84.41241,31.19099],[-84.41198,31.19191],[-84.40794,31.1938],[-84.40562,31.19836],[-84.40435,31.19914],[-84.40393,31.20326],[-84.40575,31.20606],[-84.40721,31.20679],[-84.40912,31.2097],[-84.40825,31.21076],[-84.40643,31.21138],[-84.40565,31.21314],[-84.40598,31.21888],[-84.40057,31.22353],[-84.3964,31.22441],[-84.39411,31.2259],[-84.39359,31.22746],[-84.39429,31.22896],[-84.39396,31.22969],[-84.39188,31.23004],[-84.3862,31.23351],[-84.38228,31.23406],[-84.38087,31.23503],[-84.38008,31.23678],[-84.37529,31.23949],[-84.37197,31.23836],[-84.36678,31.2397],[-84.36582,31.24039],[-84.36478,31.243],[-84.36333,31.24943],[-84.36197,31.2518],[-84.35897,31.25421],[-84.35887,31.25553],[-84.35974,31.25898],[-84.35944,31.25974],[-84.35629,31.26285],[-84.35438,31.26612],[-84.34789,31.27008],[-84.34479,31.27439],[-84.34095,31.27776],[-84.34096,31.28514],[-84.34011,31.28613],[-84.33675,31.28816],[-84.3363,31.29046],[-84.33546,31.29176],[-84.3361,31.29634],[-84.33727,31.30027],[-84.33868,31.30214],[-84.34034,31.30341],[-84.34053,31.3042],[-84.34079,31.30368],[-84.34099,31.30464],[-84.33229,31.31139],[-84.32391,31.31393],[-84.32071,31.31144],[-84.31875,31.31124],[-84.31621,31.31173],[-84.31394,31.31322],[-84.31334,31.31436],[-84.31273,31.31911],[-84.31333,31.32193],[-84.31106,31.32397],[-84.30798,31.3245],[-84.30285,31.32379],[-84.29923,31.3257],[-84.29685,31.32607],[-84.2933,31.32597],[-84.29036,31.32509],[-84.28831,31.32614],[-84.2865,31.32977],[-84.28368,31.32737],[-84.28231,31.32815],[-84.28007,31.33049],[-84.27894,31.33035],[-84.27763,31.32911],[-84.27579,31.32969],[-84.26995,31.33299],[-84.26986,31.33422],[-84.27175,31.33721],[-84.26788,31.34154],[-84.2645,31.34091],[-84.26055,31.33934],[-84.25699,31.33936],[-84.25584,31.33767],[-84.25555,31.33637],[-84.25431,31.33554],[-84.25175,31.33711],[-84.24883,31.33764],[-84.24637,31.33884],[-84.24503,31.34033],[-84.24466,31.34208],[-84.24399,31.34262],[-84.24261,31.34144],[-84.24238,31.34063],[-84.2428,31.34004],[-84.24194,31.33881],[-84.23992,31.33842],[-84.23741,31.33995],[-84.23473,31.34024],[-84.23357,31.34097],[-84.23162,31.34525],[-84.22855,31.34749],[-84.22635,31.35148],[-84.22511,31.35603],[-84.21742,31.35677],[-84.21616,31.35734],[-84.21463,31.35619],[-84.21209,31.35574],[-84.21105,31.35658],[-84.2114,31.35769],[-84.2111,31.35864],[-84.21006,31.35942],[-84.2078,31.35817],[-84.20495,31.35841],[-84.20242,31.35703],[-84.20186,31.35608],[-84.20082,31.35549],[-84.19799,31.35752],[-84.19783,31.36528],[-84.19969,31.36961],[-84.19964,31.37123],[-84.2006,31.37518],[-84.20032,31.37742],[-84.19931,31.37973],[-84.1993,31.38497],[-84.19579,31.38904],[-84.19563,31.39147],[-84.19283,31.3936],[-84.18751,31.39612],[-84.18256,31.39918],[-84.18171,31.39869],[-84.1813,31.39759],[-84.1825,31.39293],[-84.18238,31.39151],[-84.18064,31.39065],[-84.17884,31.39167],[-84.17617,31.39578],[-84.17587,31.39801],[-84.17649,31.40111],[-84.17888,31.40491],[-84.17935,31.40647],[-84.17884,31.40875],[-84.17712,31.41065],[-84.17412,31.41194],[-84.16458,31.41412],[-84.15837,31.41704],[-84.1568,31.41637],[-84.15562,31.41451],[-84.15383,31.41357],[-84.15327,31.4137],[-84.15324,31.41439],[-84.15219,31.41511],[-84.1513,31.41662],[-84.14884,31.42386],[-84.1459,31.42811],[-84.14425,31.42902],[-84.14188,31.43184],[-84.14085,31.43377],[-84.14137,31.43428],[-84.14151,31.43752],[-84.14214,31.43862],[-84.14112,31.44018],[-84.21112,31.44043],[-84.21159,31.43586],[-84.33707,31.4364],[-84.37435,31.43598],[-84.42434,31.43673],[-84.44813,31.43662],[-84.44811,31.44152],[-84.43604,31.44156],[-84.43605,31.44628],[-84.44811,31.44626],[-84.44788,31.45474],[-84.45907,31.45476],[-84.45903,31.44823],[-84.4687,31.44817],[-84.46863,31.4388],[-84.48198,31.43886],[-84.48201,31.43544],[-84.49084,31.43544],[-84.49081,31.42788],[-84.50199,31.42798],[-84.50282,31.43036],[-84.51375,31.43098],[-84.5135,31.43961],[-84.5243,31.44003],[-84.52437,31.43148],[-84.53533,31.43169],[-84.53498,31.44038],[-84.54599,31.4408],[-84.54614,31.43193],[-84.63758,31.43393],[-84.63881,31.37852],[-84.63969,31.37845],[-84.63951,31.37043],[-84.63814,31.37023],[-84.638,31.3666],[-84.63825,31.34168],[-84.62768,31.34158],[-84.62758,31.33212],[-84.63808,31.33208],[-84.63842,31.32288],[-84.63968,31.32287],[-84.63994,31.31258],[-84.64166,31.3125],[-84.64167,31.25897],[-84.5371,31.25593],[-84.53797,31.22791],[-84.53769,31.22132],[-84.54015,31.17036],[-84.54085,31.1252],[-84.54265,31.07903],[-84.50808,31.0784],[-84.50822,31.07923],[-84.50738,31.07938],[-84.50798,31.0796],[-84.50553,31.08595],[-84.50399,31.08775],[-84.50338,31.08933],[-84.50477,31.09314],[-84.50428,31.09557],[-84.50441,31.09795],[-84.50685,31.10205],[-84.50631,31.109],[-84.50537,31.11042],[-84.50124,31.11274],[-84.50009,31.11797],[-84.50153,31.12056],[-84.50646,31.12302],[-84.50679,31.12359],[-84.505,31.12558],[-84.50089,31.12744],[-84.49859,31.12907],[-84.49629,31.13168],[-84.49079,31.13609],[-84.48859,31.13848],[-84.48594,31.13962],[-84.48325,31.13761],[-84.48081,31.13913],[-84.48046,31.14366],[-84.47869,31.14819],[-84.48109,31.15216],[-84.48278,31.15352],[-84.48331,31.15554],[-84.48254,31.1568],[-84.48111,31.15719],[-84.48072,31.15798],[-84.47603,31.15895],[-84.47338,31.16025],[-84.47029,31.16306],[-84.4685,31.16406],[-84.46898,31.16551],[-84.47047,31.16621],[-84.47125,31.1673],[-84.47028,31.1686],[-84.4683,31.16907]]]}},{"type":"Feature","properties":{"name":"Baldwin"},"geometry":{"type":"Polygon","coordinates":[[[-83.42906,33.18531],[-83.41774,33.12514],[-83.41295,33.10519],[-83.39807,33.05447],[-83.39397,33.04306],[-83.3848,33.01208],[-83.35768,32.92614],[-83.28774,32.95188],[-83.27607,32.94207],[-83.26318,32.95411],[-83.26867,32.9587],[-83.20616,32.9836],[-83.20502,32.98209],[-83.20303,32.98157],[-83.19969,32.98188],[-83.197,32.98284],[-83.19279,32.98119],[-83.19228,32.97897],[-83.1898,32.9758],[-83.18853,32.97495],[-83.18597,32.97421],[-83.18425,32.9743],[-83.18111,32.97261],[-83.17434,32.97102],[-83.16814,32.97049],[-83.16596,32.96923],[-83.16408,32.96904],[-83.16227,32.9696],[-83.17947,32.9874],[-83.15959,33.0028],[-83.15383,32.99745],[-83.1519,32.99652],[-83.15027,32.99706],[-83.14828,33.00015],[-83.1486,33.00227],[-83.15024,33.00564],[-83.15028,33.00683],[-83.14894,33.00804],[-83.1467,33.00876],[-83.14268,33.00852],[-83.13848,33.00723],[-83.13231,33.00688],[-83.13092,33.00485],[-83.131,33.00015],[-83.12991,32.99923],[-83.12727,32.99943],[-83.12416,33.00171],[-83.12281,33.00129],[-83.12242,33.00015],[-83.12587,32.99669],[-83.12546,32.99539],[-83.12354,32.99418],[-83.12338,32.9927],[-83.12487,32.99182],[-83.12737,32.9918],[-83.12853,32.99073],[-83.12792,32.98935],[-83.1218,32.98821],[-83.1209,32.98733],[-83.1216,32.9862],[-83.12412,32.98612],[-83.12487,32.98565],[-83.12567,32.98474],[-83.12515,32.98347],[-83.12375,32.98313],[-83.12157,32.98382],[-83.11957,32.98207],[-83.11676,32.98132],[-83.11514,32.97725],[-83.11524,32.97371],[-83.11356,32.97283],[-83.11036,32.97369],[-83.10929,32.97329],[-83.10874,32.97262],[-83.10897,32.97057],[-83.10842,32.96916],[-83.10744,32.96895],[-83.10429,32.97007],[-83.10164,32.96758],[-83.10091,32.96605],[-83.09782,32.96607],[-83.09686,32.96559],[-83.09577,32.96652],[-83.09552,32.96809],[-83.09436,32.96827],[-83.09389,32.96767],[-83.094,32.96593],[-83.09543,32.96317],[-83.09518,32.96201],[-83.09588,32.95989],[-83.09526,32.95948],[-83.09248,32.95976],[-83.09083,32.95854],[-83.09032,32.95787],[-83.09135,32.95615],[-83.09084,32.95564],[-83.08784,32.95577],[-83.08742,32.95433],[-83.08838,32.95255],[-83.08787,32.95102],[-83.08723,32.95072],[-83.08391,32.95186],[-83.08372,32.95249],[-83.0864,32.95486],[-83.08629,32.95556],[-83.0851,32.956],[-83.07962,32.95161],[-83.07619,32.95078],[-83.07582,32.95025],[-83.07606,32.94926],[-83.07894,32.94744],[-83.07867,32.94646],[-83.07738,32.94638],[-83.07523,32.94792],[-83.07365,32.94656],[-83.0707,32.9471],[-83.06981,32.95133],[-83.06911,32.95242],[-83.07008,32.95738],[-83.07183,32.96098],[-83.07188,32.9635],[-83.0714,32.96694],[-83.07038,32.96791],[-83.06823,32.97437],[-83.06713,32.97508],[-83.06215,32.97414],[-83.06027,32.97467],[-83.05778,32.97457],[-83.05716,32.97625],[-83.05485,32.97831],[-83.054,32.98036],[-83.05171,32.98093],[-83.05194,32.98229],[-83.05059,32.98342],[-83.04884,32.98638],[-83.04906,32.99095],[-83.0497,32.99301],[-83.05112,32.99453],[-83.05144,32.996],[-83.05168,32.99981],[-83.05108,33.00091],[-83.0517,33.0015],[-83.05133,33.00308],[-83.05161,33.00388],[-83.05547,33.00953],[-83.05749,33.01069],[-83.05851,33.01285],[-83.06103,33.01396],[-83.06298,33.01561],[-83.06546,33.02027],[-83.06706,33.02184],[-83.06789,33.02456],[-83.06771,33.02737],[-83.06702,33.02837],[-83.06481,33.02954],[-83.06407,33.03102],[-83.06196,33.03223],[-83.06096,33.0341],[-83.0581,33.03576],[-83.05601,33.03634],[-83.05522,33.03718],[-83.05558,33.04635],[-83.05436,33.04883],[-83.04872,33.05383],[-83.04706,33.05824],[-83.045,33.06014],[-83.04433,33.06401],[-83.0456,33.07024],[-83.04773,33.07292],[-83.04833,33.0754],[-83.05031,33.07875],[-83.0522,33.08068],[-83.05444,33.0797],[-83.05961,33.07593],[-83.06166,33.07342],[-83.07247,33.0645],[-83.07346,33.0641],[-83.07849,33.06451],[-83.08404,33.06374],[-83.09371,33.05423],[-83.10083,33.04985],[-83.10284,33.05137],[-83.10309,33.05279],[-83.10258,33.05383],[-83.10376,33.05549],[-83.10621,33.05706],[-83.10378,33.06014],[-83.10499,33.06159],[-83.10539,33.06342],[-83.10677,33.06418],[-83.10635,33.06484],[-83.10778,33.068],[-83.1095,33.0693],[-83.10871,33.07143],[-83.11177,33.0741],[-83.1118,33.07484],[-83.11391,33.07618],[-83.11428,33.07792],[-83.11501,33.07877],[-83.1159,33.0791],[-83.11689,33.07766],[-83.11747,33.0776],[-83.11709,33.07893],[-83.11828,33.08007],[-83.11802,33.08138],[-83.11894,33.08307],[-83.11872,33.08405],[-83.11691,33.0856],[-83.11883,33.08707],[-83.11637,33.0917],[-83.11482,33.09304],[-83.11531,33.09424],[-83.11404,33.09472],[-83.11405,33.09553],[-83.11285,33.09719],[-83.11342,33.09904],[-83.11294,33.09971],[-83.11296,33.10088],[-83.1134,33.10199],[-83.11435,33.10236],[-83.11456,33.10323],[-83.1142,33.10399],[-83.11225,33.10518],[-83.11274,33.10605],[-83.11409,33.1066],[-83.11305,33.10894],[-83.11312,33.11],[-83.11224,33.11112],[-83.1132,33.11163],[-83.11303,33.11316],[-83.11195,33.11435],[-83.11055,33.11364],[-83.10988,33.11393],[-83.10934,33.11502],[-83.10986,33.11579],[-83.10802,33.11895],[-83.10889,33.12367],[-83.10994,33.12482],[-83.10988,33.12594],[-83.11062,33.1273],[-83.10915,33.12983],[-83.10811,33.13062],[-83.1043,33.1311],[-83.10287,33.13037],[-83.10045,33.13248],[-83.09861,33.13313],[-83.09826,33.13571],[-83.09744,33.13684],[-83.09775,33.13744],[-83.09741,33.13854],[-83.09548,33.14094],[-83.09597,33.14376],[-83.09506,33.14431],[-83.09504,33.14525],[-83.09575,33.14582],[-83.09521,33.14698],[-83.09681,33.14794],[-83.09666,33.14896],[-83.09765,33.14976],[-83.0976,33.15151],[-83.11543,33.15673],[-83.19537,33.17634],[-83.23722,33.18348],[-83.26274,33.18913],[-83.26493,33.1888],[-83.2686,33.18719],[-83.27186,33.18705],[-83.27912,33.18754],[-83.28219,33.18929],[-83.2911,33.1904],[-83.29459,33.18937],[-83.29715,33.18769],[-83.2999,33.18539],[-83.30294,33.18135],[-83.30496,33.18047],[-83.31042,33.18118],[-83.31222,33.18194],[-83.31578,33.1811],[-83.31738,33.18318],[-83.3182,33.18353],[-83.31885,33.18312],[-83.31893,33.17999],[-83.31561,33.17702],[-83.31522,33.17585],[-83.31582,33.17327],[-83.31822,33.16956],[-83.31919,33.16919],[-83.32024,33.16952],[-83.32301,33.17369],[-83.32515,33.17472],[-83.32826,33.17513],[-83.32953,33.1744],[-83.32969,33.17335],[-83.32742,33.17157],[-83.32722,33.17068],[-83.32881,33.16842],[-83.33062,33.16749],[-83.33319,33.16931],[-83.3379,33.17118],[-83.33949,33.17236],[-83.34227,33.17225],[-83.34155,33.17066],[-83.3417,33.16971],[-83.34425,33.17033],[-83.345,33.17117],[-83.34624,33.17112],[-83.34707,33.17182],[-83.34716,33.17274],[-83.34837,33.17314],[-83.34865,33.17447],[-83.35057,33.1768],[-83.35441,33.17977],[-83.35777,33.17833],[-83.35929,33.17883],[-83.36013,33.17967],[-83.36241,33.18015],[-83.36359,33.1799],[-83.3636,33.17741],[-83.36216,33.17457],[-83.36288,33.17243],[-83.36177,33.17098],[-83.36294,33.1692],[-83.36354,33.169],[-83.36636,33.17029],[-83.36784,33.17241],[-83.36859,33.17279],[-83.37425,33.17197],[-83.37563,33.17387],[-83.375,33.17624],[-83.37529,33.17671],[-83.37837,33.17593],[-83.38073,33.17606],[-83.3832,33.1789],[-83.38752,33.18097],[-83.3871,33.18291],[-83.38789,33.18396],[-83.38808,33.18559],[-83.39031,33.18481],[-83.39147,33.18351],[-83.3935,33.18371],[-83.39591,33.18261],[-83.39828,33.1823],[-83.40089,33.18316],[-83.4023,33.18199],[-83.40379,33.18244],[-83.40498,33.18423],[-83.40644,33.18527],[-83.41002,33.18139],[-83.41133,33.18077],[-83.41112,33.17966],[-83.41168,33.17914],[-83.41303,33.17873],[-83.41397,33.17978],[-83.41571,33.17876],[-83.4173,33.17903],[-83.41743,33.17772],[-83.41807,33.17731],[-83.42055,33.17873],[-83.42332,33.18212],[-83.42485,33.18279],[-83.42723,33.18295],[-83.42906,33.18531]]]}},{"type":"Feature","properties":{"name":"Banks"},"geometry":{"type":"Polygon","coordinates":[[[-83.38254,34.41943],[-83.38256,34.42904],[-83.38692,34.43506],[-83.38848,34.44073],[-83.39032,34.44506],[-83.39795,34.45962],[-83.39671,34.46064],[-83.40065,34.46175],[-83.40425,34.4638],[-83.40912,34.46451],[-83.41157,34.46585],[-83.41343,34.46792],[-83.41621,34.46914],[-83.45843,34.48393],[-83.45977,34.48114],[-83.46993,34.48406],[-83.50374,34.48748],[-83.53754,34.49172],[-83.54478,34.48632],[-83.55244,34.48584],[-83.55553,34.48217],[-83.56072,34.47898],[-83.56804,34.47111],[-83.57642,34.46518],[-83.58307,34.45528],[-83.58537,34.45303],[-83.59829,34.44746],[-83.60511,34.44541],[-83.60711,34.44428],[-83.60868,34.44192],[-83.6089,34.43793],[-83.60963,34.43611],[-83.61509,34.43225],[-83.61544,34.43139],[-83.61719,34.43017],[-83.61919,34.42742],[-83.61985,34.42473],[-83.6229,34.41944],[-83.62549,34.4195],[-83.6361,34.41567],[-83.63802,34.41688],[-83.64259,34.4154],[-83.64333,34.41408],[-83.64485,34.41288],[-83.64424,34.41087],[-83.64543,34.40643],[-83.64709,34.40501],[-83.65307,34.40235],[-83.65556,34.39975],[-83.65855,34.39318],[-83.65832,34.39285],[-83.66021,34.39057],[-83.66049,34.38697],[-83.66013,34.37947],[-83.66269,34.37617],[-83.6632,34.37334],[-83.6654,34.37078],[-83.66577,34.36879],[-83.66915,34.36695],[-83.66942,34.36583],[-83.66846,34.36433],[-83.66661,34.3629],[-83.66534,34.35962],[-83.66359,34.3572],[-83.66083,34.35592],[-83.65879,34.35588],[-83.65704,34.35492],[-83.65601,34.35312],[-83.65131,34.34882],[-83.65113,34.34756],[-83.65167,34.34631],[-83.65144,34.34371],[-83.64991,34.3406],[-83.64794,34.33463],[-83.64962,34.32721],[-83.64913,34.32041],[-83.64183,34.31276],[-83.63338,34.30752],[-83.63224,34.30697],[-83.62522,34.30631],[-83.62409,34.30449],[-83.62503,34.30131],[-83.62006,34.296],[-83.61706,34.29197],[-83.61509,34.29064],[-83.60665,34.28672],[-83.60145,34.28332],[-83.5976,34.28176],[-83.59619,34.27986],[-83.59567,34.27639],[-83.5931,34.27266],[-83.58714,34.26967],[-83.58323,34.26598],[-83.57341,34.25875],[-83.56461,34.25591],[-83.56152,34.25271],[-83.53176,34.25644],[-83.5025,34.25646],[-83.49483,34.26124],[-83.48875,34.25637],[-83.48521,34.25765],[-83.47924,34.26071],[-83.44317,34.23109],[-83.42369,34.2167],[-83.42302,34.21569],[-83.42341,34.21365],[-83.42296,34.21257],[-83.41254,34.20635],[-83.4091,34.20245],[-83.4071,34.20186],[-83.40574,34.20004],[-83.40243,34.1975],[-83.40013,34.20053],[-83.39594,34.20149],[-83.39027,34.20422],[-83.38717,34.20474],[-83.3851,34.20447],[-83.3825,34.20567],[-83.37533,34.20547],[-83.37295,34.20605],[-83.37226,34.20771],[-83.37041,34.20908],[-83.36782,34.20916],[-83.36491,34.21144],[-83.36327,34.2163],[-83.35867,34.21782],[-83.35877,34.22275],[-83.35812,34.22333],[-83.35527,34.22374],[-83.35406,34.22792],[-83.35066,34.23479],[-83.34697,34.23811],[-83.34443,34.23826],[-83.34317,34.23909],[-83.34406,34.24564],[-83.34096,34.24896],[-83.34126,34.25201],[-83.33921,34.25597],[-83.33791,34.26087],[-83.33808,34.26196],[-83.33962,34.26431],[-83.36457,34.29121],[-83.36953,34.29742],[-83.39392,34.3248],[-83.38756,34.3707],[-83.38712,34.37948],[-83.3851,34.38839],[-83.38429,34.38953],[-83.38394,34.39123],[-83.38279,34.39273],[-83.38254,34.41943]]]}},{"type":"Feature","properties":{"name":"Barrow"},"geometry":{"type":"Polygon","coordinates":[[[-83.61297,33.92492],[-83.5369,33.96618],[-83.56328,34.03186],[-83.56516,34.03237],[-83.56725,34.03195],[-83.56871,34.03102],[-83.57081,34.03122],[-83.57371,34.0366],[-83.57356,34.03919],[-83.57573,34.03979],[-83.57951,34.03965],[-83.58416,34.04106],[-83.58444,34.04066],[-83.58362,34.0394],[-83.58416,34.03853],[-83.58467,34.03898],[-83.58648,34.03915],[-83.58753,34.03802],[-83.58909,34.03816],[-83.59058,34.03719],[-83.5942,34.03705],[-83.59526,34.03648],[-83.59737,34.03644],[-83.59872,34.03738],[-83.59955,34.03658],[-83.59964,34.03577],[-83.60054,34.0353],[-83.60092,34.03596],[-83.60291,34.03655],[-83.60317,34.03772],[-83.60422,34.03795],[-83.60506,34.03881],[-83.60584,34.03856],[-83.60715,34.03911],[-83.60746,34.03848],[-83.60851,34.03822],[-83.61015,34.03851],[-83.61031,34.03906],[-83.60939,34.03938],[-83.61053,34.03975],[-83.61156,34.04096],[-83.61175,34.04197],[-83.61104,34.04245],[-83.61155,34.04434],[-83.61471,34.04471],[-83.61557,34.0457],[-83.61532,34.04623],[-83.61472,34.04615],[-83.61446,34.04704],[-83.61614,34.04708],[-83.61687,34.04754],[-83.61798,34.04654],[-83.61877,34.04713],[-83.62068,34.04631],[-83.62174,34.04684],[-83.62319,34.04658],[-83.62321,34.04578],[-83.62511,34.04514],[-83.62676,34.04535],[-83.62727,34.04599],[-83.63021,34.04459],[-83.63081,34.04615],[-83.63341,34.04582],[-83.6351,34.04627],[-83.636,34.04591],[-83.63756,34.04786],[-83.64257,34.04878],[-83.64397,34.04953],[-83.64366,34.0508],[-83.64499,34.05088],[-83.64664,34.04998],[-83.64699,34.04688],[-83.64796,34.0459],[-83.65219,34.04649],[-83.65484,34.04733],[-83.6557,34.0482],[-83.65648,34.05004],[-83.65654,34.05279],[-83.65727,34.05338],[-83.66013,34.05237],[-83.66309,34.05238],[-83.66401,34.05157],[-83.66381,34.04991],[-83.66312,34.0489],[-83.66761,34.04798],[-83.66931,34.04841],[-83.67003,34.04999],[-83.67168,34.05065],[-83.67245,34.05264],[-83.67345,34.05304],[-83.67423,34.0525],[-83.67472,34.0533],[-83.67591,34.05376],[-83.67693,34.05249],[-83.67872,34.05247],[-83.6796,34.05156],[-83.67866,34.04968],[-83.67946,34.04741],[-83.68166,34.04754],[-83.6851,34.04692],[-83.6863,34.04778],[-83.6867,34.04886],[-83.68587,34.05053],[-83.68551,34.05344],[-83.68807,34.05367],[-83.68974,34.05285],[-83.69058,34.0518],[-83.69215,34.05169],[-83.69408,34.0531],[-83.69369,34.05473],[-83.6942,34.05589],[-83.69556,34.05628],[-83.69652,34.05373],[-83.69793,34.05267],[-83.69894,34.05296],[-83.69964,34.05412],[-83.70087,34.05432],[-83.70202,34.05291],[-83.7026,34.05043],[-83.70247,34.04871],[-83.70394,34.04739],[-83.7043,34.04636],[-83.70785,34.04613],[-83.70938,34.04516],[-83.71164,34.04613],[-83.71308,34.04914],[-83.71436,34.04989],[-83.71397,34.05139],[-83.71287,34.05233],[-83.71229,34.05402],[-83.71313,34.0562],[-83.71576,34.05595],[-83.71756,34.05461],[-83.71784,34.05385],[-83.71876,34.05355],[-83.7208,34.0554],[-83.72038,34.05657],[-83.72093,34.057],[-83.72096,34.05801],[-83.72029,34.05881],[-83.72035,34.05957],[-83.72133,34.0604],[-83.72159,34.06263],[-83.72305,34.06343],[-83.72419,34.06321],[-83.72793,34.0607],[-83.73032,34.06015],[-83.73234,34.06028],[-83.73434,34.06364],[-83.73331,34.06666],[-83.7336,34.0673],[-83.73772,34.06639],[-83.73891,34.06697],[-83.74033,34.06938],[-83.7416,34.06953],[-83.7428,34.06919],[-83.74339,34.06834],[-83.74321,34.06712],[-83.7421,34.06591],[-83.74249,34.06517],[-83.74529,34.06529],[-83.75178,34.06418],[-83.75582,34.06517],[-83.75791,34.06632],[-83.76084,34.06668],[-83.76283,34.06616],[-83.76331,34.06487],[-83.76452,34.06493],[-83.76784,34.06681],[-83.7691,34.0694],[-83.76988,34.07323],[-83.77344,34.07383],[-83.77798,34.07982],[-83.78625,34.08397],[-83.79103,34.08719],[-83.7914,34.08881],[-83.78994,34.09373],[-83.79227,34.10035],[-83.79454,34.1016],[-83.79986,34.10285],[-83.80576,34.10769],[-83.80585,34.10982],[-83.80778,34.1094],[-83.80958,34.11058],[-83.81077,34.11239],[-83.81507,34.11358],[-83.81502,34.11436],[-83.81111,34.11552],[-83.81083,34.11615],[-83.81307,34.11745],[-83.81307,34.11845],[-83.81213,34.12004],[-83.81232,34.12079],[-83.81339,34.12134],[-83.81555,34.12145],[-83.81653,34.12253],[-83.81656,34.12402],[-83.81575,34.12633],[-83.8163,34.12716],[-83.81768,34.12749],[-83.86581,34.01072],[-83.86912,34.00432],[-83.8666,34.00408],[-83.86352,34.00131],[-83.86068,33.9971],[-83.85714,33.99492],[-83.8558,33.9932],[-83.85281,33.99183],[-83.85034,33.99139],[-83.84873,33.98994],[-83.84354,33.98764],[-83.84227,33.98594],[-83.83827,33.98361],[-83.83722,33.98206],[-83.83672,33.97926],[-83.83477,33.97606],[-83.83521,33.97519],[-83.83424,33.97368],[-83.83435,33.97253],[-83.83195,33.96629],[-83.82577,33.96515],[-83.82442,33.9644],[-83.82262,33.96234],[-83.82049,33.961],[-83.81868,33.95842],[-83.81369,33.95449],[-83.81287,33.95237],[-83.8132,33.9515],[-83.81283,33.95048],[-83.81338,33.94913],[-83.81109,33.94677],[-83.80875,33.94645],[-83.80734,33.94363],[-83.80493,33.94223],[-83.80445,33.94071],[-83.8059,33.93737],[-83.80405,33.9358],[-83.80329,33.93322],[-83.80228,33.93182],[-83.80019,33.93146],[-83.79885,33.92929],[-83.79877,33.92767],[-83.78672,33.91943],[-83.78489,33.91711],[-83.78206,33.91588],[-83.77981,33.91549],[-83.77834,33.91218],[-83.77713,33.91188],[-83.77658,33.91084],[-83.77536,33.91243],[-83.77404,33.91266],[-83.773,33.91204],[-83.77123,33.90911],[-83.77002,33.90822],[-83.76878,33.90798],[-83.76758,33.90864],[-83.76581,33.90736],[-83.76469,33.90735],[-83.76405,33.90556],[-83.76397,33.90327],[-83.763,33.90173],[-83.76341,33.89992],[-83.76309,33.89951],[-83.76417,33.89918],[-83.76456,33.89845],[-83.76385,33.8979],[-83.7642,33.89742],[-83.76384,33.89668],[-83.76281,33.89652],[-83.76226,33.8959],[-83.76248,33.8956],[-83.76087,33.89457],[-83.76029,33.89585],[-83.75688,33.89761],[-83.75376,33.89817],[-83.75303,33.89731],[-83.75196,33.89741],[-83.75039,33.89658],[-83.74847,33.89695],[-83.74563,33.8989],[-83.74617,33.9009],[-83.74499,33.90179],[-83.74365,33.90154],[-83.74428,33.90554],[-83.74387,33.90579],[-83.74092,33.90288],[-83.74078,33.9007],[-83.73913,33.89957],[-83.73832,33.89944],[-83.73771,33.90018],[-83.73299,33.89896],[-83.73243,33.8992],[-83.73225,33.89999],[-83.72926,33.90067],[-83.72796,33.89868],[-83.72708,33.89819],[-83.7267,33.89878],[-83.72582,33.89865],[-83.72467,33.90006],[-83.72458,33.90099],[-83.72319,33.90016],[-83.7218,33.90013],[-83.7184,33.90175],[-83.7174,33.9017],[-83.7117,33.90457],[-83.70959,33.90509],[-83.70181,33.90557],[-83.6961,33.9115],[-83.68689,33.91115],[-83.68339,33.91279],[-83.67626,33.91763],[-83.67557,33.91714],[-83.673,33.91684],[-83.66955,33.91695],[-83.66777,33.91596],[-83.66533,33.91583],[-83.66494,33.91529],[-83.66533,33.91393],[-83.66468,33.91236],[-83.66336,33.91185],[-83.66031,33.91222],[-83.65741,33.90833],[-83.65668,33.90831],[-83.65575,33.90921],[-83.65466,33.90839],[-83.65186,33.90779],[-83.64889,33.90795],[-83.64703,33.9062],[-83.61297,33.92492]]]}},{"type":"Feature","properties":{"name":"Bartow"},"geometry":{"type":"Polygon","coordinates":[[[-84.88034,34.08257],[-84.73783,34.08233],[-84.73784,34.07935],[-84.65924,34.07824],[-84.65798,34.13283],[-84.65772,34.20268],[-84.65375,34.22721],[-84.65323,34.25008],[-84.654,34.34693],[-84.64468,34.34683],[-84.64429,34.35517],[-84.65404,34.35518],[-84.65323,34.41259],[-84.73388,34.41297],[-84.73412,34.39649],[-84.83706,34.39772],[-84.85887,34.39668],[-84.89628,34.3963],[-84.89619,34.3986],[-84.94722,34.39889],[-84.94734,34.39154],[-84.95573,34.39182],[-84.9539,34.38419],[-84.98879,34.38458],[-84.99088,34.39247],[-85.00578,34.39251],[-85.00524,34.34708],[-85.0231,34.34711],[-85.02303,34.31802],[-85.02389,34.25829],[-85.01553,34.25821],[-85.01561,34.25113],[-85.02395,34.2512],[-85.02381,34.21339],[-85.04466,34.21362],[-85.04705,34.08288],[-84.93909,34.08255],[-84.93904,34.0784],[-84.93004,34.0782],[-84.92994,34.0826],[-84.91433,34.08261],[-84.91444,34.0753],[-84.91004,34.0753],[-84.90994,34.0786],[-84.89694,34.0787],[-84.89684,34.0825],[-84.88034,34.08257]]]}},{"type":"Feature","properties":{"name":"Ben Hill"},"geometry":{"type":"Polygon","coordinates":[[[-83.4844,31.83663],[-83.48437,31.83483],[-83.48219,31.83427],[-83.48032,31.83281],[-83.47898,31.83244],[-83.4766,31.82952],[-83.47761,31.82692],[-83.47742,31.82543],[-83.47846,31.82452],[-83.47857,31.82358],[-83.47765,31.82016],[-83.47395,31.81712],[-83.47469,31.81315],[-83.47381,31.80912],[-83.4729,31.80812],[-83.47266,31.80702],[-83.46952,31.80535],[-83.46835,31.80337],[-83.46661,31.80273],[-83.4657,31.80076],[-83.46594,31.79987],[-83.46513,31.79713],[-83.46108,31.79491],[-83.45967,31.79462],[-83.45887,31.79361],[-83.45901,31.79103],[-83.45741,31.78795],[-83.45805,31.78749],[-83.45814,31.78576],[-83.45917,31.78557],[-83.45937,31.78422],[-83.4602,31.78308],[-83.45922,31.78105],[-83.45935,31.77995],[-83.45625,31.77929],[-83.45513,31.77829],[-83.45528,31.77611],[-83.45435,31.77091],[-83.455,31.76828],[-83.45348,31.76419],[-83.45254,31.76303],[-83.4527,31.7614],[-83.45229,31.76029],[-83.45266,31.75891],[-83.45363,31.75786],[-83.37027,31.75706],[-83.36977,31.76095],[-83.36964,31.76965],[-83.33966,31.76955],[-83.33987,31.7566],[-83.3253,31.75658],[-83.32462,31.73982],[-83.32562,31.6806],[-83.27874,31.67966],[-83.26564,31.67986],[-83.26636,31.6542],[-83.24398,31.65326],[-83.17722,31.65169],[-83.17651,31.67851],[-83.14654,31.67779],[-83.1248,31.67665],[-83.01382,31.67376],[-82.9997,31.67285],[-82.99836,31.67316],[-82.9972,31.71168],[-82.99689,31.72944],[-82.9973,31.73271],[-82.9957,31.78098],[-82.99693,31.78158],[-82.99931,31.78142],[-82.99987,31.78094],[-83.00044,31.77817],[-83.00111,31.77709],[-83.0024,31.77584],[-83.00579,31.77463],[-83.00725,31.77529],[-83.00888,31.77711],[-83.01416,31.77918],[-83.02091,31.77933],[-83.02649,31.77815],[-83.02797,31.77829],[-83.03049,31.78065],[-83.0308,31.78359],[-83.03439,31.78529],[-83.03541,31.78633],[-83.03642,31.78658],[-83.03907,31.78604],[-83.03983,31.78636],[-83.03999,31.78718],[-83.03808,31.78926],[-83.03801,31.78975],[-83.03905,31.79057],[-83.04589,31.79148],[-83.04649,31.79117],[-83.04617,31.78953],[-83.04649,31.78912],[-83.05059,31.79003],[-83.05282,31.78922],[-83.05367,31.78946],[-83.05504,31.79193],[-83.05571,31.79233],[-83.05912,31.79128],[-83.05973,31.79371],[-83.06064,31.79422],[-83.06459,31.79459],[-83.06577,31.79682],[-83.0696,31.79621],[-83.07106,31.79822],[-83.07223,31.80158],[-83.07588,31.80148],[-83.07805,31.80279],[-83.07928,31.80209],[-83.07927,31.80076],[-83.08114,31.80097],[-83.0841,31.80293],[-83.08457,31.80552],[-83.08575,31.80741],[-83.08468,31.81048],[-83.08574,31.81234],[-83.08668,31.81274],[-83.08905,31.8122],[-83.08882,31.80903],[-83.09002,31.80762],[-83.09087,31.80773],[-83.09159,31.80893],[-83.09415,31.80792],[-83.09927,31.80829],[-83.10137,31.81206],[-83.10286,31.81372],[-83.10724,31.81452],[-83.10736,31.81517],[-83.10556,31.81754],[-83.10589,31.81908],[-83.10633,31.81918],[-83.10972,31.818],[-83.1115,31.81624],[-83.11251,31.81286],[-83.11222,31.81239],[-83.11121,31.81212],[-83.10918,31.81328],[-83.10769,31.8123],[-83.10804,31.81085],[-83.11061,31.80946],[-83.11255,31.8094],[-83.1142,31.81145],[-83.11672,31.81186],[-83.12189,31.81159],[-83.12834,31.81004],[-83.12956,31.81012],[-83.13524,31.81327],[-83.13866,31.81445],[-83.13943,31.81502],[-83.14084,31.81777],[-83.14028,31.81838],[-83.13902,31.81803],[-83.13713,31.81596],[-83.13257,31.81522],[-83.13231,31.81563],[-83.13374,31.8177],[-83.13262,31.82055],[-83.13461,31.82411],[-83.13621,31.82514],[-83.13814,31.82533],[-83.14391,31.82489],[-83.14574,31.82432],[-83.14908,31.82459],[-83.15027,31.82427],[-83.15197,31.82488],[-83.15355,31.82659],[-83.15196,31.82738],[-83.15079,31.82861],[-83.15115,31.8305],[-83.15231,31.83166],[-83.15723,31.83259],[-83.16047,31.83456],[-83.16031,31.83665],[-83.16167,31.8379],[-83.16667,31.8389],[-83.16942,31.83994],[-83.17747,31.84786],[-83.17932,31.84869],[-83.17993,31.85035],[-83.18165,31.85086],[-83.18277,31.85196],[-83.18432,31.85164],[-83.18638,31.84994],[-83.19069,31.8492],[-83.19554,31.84882],[-83.19947,31.84953],[-83.20317,31.8489],[-83.20576,31.8493],[-83.20698,31.84866],[-83.20734,31.84787],[-83.20693,31.84651],[-83.20964,31.84465],[-83.36772,31.84667],[-83.37486,31.84609],[-83.48018,31.84731],[-83.47981,31.84465],[-83.48101,31.84264],[-83.48151,31.84023],[-83.48312,31.83874],[-83.4844,31.83663]]]}},{"type":"Feature","properties":{"name":"Berrien"},"geometry":{"type":"Polygon","coordinates":[[[-83.43901,31.31944],[-83.43869,31.31614],[-83.43418,31.31268],[-83.43378,31.31188],[-83.43533,31.30883],[-83.43456,31.30592],[-83.4353,31.30327],[-83.43506,31.30258],[-83.43327,31.3013],[-83.43338,31.29933],[-83.43093,31.29656],[-83.43055,31.29475],[-83.42967,31.29356],[-83.42879,31.29328],[-83.42602,31.29454],[-83.42231,31.29511],[-83.42039,31.29433],[-83.41978,31.29275],[-83.41647,31.29188],[-83.41444,31.28994],[-83.41285,31.28714],[-83.41109,31.28655],[-83.40941,31.2868],[-83.40925,31.28508],[-83.40655,31.2824],[-83.40559,31.27901],[-83.40399,31.27768],[-83.40269,31.2747],[-83.40173,31.27397],[-83.39957,31.27383],[-83.39909,31.27282],[-83.39733,31.27138],[-83.39701,31.27042],[-83.39565,31.27003],[-83.39387,31.26859],[-83.39283,31.26703],[-83.3888,31.26442],[-83.38808,31.26302],[-83.38792,31.26045],[-83.38659,31.25885],[-83.38467,31.25853],[-83.3832,31.25731],[-83.38174,31.25697],[-83.38118,31.25564],[-83.37902,31.25598],[-83.37724,31.25456],[-83.37676,31.2536],[-83.37306,31.25179],[-83.36994,31.25186],[-83.36616,31.24906],[-83.36106,31.24956],[-83.35956,31.25052],[-83.35839,31.25061],[-83.35744,31.24984],[-83.35581,31.24976],[-83.35397,31.25064],[-83.35093,31.25095],[-83.34704,31.25212],[-83.3441,31.2507],[-83.34213,31.24831],[-83.33686,31.24536],[-83.33443,31.24206],[-83.3332,31.23926],[-83.33315,31.23578],[-83.33549,31.23173],[-83.3356,31.22992],[-83.33741,31.22671],[-83.33743,31.22536],[-83.33693,31.2227],[-83.33479,31.22101],[-83.33399,31.21943],[-83.33378,31.21691],[-83.33218,31.21593],[-83.3321,31.21467],[-83.33311,31.21183],[-83.33306,31.20949],[-83.33378,31.20873],[-83.33394,31.2066],[-83.33348,31.20612],[-83.33298,31.20195],[-83.33322,31.20046],[-83.33425,31.19948],[-83.33463,31.19733],[-83.33399,31.19568],[-83.33436,31.19176],[-83.33236,31.19011],[-83.33207,31.18881],[-83.33028,31.18734],[-83.32825,31.18321],[-83.32687,31.18221],[-83.32647,31.18056],[-83.32389,31.17969],[-83.32205,31.17692],[-83.32101,31.1769],[-83.31824,31.17408],[-83.31776,31.17278],[-83.31637,31.17216],[-83.31485,31.17067],[-83.31254,31.16977],[-83.30769,31.16907],[-83.30561,31.16723],[-83.30561,31.16444],[-83.30657,31.16018],[-83.30572,31.15961],[-83.30452,31.15635],[-83.30487,31.1506],[-83.30444,31.14939],[-83.30481,31.14795],[-83.30726,31.14531],[-83.3087,31.14494],[-83.30859,31.14387],[-83.30961,31.14316],[-83.30953,31.14027],[-83.31216,31.13496],[-83.3123,31.13322],[-83.31395,31.13141],[-83.31387,31.13031],[-83.31435,31.12969],[-83.31408,31.12868],[-83.31491,31.12765],[-83.31634,31.12719],[-83.31765,31.12479],[-83.32,31.12419],[-83.3208,31.12288],[-83.32181,31.11885],[-83.32247,31.11826],[-83.32236,31.11677],[-83.32151,31.11711],[-83.32098,31.11679],[-83.32154,31.11608],[-83.32183,31.1129],[-83.32263,31.11166],[-83.32276,31.10902],[-83.32247,31.10763],[-83.32058,31.10664],[-83.3209,31.10433],[-83.32045,31.10399],[-83.32124,31.1036],[-83.32156,31.10234],[-83.32114,31.10199],[-83.32148,31.10094],[-83.32063,31.09972],[-83.32047,31.09796],[-83.3217,31.09817],[-83.32193,31.09766],[-83.3209,31.09672],[-83.31909,31.09721],[-83.31736,31.09624],[-83.31728,31.09524],[-83.31613,31.09467],[-83.31603,31.09393],[-83.31493,31.09366],[-83.31363,31.09121],[-83.31193,31.09024],[-83.31001,31.09061],[-83.30937,31.09031],[-83.30852,31.0907],[-83.30823,31.09141],[-83.30679,31.0913],[-83.30698,31.09256],[-83.30642,31.09267],[-83.30416,31.0918],[-83.30423,31.0913],[-83.30328,31.09093],[-83.30258,31.08944],[-83.30147,31.08942],[-83.30269,31.08798],[-83.30061,31.08795],[-83.30139,31.08683],[-83.30117,31.08596],[-83.30197,31.08587],[-83.30221,31.08358],[-83.30029,31.08305],[-83.29971,31.08356],[-83.29905,31.08291],[-83.29795,31.08298],[-83.29737,31.08076],[-83.29625,31.08037],[-83.29585,31.07971],[-83.29447,31.07966],[-83.29524,31.07886],[-83.29556,31.07753],[-83.29455,31.07641],[-83.29479,31.07432],[-83.29563,31.07388],[-83.29588,31.07261],[-83.29654,31.07252],[-83.29662,31.07192],[-83.29556,31.07162],[-83.29607,31.07025],[-83.29418,31.07048],[-83.29247,31.06979],[-83.29258,31.06876],[-83.29157,31.06791],[-83.29026,31.06942],[-83.28936,31.06949],[-83.28843,31.06878],[-83.28728,31.06928],[-83.2875,31.06839],[-83.28633,31.06802],[-83.28657,31.06706],[-83.28582,31.06704],[-83.28526,31.06615],[-83.28449,31.06619],[-83.28449,31.06551],[-83.28188,31.06562],[-83.28077,31.06486],[-83.28084,31.06399],[-83.27997,31.06408],[-83.27973,31.06365],[-83.28021,31.06223],[-83.27978,31.0617],[-83.2809,31.06108],[-83.27981,31.05994],[-83.28109,31.05959],[-83.28109,31.05863],[-83.28197,31.05776],[-83.28173,31.05609],[-83.28287,31.05584],[-83.28244,31.05451],[-83.28415,31.05334],[-83.28511,31.05171],[-83.28519,31.05117],[-83.28447,31.05034],[-83.28535,31.04926],[-83.28575,31.04516],[-83.28508,31.044],[-83.28399,31.04361],[-83.28447,31.04189],[-83.28362,31.04106],[-83.28362,31.04044],[-83.28495,31.03946],[-83.2858,31.03955],[-83.28671,31.039],[-83.28687,31.03795],[-83.28777,31.03925],[-83.28844,31.03726],[-83.2891,31.0382],[-83.28931,31.0366],[-83.2903,31.03648],[-83.29163,31.03422],[-83.29221,31.03408],[-83.29259,31.03319],[-83.29174,31.03197],[-83.29219,31.03106],[-83.29445,31.03053],[-83.29453,31.02986],[-83.2958,31.0287],[-83.29546,31.02805],[-83.2949,31.02874],[-83.29429,31.0287],[-83.29505,31.02728],[-83.28048,31.02658],[-83.25456,31.02662],[-83.19797,31.0254],[-83.19788,31.06221],[-83.16721,31.06237],[-83.16502,31.12519],[-83.16507,31.1472],[-83.03825,31.1467],[-83.03917,31.15018],[-83.0365,31.15071],[-83.03687,31.15172],[-83.03874,31.15228],[-83.03883,31.15373],[-83.04028,31.1551],[-83.03942,31.15714],[-83.03953,31.15931],[-83.03887,31.1603],[-83.04102,31.16326],[-83.04219,31.1641],[-83.04037,31.16637],[-83.04002,31.16789],[-83.04073,31.16995],[-83.04135,31.17027],[-83.04295,31.16934],[-83.04491,31.17049],[-83.04388,31.17164],[-83.04343,31.17382],[-83.04382,31.17461],[-83.04524,31.17546],[-83.04686,31.17496],[-83.04931,31.17622],[-83.04858,31.17748],[-83.0492,31.17808],[-83.04898,31.17896],[-83.04956,31.18063],[-83.04768,31.18067],[-83.04745,31.18121],[-83.04895,31.18195],[-83.05009,31.18357],[-83.04931,31.18407],[-83.04859,31.18267],[-83.04689,31.18293],[-83.04689,31.18368],[-83.04774,31.18413],[-83.0484,31.18575],[-83.04665,31.18515],[-83.04565,31.18596],[-83.04562,31.18661],[-83.04691,31.18777],[-83.04581,31.19034],[-83.04655,31.19064],[-83.04779,31.19032],[-83.04695,31.19119],[-83.04812,31.19268],[-83.04766,31.19335],[-83.04524,31.19432],[-83.04575,31.1948],[-83.04753,31.19499],[-83.04599,31.19547],[-83.04574,31.19833],[-83.04651,31.19929],[-83.04566,31.19959],[-83.04542,31.20032],[-83.04816,31.20063],[-83.04861,31.20204],[-83.04983,31.20217],[-83.04972,31.20268],[-83.04887,31.20289],[-83.04857,31.20389],[-83.04943,31.20398],[-83.0505,31.20327],[-83.05111,31.20368],[-83.05126,31.20472],[-83.05075,31.20449],[-83.0511,31.20517],[-83.05013,31.20531],[-83.05058,31.20594],[-83.05158,31.20545],[-83.05076,31.20686],[-83.05188,31.20785],[-83.05102,31.20823],[-83.04982,31.20739],[-83.04919,31.20762],[-83.04976,31.20971],[-83.05099,31.20991],[-83.05012,31.21094],[-83.05102,31.21257],[-83.04915,31.21188],[-83.04869,31.21252],[-83.04981,31.21365],[-83.04826,31.21336],[-83.04708,31.21378],[-83.04659,31.21526],[-83.04824,31.21546],[-83.0483,31.21626],[-83.04618,31.21688],[-83.04628,31.21775],[-83.04721,31.21795],[-83.04571,31.21856],[-83.04522,31.22061],[-83.04776,31.22272],[-83.05045,31.22266],[-83.04909,31.22384],[-83.04895,31.22542],[-83.04953,31.22631],[-83.05082,31.22624],[-83.05219,31.22547],[-83.05155,31.2272],[-83.05034,31.22675],[-83.04939,31.22719],[-83.04922,31.22818],[-83.0508,31.229],[-83.05087,31.22963],[-83.04912,31.231],[-83.05072,31.23209],[-83.0489,31.23257],[-83.04934,31.23378],[-83.04841,31.23319],[-83.04735,31.23336],[-83.04789,31.23473],[-83.04718,31.23512],[-83.04616,31.23407],[-83.04507,31.23377],[-83.04393,31.23503],[-83.04471,31.23577],[-83.04586,31.23569],[-83.04611,31.23817],[-83.0478,31.24087],[-83.04602,31.24236],[-83.04663,31.24397],[-83.046,31.2454],[-83.04476,31.24603],[-83.04411,31.2474],[-83.04217,31.24783],[-83.0417,31.24839],[-83.04171,31.24903],[-83.0428,31.24889],[-83.04331,31.24941],[-83.04308,31.25057],[-83.042,31.2504],[-83.04078,31.25243],[-83.04105,31.25304],[-83.04205,31.25323],[-83.04045,31.25471],[-83.03934,31.25407],[-83.03839,31.25514],[-83.03912,31.25565],[-83.03882,31.25708],[-83.03959,31.25787],[-83.0392,31.26006],[-83.04039,31.26081],[-83.04058,31.26224],[-83.04167,31.26249],[-83.04141,31.26368],[-83.04183,31.26466],[-83.04128,31.26552],[-83.03898,31.26664],[-83.03781,31.26643],[-83.03714,31.26804],[-83.03625,31.26826],[-83.03668,31.26935],[-83.03571,31.27043],[-83.03702,31.27119],[-83.03479,31.27146],[-83.0354,31.27205],[-83.03444,31.27279],[-83.03531,31.27464],[-83.03383,31.27441],[-83.03347,31.27504],[-83.03435,31.27575],[-83.03416,31.27652],[-83.03524,31.27692],[-83.03502,31.27777],[-83.03616,31.27897],[-83.03721,31.27825],[-83.03793,31.27831],[-83.03774,31.27907],[-83.03651,31.27994],[-83.03694,31.28052],[-83.03792,31.2807],[-83.03782,31.28011],[-83.03913,31.2803],[-83.03982,31.27883],[-83.04099,31.27986],[-83.04046,31.28055],[-83.04088,31.28118],[-83.04699,31.28297],[-83.0466,31.284],[-83.04744,31.28597],[-83.04529,31.28699],[-83.04475,31.28802],[-83.04547,31.28853],[-83.04683,31.28764],[-83.04603,31.28894],[-83.04796,31.29014],[-83.04562,31.29161],[-83.04507,31.29285],[-83.04616,31.29192],[-83.04744,31.2922],[-83.04823,31.29489],[-83.05043,31.29544],[-83.05155,31.29633],[-83.05179,31.29813],[-83.05119,31.29917],[-83.05117,31.30042],[-83.0518,31.30156],[-83.05309,31.30138],[-83.05368,31.30349],[-83.05523,31.30397],[-83.05557,31.30361],[-83.05514,31.30265],[-83.0557,31.30228],[-83.05655,31.30384],[-83.05901,31.30423],[-83.05928,31.3063],[-83.05805,31.30663],[-83.05837,31.30791],[-83.0578,31.3091],[-83.05909,31.30898],[-83.05858,31.30968],[-83.05873,31.31188],[-83.05826,31.31261],[-83.0589,31.31358],[-83.05754,31.31464],[-83.05828,31.31512],[-83.05965,31.31496],[-83.06097,31.31688],[-83.06027,31.31792],[-83.06081,31.31732],[-83.06114,31.31752],[-83.0609,31.31824],[-83.05919,31.31931],[-83.05945,31.32053],[-83.06027,31.32103],[-83.05974,31.3219],[-83.0586,31.32197],[-83.05859,31.32277],[-83.05915,31.32324],[-83.05809,31.32462],[-83.05848,31.32546],[-83.06086,31.32486],[-83.06132,31.3255],[-83.06099,31.32649],[-83.06017,31.32605],[-83.05949,31.32684],[-83.06017,31.32825],[-83.05949,31.32892],[-83.05957,31.32986],[-83.06085,31.33023],[-83.062,31.33181],[-83.06293,31.3313],[-83.06389,31.33432],[-83.06475,31.33357],[-83.06512,31.33468],[-83.06573,31.33498],[-83.06656,31.33395],[-83.06704,31.33405],[-83.06725,31.3351],[-83.06654,31.33705],[-83.06779,31.33695],[-83.06896,31.33793],[-83.0688,31.33906],[-83.06955,31.33991],[-83.06894,31.34078],[-83.0705,31.34115],[-83.07112,31.34227],[-83.07239,31.34161],[-83.07392,31.34362],[-83.07421,31.34575],[-83.0756,31.34727],[-83.07624,31.34718],[-83.07584,31.34578],[-83.07624,31.34541],[-83.07653,31.34617],[-83.07776,31.34606],[-83.0797,31.34705],[-83.07991,31.34861],[-83.08195,31.34979],[-83.08224,31.34932],[-83.0843,31.3487],[-83.08363,31.34755],[-83.08496,31.3463],[-83.08701,31.34615],[-83.08829,31.34696],[-83.08925,31.34884],[-83.08803,31.35034],[-83.08805,31.35112],[-83.09195,31.35165],[-83.09394,31.35102],[-83.09717,31.35203],[-83.09774,31.3527],[-83.09714,31.35392],[-83.09886,31.35344],[-83.09901,31.35388],[-83.09971,31.35395],[-83.1004,31.35479],[-83.10024,31.35556],[-83.10081,31.35565],[-83.10093,31.35727],[-83.10155,31.35781],[-83.10198,31.35737],[-83.10256,31.35792],[-83.10342,31.35785],[-83.10352,31.35899],[-83.1043,31.35911],[-83.10414,31.35996],[-83.10578,31.36253],[-83.10551,31.36316],[-83.10629,31.36359],[-83.10786,31.36627],[-83.10917,31.36739],[-83.11079,31.36785],[-83.11243,31.37014],[-83.11234,31.37175],[-83.11297,31.37315],[-83.11249,31.37422],[-83.1117,31.37462],[-83.11161,31.37595],[-83.11216,31.37734],[-83.11458,31.37894],[-83.11532,31.37896],[-83.11611,31.37996],[-83.11559,31.38053],[-83.11591,31.38112],[-83.11514,31.38154],[-83.11511,31.38251],[-83.11594,31.38404],[-83.11524,31.38608],[-83.11634,31.38866],[-83.11748,31.38869],[-83.12147,31.39299],[-83.12486,31.39306],[-83.13017,31.39623],[-83.13476,31.39826],[-83.13725,31.39869],[-83.14069,31.40194],[-83.14159,31.40417],[-83.14108,31.40498],[-83.141,31.40673],[-83.13898,31.40897],[-83.13792,31.40943],[-83.13759,31.41252],[-83.13876,31.41604],[-83.14017,31.41768],[-83.14052,31.41984],[-83.13972,31.4252],[-83.14001,31.42632],[-83.139,31.42778],[-83.1379,31.4279],[-83.13705,31.42859],[-83.13593,31.43051],[-83.13755,31.43347],[-83.1379,31.4353],[-83.13945,31.43647],[-83.13985,31.43791],[-83.13862,31.44002],[-83.1391,31.44375],[-83.1399,31.44538],[-83.14155,31.44634],[-83.14201,31.44733],[-83.14161,31.44829],[-83.14481,31.45328],[-83.14489,31.45463],[-83.14943,31.45599],[-83.15047,31.45679],[-83.1508,31.45773],[-83.15114,31.46022],[-83.15085,31.46226],[-83.14911,31.46338],[-83.14519,31.46957],[-83.14606,31.47103],[-83.14559,31.47228],[-83.23928,31.47459],[-83.2514,31.47525],[-83.33873,31.47599],[-83.33919,31.46506],[-83.36951,31.46506],[-83.37089,31.40114],[-83.38479,31.40103],[-83.385,31.38876],[-83.39951,31.38931],[-83.39993,31.37642],[-83.4152,31.37586],[-83.41532,31.36318],[-83.4299,31.36391],[-83.43023,31.35066],[-83.43449,31.35036],[-83.43476,31.34895],[-83.4342,31.34733],[-83.43248,31.34608],[-83.43405,31.33945],[-83.43247,31.33716],[-83.43218,31.33424],[-83.43279,31.33228],[-83.43568,31.33103],[-83.43693,31.32928],[-83.43701,31.32874],[-83.43557,31.32727],[-83.43544,31.32654],[-83.43634,31.32484],[-83.43597,31.32257],[-83.43706,31.32134],[-83.43837,31.32076],[-83.43901,31.31944]]]}},{"type":"Feature","properties":{"name":"Bibb"},"geometry":{"type":"Polygon","coordinates":[[[-83.65852,32.88784],[-83.66041,32.89152],[-83.66027,32.89492],[-83.66069,32.89605],[-83.6633,32.89874],[-83.6666,32.90034],[-83.68012,32.90476],[-83.68608,32.91017],[-83.68784,32.91101],[-83.69119,32.91396],[-83.69411,32.91527],[-83.69585,32.91662],[-83.69698,32.91996],[-83.69804,32.92157],[-83.69824,32.92426],[-83.69767,32.92724],[-83.70169,32.93888],[-83.70055,32.94398],[-83.70326,32.94711],[-83.70512,32.95022],[-83.70937,32.95122],[-83.71036,32.95189],[-83.71069,32.95279],[-83.73411,32.95239],[-83.73415,32.95101],[-83.73057,32.95102],[-83.73061,32.94501],[-83.72585,32.94491],[-83.76546,32.92193],[-83.77084,32.91765],[-83.77663,32.91505],[-83.89192,32.84835],[-83.89205,32.81956],[-83.89136,32.81877],[-83.89046,32.81899],[-83.89036,32.81971],[-83.88868,32.81897],[-83.88788,32.81945],[-83.88712,32.81903],[-83.88716,32.81791],[-83.88624,32.81717],[-83.88449,32.81754],[-83.88354,32.8183],[-83.8822,32.81835],[-83.88019,32.81666],[-83.87853,32.81636],[-83.87822,32.81556],[-83.87861,32.81498],[-83.87753,32.81437],[-83.87744,32.81369],[-83.87868,32.81279],[-83.8759,32.81121],[-83.87706,32.81039],[-83.87685,32.80985],[-83.87595,32.80985],[-83.87614,32.80902],[-83.87692,32.8088],[-83.87729,32.80807],[-83.87694,32.80694],[-83.87403,32.80492],[-83.87332,32.80496],[-83.87362,32.80422],[-83.87326,32.8039],[-83.87078,32.80424],[-83.87078,32.80364],[-83.87007,32.80354],[-83.86937,32.8041],[-83.86853,32.80296],[-83.86835,32.8018],[-83.86648,32.801],[-83.86426,32.79869],[-83.86144,32.79787],[-83.8602,32.79661],[-83.86138,32.79558],[-83.86183,32.79448],[-83.85863,32.79487],[-83.85708,32.79396],[-83.85656,32.78785],[-83.85504,32.78774],[-83.85464,32.78706],[-83.85313,32.78679],[-83.85141,32.78547],[-83.85229,32.78398],[-83.85225,32.78301],[-83.85343,32.78202],[-83.85334,32.78134],[-83.85265,32.78117],[-83.85221,32.78026],[-83.85102,32.77947],[-83.84767,32.77531],[-83.85139,32.77199],[-83.85063,32.77014],[-83.85002,32.77],[-83.84897,32.77145],[-83.84691,32.7723],[-83.84521,32.7687],[-83.84119,32.76803],[-83.84116,32.7666],[-83.83938,32.76464],[-83.83767,32.76443],[-83.83806,32.7633],[-83.8348,32.758],[-83.83012,32.75439],[-83.8301,32.75382],[-83.83176,32.75199],[-83.83086,32.75089],[-83.82851,32.74979],[-83.82867,32.7483],[-83.8276,32.74534],[-83.82466,32.74203],[-83.82313,32.74158],[-83.82307,32.74081],[-83.82139,32.74125],[-83.8208,32.74064],[-83.81887,32.74039],[-83.81861,32.73961],[-83.81901,32.73906],[-83.8167,32.73594],[-83.81563,32.73538],[-83.81507,32.7357],[-83.81385,32.73459],[-83.81414,32.73379],[-83.81332,32.73343],[-83.81273,32.73401],[-83.81201,32.73396],[-83.81125,32.73284],[-83.81,32.73276],[-83.81022,32.73181],[-83.80916,32.73123],[-83.81032,32.73105],[-83.80962,32.73058],[-83.81028,32.7298],[-83.80866,32.72872],[-83.80667,32.72913],[-83.80567,32.72877],[-83.80552,32.72923],[-83.80472,32.72929],[-83.80374,32.72808],[-83.80297,32.72805],[-83.80362,32.72689],[-83.80193,32.72763],[-83.80013,32.72575],[-83.79915,32.7257],[-83.79896,32.72488],[-83.79795,32.72589],[-83.79693,32.72535],[-83.79641,32.72577],[-83.79487,32.72494],[-83.79444,32.7256],[-83.79387,32.72479],[-83.79398,32.72559],[-83.79298,32.72533],[-83.79269,32.72591],[-83.79199,32.725],[-83.79143,32.72592],[-83.79125,32.7249],[-83.79004,32.72503],[-83.79007,32.72406],[-83.78867,32.72374],[-83.78844,32.72297],[-83.78763,32.72331],[-83.78592,32.72043],[-83.78259,32.72103],[-83.78248,32.72181],[-83.78172,32.72105],[-83.77998,32.72117],[-83.77844,32.72017],[-83.77832,32.71924],[-83.77687,32.71881],[-83.77635,32.71787],[-83.77463,32.71751],[-83.77439,32.71667],[-83.77494,32.71641],[-83.77406,32.71607],[-83.77434,32.71517],[-83.77307,32.71538],[-83.7731,32.71489],[-83.77182,32.71432],[-83.77125,32.71475],[-83.77027,32.71444],[-83.77029,32.71485],[-83.76958,32.71504],[-83.76903,32.71414],[-83.76759,32.71403],[-83.7675,32.71471],[-83.76682,32.71475],[-83.76694,32.71411],[-83.76629,32.71404],[-83.76444,32.7143],[-83.76389,32.71496],[-83.76382,32.71408],[-83.76236,32.71412],[-83.76193,32.71324],[-83.76124,32.7135],[-83.76117,32.71403],[-83.76059,32.71378],[-83.75958,32.71269],[-83.75887,32.71269],[-83.7584,32.71069],[-83.75701,32.70976],[-83.75683,32.70885],[-83.75562,32.7083],[-83.75596,32.70716],[-83.75374,32.70741],[-83.75436,32.70573],[-83.75343,32.7056],[-83.7533,32.70486],[-83.75243,32.70526],[-83.75297,32.70572],[-83.75281,32.70619],[-83.75167,32.70574],[-83.75114,32.70404],[-83.75047,32.70435],[-83.75033,32.70522],[-83.74935,32.70505],[-83.74895,32.7056],[-83.74721,32.70527],[-83.74663,32.70376],[-83.74718,32.70296],[-83.74656,32.70221],[-83.74574,32.70232],[-83.74615,32.70177],[-83.74559,32.70159],[-83.74565,32.70105],[-83.74428,32.70049],[-83.74501,32.70005],[-83.74442,32.69894],[-83.74341,32.69797],[-83.74256,32.69849],[-83.74204,32.69759],[-83.74223,32.697],[-83.74005,32.69652],[-83.73912,32.69525],[-83.73945,32.69463],[-83.73559,32.69368],[-83.73516,32.69487],[-83.73482,32.69499],[-83.73457,32.69426],[-83.73419,32.69498],[-83.73148,32.69559],[-83.73151,32.69616],[-83.73062,32.69613],[-83.73048,32.69694],[-83.72957,32.69719],[-83.72799,32.69631],[-83.72668,32.69624],[-83.72632,32.69548],[-83.72669,32.69487],[-83.72543,32.69371],[-83.72418,32.69436],[-83.72361,32.6941],[-83.7237,32.69359],[-83.72239,32.69366],[-83.72248,32.69453],[-83.72206,32.69466],[-83.72041,32.69248],[-83.72025,32.69349],[-83.71948,32.69251],[-83.7177,32.69302],[-83.71582,32.69224],[-83.71541,32.69292],[-83.71459,32.69261],[-83.71418,32.69334],[-83.71367,32.69264],[-83.71161,32.69239],[-83.71141,32.69277],[-83.71095,32.69217],[-83.70977,32.69189],[-83.70922,32.69223],[-83.70936,32.69294],[-83.70773,32.69284],[-83.70724,32.69329],[-83.70681,32.69179],[-83.70514,32.69236],[-83.70374,32.69198],[-83.70264,32.69225],[-83.70291,32.69179],[-83.69997,32.69193],[-83.69935,32.69093],[-83.69866,32.691],[-83.69796,32.69041],[-83.69823,32.68996],[-83.69778,32.68915],[-83.6962,32.68852],[-83.69436,32.68844],[-83.69406,32.68891],[-83.69215,32.68867],[-83.69002,32.6869],[-83.68835,32.68673],[-83.68813,32.68613],[-83.68868,32.68565],[-83.68836,32.68464],[-83.68756,32.68536],[-83.68679,32.68458],[-83.68519,32.68531],[-83.68323,32.68456],[-83.68096,32.68284],[-83.6799,32.68277],[-83.67987,32.68151],[-83.67887,32.68115],[-83.67849,32.67984],[-83.67751,32.67979],[-83.67706,32.67886],[-83.6746,32.67778],[-83.67376,32.67688],[-83.67308,32.67711],[-83.67272,32.67674],[-83.67226,32.67739],[-83.67026,32.6775],[-83.66951,32.67631],[-83.66842,32.6767],[-83.66796,32.67605],[-83.66614,32.67575],[-83.66594,32.67516],[-83.66679,32.67499],[-83.66649,32.67459],[-83.66386,32.67458],[-83.66324,32.67376],[-83.66143,32.67517],[-83.66078,32.67502],[-83.66021,32.67379],[-83.65923,32.67437],[-83.65684,32.6746],[-83.65569,32.67387],[-83.65269,32.67399],[-83.65229,32.67342],[-83.6509,32.67357],[-83.6496,32.67454],[-83.64787,32.67362],[-83.64538,32.67423],[-83.64372,32.67216],[-83.64099,32.66994],[-83.63924,32.66976],[-83.63876,32.66908],[-83.63723,32.66903],[-83.6361,32.66958],[-83.63334,32.66825],[-83.62652,32.66956],[-83.62437,32.66831],[-83.62438,32.66732],[-83.62221,32.66682],[-83.62106,32.66487],[-83.61895,32.66388],[-83.61649,32.6634],[-83.61587,32.66484],[-83.61459,32.66353],[-83.61366,32.66489],[-83.61285,32.66435],[-83.6118,32.66537],[-83.61067,32.66468],[-83.60938,32.66495],[-83.60879,32.66438],[-83.60753,32.66435],[-83.60709,32.6633],[-83.60727,32.66195],[-83.60555,32.66067],[-83.60473,32.66064],[-83.60416,32.66156],[-83.60224,32.6623],[-83.60231,32.66299],[-83.60124,32.66278],[-83.59766,32.66434],[-83.59717,32.66688],[-83.59909,32.66769],[-83.59938,32.66928],[-83.60117,32.66932],[-83.60116,32.67],[-83.59943,32.67104],[-83.59985,32.67176],[-83.60326,32.67186],[-83.6068,32.67373],[-83.60572,32.67416],[-83.60526,32.67488],[-83.60575,32.6771],[-83.60701,32.67905],[-83.60675,32.68141],[-83.60583,32.68243],[-83.60633,32.68307],[-83.60836,32.6836],[-83.60777,32.68688],[-83.60925,32.6868],[-83.61106,32.68854],[-83.61042,32.68895],[-83.60847,32.68801],[-83.60798,32.68854],[-83.60834,32.69011],[-83.60643,32.69099],[-83.60861,32.69099],[-83.60859,32.69264],[-83.61057,32.69318],[-83.61157,32.69488],[-83.61128,32.69622],[-83.60963,32.69661],[-83.6103,32.69773],[-83.61026,32.69884],[-83.60922,32.69907],[-83.60913,32.69803],[-83.60817,32.69795],[-83.60844,32.69927],[-83.6069,32.70154],[-83.6061,32.70142],[-83.60389,32.69953],[-83.60237,32.69957],[-83.60242,32.70009],[-83.60433,32.70076],[-83.60496,32.70175],[-83.60268,32.70116],[-83.60169,32.70265],[-83.59983,32.70402],[-83.60021,32.70574],[-83.59969,32.70676],[-83.60051,32.70823],[-83.59866,32.70981],[-83.59883,32.71174],[-83.59716,32.71203],[-83.59683,32.71288],[-83.59716,32.71469],[-83.59845,32.71434],[-83.59862,32.71339],[-83.60139,32.7146],[-83.60143,32.71526],[-83.60024,32.7162],[-83.60083,32.71774],[-83.60155,32.71795],[-83.6029,32.71694],[-83.60418,32.71727],[-83.60371,32.71863],[-83.60123,32.71999],[-83.59983,32.71806],[-83.59887,32.71835],[-83.59904,32.71975],[-83.60048,32.72102],[-83.59842,32.7229],[-83.60049,32.72386],[-83.60079,32.72514],[-83.59876,32.72479],[-83.59806,32.7253],[-83.598,32.7269],[-83.59663,32.72789],[-83.59652,32.72852],[-83.59726,32.72933],[-83.59993,32.72932],[-83.60013,32.72978],[-83.59802,32.73157],[-83.59505,32.7318],[-83.59587,32.73296],[-83.59994,32.73376],[-83.59841,32.73482],[-83.59761,32.73669],[-83.60026,32.73683],[-83.60188,32.73853],[-83.59883,32.73977],[-83.59868,32.74037],[-83.60236,32.74127],[-83.59902,32.74344],[-83.59295,32.73886],[-83.58559,32.74484],[-83.57872,32.73812],[-83.5026,32.80112],[-83.50179,32.80153],[-83.49799,32.80074],[-83.49294,32.80515],[-83.49577,32.80757],[-83.49648,32.80695],[-83.49882,32.81057],[-83.49698,32.81267],[-83.49846,32.81506],[-83.49684,32.81685],[-83.49564,32.8171],[-83.49658,32.81843],[-83.48943,32.82406],[-83.51636,32.84719],[-83.52342,32.84129],[-83.5385,32.85484],[-83.56507,32.87716],[-83.57863,32.86514],[-83.59819,32.88784],[-83.65852,32.88784]]]}},{"type":"Feature","properties":{"name":"Bleckley"},"geometry":{"type":"Polygon","coordinates":[[[-83.29779,32.54975],[-83.40004,32.50016],[-83.40353,32.50542],[-83.41205,32.50209],[-83.40884,32.49571],[-83.49792,32.4522],[-83.49728,32.45098],[-83.49809,32.4483],[-83.49765,32.44734],[-83.48973,32.44337],[-83.48778,32.44059],[-83.48752,32.43887],[-83.48804,32.43634],[-83.48964,32.43531],[-83.49136,32.43256],[-83.49119,32.43212],[-83.4896,32.43222],[-83.4877,32.42949],[-83.48736,32.42883],[-83.48851,32.42811],[-83.48827,32.42672],[-83.48661,32.42626],[-83.4852,32.42519],[-83.48309,32.42553],[-83.48246,32.42514],[-83.48553,32.4219],[-83.4846,32.42076],[-83.48433,32.41899],[-83.48312,32.41863],[-83.48292,32.41816],[-83.48274,32.40917],[-83.48414,32.40577],[-83.48556,32.4042],[-83.49056,32.40445],[-83.49298,32.40409],[-83.49475,32.40367],[-83.49804,32.40171],[-83.47014,32.37703],[-83.47039,32.37678],[-83.46999,32.37642],[-83.36776,32.28893],[-83.36612,32.28944],[-83.34653,32.27249],[-83.3396,32.27824],[-83.3461,32.28382],[-83.33928,32.28977],[-83.33222,32.28403],[-83.31406,32.2998],[-83.28396,32.32431],[-83.30475,32.34196],[-83.28698,32.35679],[-83.28416,32.35867],[-83.28343,32.35871],[-83.283,32.35956],[-83.24988,32.3883],[-83.2168,32.41561],[-83.17325,32.45253],[-83.13899,32.42307],[-83.19536,32.52748],[-83.22654,32.5842],[-83.23447,32.57945],[-83.29779,32.54975]]]}},{"type":"Feature","properties":{"name":"Brantley"},"geometry":{"type":"Polygon","coordinates":[[[-81.91301,31.09614],[-81.91156,31.09642],[-81.91118,31.09706],[-81.88957,31.10081],[-81.88755,31.10038],[-81.8857,31.09929],[-81.88397,31.09942],[-81.88103,31.09852],[-81.84067,31.09766],[-81.83793,31.10307],[-81.83294,31.1081],[-81.83272,31.11444],[-81.83197,31.11638],[-81.82996,31.11958],[-81.82467,31.12443],[-81.82262,31.13022],[-81.81882,31.13677],[-81.81331,31.1405],[-81.80161,31.15126],[-81.79067,31.14604],[-81.78842,31.15004],[-81.78822,31.15217],[-81.76624,31.16965],[-81.76843,31.1694],[-81.77203,31.16651],[-81.77628,31.16447],[-81.78183,31.16581],[-81.78253,31.16721],[-81.78263,31.1725],[-81.78068,31.17313],[-81.77596,31.17648],[-81.76687,31.20148],[-81.76439,31.22316],[-81.76201,31.22719],[-81.75867,31.23785],[-81.75719,31.24585],[-81.75075,31.27121],[-81.7472,31.28146],[-81.74601,31.283],[-81.73739,31.28964],[-81.73369,31.29727],[-81.73252,31.30246],[-81.73299,31.32578],[-81.73169,31.33005],[-81.75923,31.34215],[-81.76443,31.34808],[-81.80105,31.36374],[-81.84519,31.35475],[-81.92324,31.34588],[-82.0311,31.36624],[-82.04113,31.37372],[-82.04073,31.37323],[-82.04097,31.37237],[-82.03906,31.3704],[-82.03947,31.36963],[-82.03863,31.36954],[-82.03866,31.36793],[-82.0401,31.36726],[-82.03984,31.36624],[-82.03883,31.36618],[-82.04005,31.365],[-82.03976,31.36426],[-82.04041,31.36418],[-82.04074,31.36187],[-82.03911,31.36054],[-82.03864,31.35892],[-82.03729,31.35828],[-82.03581,31.35846],[-82.03564,31.35817],[-82.03643,31.35777],[-82.03631,31.35703],[-82.03502,31.35722],[-82.03423,31.35652],[-82.03414,31.35545],[-82.03496,31.3549],[-82.03309,31.35204],[-82.03367,31.35098],[-82.03294,31.35058],[-82.03387,31.34964],[-82.03245,31.34916],[-82.0322,31.34691],[-82.03153,31.3466],[-82.03207,31.34606],[-82.03063,31.3462],[-82.02991,31.3455],[-82.03076,31.34484],[-82.02947,31.34435],[-82.02897,31.34521],[-82.02856,31.34516],[-82.02795,31.34372],[-82.02879,31.34376],[-82.02807,31.34277],[-82.02863,31.34222],[-82.02778,31.34172],[-82.02763,31.34038],[-82.0267,31.34103],[-82.02429,31.3388],[-82.02445,31.33722],[-82.02385,31.33692],[-82.0237,31.3357],[-82.02286,31.33455],[-82.02343,31.33399],[-82.02321,31.33302],[-82.02231,31.33295],[-82.02238,31.33242],[-82.0211,31.33064],[-82.02103,31.33121],[-82.02051,31.3312],[-82.02071,31.3303],[-82.02022,31.32991],[-82.02079,31.32931],[-82.01978,31.32898],[-82.02052,31.32831],[-82.02013,31.32734],[-82.01907,31.32737],[-82.01878,31.32606],[-82.01738,31.32658],[-82.01738,31.32544],[-82.01649,31.3253],[-82.01614,31.32461],[-82.01507,31.32481],[-82.01539,31.32382],[-82.01422,31.32377],[-82.01341,31.32291],[-82.01403,31.32179],[-82.01292,31.32124],[-82.01268,31.32063],[-82.01331,31.31991],[-82.01206,31.31975],[-82.01304,31.31827],[-82.01209,31.31779],[-82.01154,31.31682],[-82.00984,31.3162],[-82.00893,31.31635],[-82.00901,31.31463],[-82.00729,31.31493],[-82.00702,31.31391],[-82.0046,31.31239],[-82.00534,31.31177],[-82.00499,31.31107],[-82.00336,31.31109],[-82.00173,31.31016],[-82.00071,31.31036],[-82.00024,31.31125],[-81.99934,31.30969],[-81.99814,31.30944],[-81.99758,31.30881],[-81.99508,31.30837],[-81.99384,31.3076],[-81.99211,31.308],[-81.99716,31.28868],[-81.99798,31.28831],[-81.99858,31.287],[-82.00027,31.28796],[-82.00223,31.28736],[-82.00247,31.28637],[-82.00159,31.28494],[-82.00219,31.28408],[-82.0032,31.28421],[-82.00481,31.28596],[-82.0063,31.2852],[-82.00652,31.28458],[-82.00593,31.28336],[-82.00653,31.28229],[-82.00643,31.28132],[-82.0081,31.27965],[-82.00782,31.27817],[-82.00678,31.27706],[-82.00716,31.2758],[-82.00831,31.276],[-82.00852,31.27769],[-82.00961,31.27795],[-82.01086,31.27734],[-82.01124,31.27585],[-82.0137,31.27504],[-82.01389,31.27573],[-82.01221,31.27681],[-82.01248,31.27766],[-82.01514,31.27718],[-82.01666,31.2785],[-82.01932,31.27805],[-82.02139,31.27935],[-82.02218,31.27884],[-82.02157,31.27638],[-82.02251,31.27511],[-82.0235,31.27545],[-82.0235,31.27677],[-82.02628,31.27625],[-82.02825,31.27785],[-82.02899,31.27738],[-82.02841,31.27599],[-82.02857,31.27482],[-82.02985,31.27431],[-82.0312,31.27617],[-82.0311,31.27728],[-82.03174,31.27751],[-82.03348,31.27657],[-82.032,31.27501],[-82.03322,31.2734],[-82.03397,31.27348],[-82.03415,31.27482],[-82.0349,31.27524],[-82.03734,31.27432],[-82.03812,31.27325],[-82.03906,31.27302],[-82.04005,31.27341],[-82.0401,31.27463],[-82.04054,31.27502],[-82.04291,31.27462],[-82.04298,31.27618],[-82.0438,31.27649],[-82.04504,31.27518],[-82.0473,31.27509],[-82.04759,31.27392],[-82.0502,31.27416],[-82.05034,31.27354],[-82.04881,31.27311],[-82.04856,31.2725],[-82.05177,31.27112],[-82.053,31.27287],[-82.05563,31.27305],[-82.05601,31.27487],[-82.05869,31.27379],[-82.05985,31.27569],[-82.06155,31.27647],[-82.06187,31.27605],[-82.06101,31.27527],[-82.06172,31.27414],[-82.06329,31.27397],[-82.06275,31.27193],[-82.06353,31.27121],[-82.06489,31.27279],[-82.06612,31.273],[-82.06659,31.27396],[-82.06842,31.27423],[-82.07059,31.27648],[-82.07151,31.27604],[-82.0721,31.27456],[-82.07343,31.2738],[-82.07444,31.2741],[-82.07505,31.27552],[-82.07623,31.27571],[-82.07811,31.27379],[-82.08245,31.27143],[-82.08302,31.27216],[-82.08291,31.27391],[-82.08429,31.27526],[-82.08763,31.27554],[-82.08929,31.27662],[-82.09065,31.27679],[-82.09072,31.27628],[-82.08916,31.27577],[-82.08885,31.27463],[-82.08926,31.27373],[-82.09085,31.2733],[-82.09251,31.27424],[-82.09264,31.27594],[-82.09331,31.27664],[-82.09669,31.27495],[-82.09813,31.27526],[-82.09939,31.27652],[-82.10024,31.27668],[-82.10084,31.2739],[-82.10325,31.27168],[-82.10481,31.27139],[-82.10819,31.27218],[-82.11012,31.27134],[-82.11271,31.27142],[-82.11458,31.27063],[-82.11476,31.26957],[-82.11571,31.26885],[-82.11555,31.26764],[-82.11648,31.26667],[-82.1205,31.26537],[-82.12215,31.26301],[-82.12329,31.26246],[-82.12338,31.26204],[-82.12228,31.26108],[-82.12273,31.26012],[-82.12425,31.25959],[-82.12563,31.26049],[-82.12601,31.25998],[-82.12572,31.25843],[-82.12687,31.25791],[-82.12876,31.25891],[-82.13013,31.25894],[-82.13048,31.25839],[-82.12983,31.25738],[-82.13006,31.2568],[-82.13237,31.25699],[-82.13313,31.25487],[-82.13381,31.25478],[-82.13448,31.25542],[-82.1338,31.25716],[-82.13429,31.25806],[-82.13735,31.25801],[-82.13936,31.25875],[-82.14029,31.25851],[-82.14174,31.25633],[-82.14416,31.25505],[-82.14406,31.25359],[-82.14552,31.25253],[-82.14403,31.25081],[-82.14317,31.25091],[-82.14168,31.25219],[-82.14044,31.2507],[-82.14092,31.24958],[-82.14368,31.25005],[-82.14473,31.24879],[-82.14395,31.24465],[-82.14321,31.24322],[-82.14203,31.24294],[-82.14088,31.24415],[-82.13979,31.2435],[-82.13995,31.24266],[-82.14262,31.23969],[-82.14193,31.23763],[-82.14355,31.23619],[-82.14468,31.23709],[-82.14616,31.23535],[-82.14982,31.23577],[-82.1507,31.23501],[-82.15053,31.23429],[-82.14972,31.23384],[-82.14831,31.23469],[-82.14741,31.23453],[-82.14769,31.23274],[-82.14657,31.23064],[-82.14705,31.22961],[-82.1455,31.22978],[-82.14511,31.22943],[-82.14635,31.22821],[-82.1464,31.22688],[-82.14692,31.22684],[-82.1481,31.22808],[-82.14904,31.22791],[-82.15037,31.22853],[-82.15078,31.22805],[-82.15035,31.22701],[-82.15059,31.22626],[-82.14982,31.22471],[-82.15142,31.22248],[-82.15352,31.22177],[-82.15501,31.22],[-82.15681,31.21907],[-82.15762,31.21897],[-82.15817,31.21987],[-82.1589,31.21981],[-82.16284,31.21608],[-82.16355,31.21604],[-82.16341,31.21715],[-82.16433,31.21746],[-82.16561,31.21512],[-82.16623,31.21477],[-82.16727,31.21492],[-82.16664,31.21596],[-82.16683,31.21741],[-82.16734,31.21723],[-82.16809,31.21569],[-82.16944,31.21732],[-82.17045,31.21769],[-82.17083,31.21587],[-82.1718,31.21532],[-82.17267,31.21591],[-82.17233,31.21784],[-82.17354,31.21824],[-82.17467,31.21791],[-82.1756,31.21725],[-82.1742,31.21662],[-82.1741,31.21602],[-82.17551,31.21378],[-82.17696,31.21258],[-82.17951,31.21228],[-82.18211,31.21117],[-82.18297,31.21014],[-82.18298,31.20886],[-82.18478,31.20833],[-82.18475,31.20765],[-82.18285,31.20645],[-82.18297,31.20568],[-82.18457,31.20519],[-82.18546,31.20589],[-82.18684,31.20577],[-82.18816,31.20656],[-82.18845,31.20587],[-82.18982,31.20536],[-82.1932,31.20208],[-82.19325,31.20388],[-82.19457,31.20302],[-82.19537,31.20309],[-82.19488,31.20422],[-82.19601,31.20541],[-82.19395,31.20605],[-82.19492,31.20766],[-82.19656,31.20773],[-82.19766,31.2084],[-82.19924,31.20827],[-82.20212,31.2108],[-82.20468,31.20942],[-82.20573,31.20953],[-82.20584,31.20999],[-82.20437,31.21057],[-82.20429,31.21127],[-82.2058,31.21228],[-82.20836,31.21173],[-82.20984,31.21217],[-82.2092,31.21395],[-82.20985,31.21441],[-82.21171,31.21432],[-82.21117,31.21514],[-82.21146,31.21539],[-82.21352,31.21494],[-82.21538,31.21608],[-82.21903,31.21401],[-82.21962,31.21454],[-82.21979,31.21592],[-82.22059,31.21616],[-82.22351,31.2148],[-82.22394,31.2154],[-82.22365,31.21602],[-82.2223,31.2175],[-82.22082,31.21785],[-82.22568,31.2206],[-82.22629,31.22048],[-82.22752,31.21874],[-82.2315,31.22028],[-82.23371,31.2186],[-82.2376,31.21894],[-82.24042,31.21713],[-82.2426,31.21801],[-82.24402,31.21725],[-82.24542,31.2179],[-82.24667,31.21742],[-82.24876,31.21868],[-82.24927,31.22012],[-82.24976,31.22006],[-82.2505,31.21877],[-82.25198,31.21915],[-82.25333,31.21874],[-82.25386,31.21928],[-82.25382,31.22026],[-82.25464,31.22083],[-82.25639,31.22059],[-82.25884,31.21846],[-82.25977,31.21835],[-82.26202,31.21913],[-82.26405,31.22126],[-82.26524,31.22065],[-82.26539,31.21899],[-82.26669,31.21845],[-82.26681,31.21739],[-82.26759,31.21768],[-82.26862,31.21695],[-82.26871,31.21858],[-82.26946,31.21973],[-82.2724,31.21808],[-82.27272,31.22122],[-82.27558,31.22153],[-82.27694,31.22097],[-82.27779,31.22193],[-82.27913,31.2223],[-82.27887,31.22279],[-82.27668,31.22322],[-82.27636,31.22396],[-82.27813,31.22414],[-82.2797,31.22537],[-82.28154,31.22553],[-82.28317,31.2265],[-82.28401,31.22625],[-82.28398,31.22529],[-82.28456,31.22445],[-82.28426,31.1922],[-82.25056,31.18225],[-82.2341,31.17038],[-82.23043,31.16858],[-82.22589,31.1684],[-82.20873,31.17094],[-82.20908,31.15541],[-82.20834,31.12523],[-82.20826,31.08477],[-82.16357,31.04856],[-82.1317,31.01071],[-82.08121,31.01063],[-82.06087,31.07581],[-81.96785,31.05427],[-81.95738,31.05249],[-81.94053,31.04868],[-81.93601,31.04799],[-81.93537,31.04862],[-81.93303,31.04842],[-81.93221,31.04916],[-81.93234,31.05004],[-81.93313,31.05041],[-81.93433,31.04981],[-81.93603,31.04988],[-81.93674,31.05109],[-81.93587,31.05247],[-81.93238,31.05487],[-81.9318,31.05645],[-81.93337,31.05821],[-81.93686,31.05971],[-81.93693,31.06049],[-81.93176,31.06403],[-81.92973,31.06122],[-81.9278,31.0604],[-81.92628,31.0609],[-81.92598,31.06182],[-81.92698,31.06559],[-81.92596,31.06897],[-81.92735,31.07931],[-81.92445,31.08139],[-81.92467,31.08559],[-81.92368,31.08843],[-81.92253,31.08912],[-81.9191,31.08926],[-81.9191,31.09014],[-81.92085,31.091],[-81.92125,31.09197],[-81.92044,31.0925],[-81.91923,31.09184],[-81.91826,31.09189],[-81.91776,31.09262],[-81.91785,31.09374],[-81.91588,31.09528],[-81.91427,31.09482],[-81.91317,31.09373],[-81.91226,31.09379],[-81.91194,31.09439],[-81.9135,31.09485],[-81.91355,31.09558],[-81.91301,31.09614]]]}},{"type":"Feature","properties":{"name":"Brooks"},"geometry":{"type":"MultiPolygon","coordinates":[[[[-83.43759,30.81436],[-83.43409,30.8145],[-83.43252,30.81402],[-83.4312,30.81468],[-83.42958,30.8169],[-83.42796,30.81651],[-83.42676,30.81503],[-83.42586,30.81516],[-83.42244,30.8205],[-83.41729,30.82455],[-83.41678,30.82533],[-83.41697,30.82712],[-83.41615,30.82808],[-83.41474,30.8287],[-83.4089,30.82904],[-83.39454,30.8254],[-83.39343,30.82588],[-83.39279,30.82737],[-83.39197,30.82785],[-83.38918,30.82723],[-83.38799,30.82867],[-83.38647,30.82888],[-83.38533,30.82826],[-83.38358,30.82819],[-83.3792,30.83052],[-83.37814,30.83151],[-83.37734,30.83378],[-83.37532,30.83572],[-83.37522,30.83767],[-83.37407,30.83931],[-83.37316,30.83982],[-83.37237,30.83961],[-83.37077,30.83769],[-83.36693,30.83771],[-83.3648,30.83714],[-83.36486,30.83909],[-83.36374,30.83978],[-83.36265,30.83767],[-83.36103,30.83646],[-83.35955,30.83643],[-83.35724,30.8385],[-83.35514,30.83964],[-83.3536,30.84145],[-83.35095,30.8418],[-83.35063,30.84301],[-83.35204,30.84626],[-83.35172,30.84665],[-83.34941,30.84626],[-83.34773,30.84711],[-83.34889,30.84949],[-83.3464,30.85354],[-83.34812,30.85598],[-83.34867,30.85618],[-83.34926,30.85515],[-83.35008,30.85513],[-83.35073,30.85622],[-83.35043,30.85766],[-83.35093,30.85826],[-83.35096,30.85997],[-83.35466,30.86173],[-83.35385,30.86446],[-83.35705,30.86647],[-83.35728,30.86806],[-83.35797,30.86873],[-83.35756,30.86928],[-83.35564,30.86897],[-83.356,30.87023],[-83.3573,30.8705],[-83.35741,30.87099],[-83.356,30.87161],[-83.35597,30.87234],[-83.35692,30.87276],[-83.35799,30.87206],[-83.35876,30.87226],[-83.35906,30.87354],[-83.36018,30.87398],[-83.36123,30.87521],[-83.36403,30.87639],[-83.36523,30.87891],[-83.36642,30.87977],[-83.36607,30.88048],[-83.3685,30.88114],[-83.36792,30.88295],[-83.3695,30.88417],[-83.3709,30.88483],[-83.37298,30.88458],[-83.37377,30.88413],[-83.37567,30.88103],[-83.37747,30.88042],[-83.37797,30.88058],[-83.37823,30.88209],[-83.38086,30.88438],[-83.38448,30.88523],[-83.38931,30.88489],[-83.39055,30.88418],[-83.39159,30.88537],[-83.3934,30.88541],[-83.39375,30.88511],[-83.39346,30.88428],[-83.39245,30.88352],[-83.39363,30.88285],[-83.39454,30.88297],[-83.39442,30.88404],[-83.39556,30.88419],[-83.39672,30.88514],[-83.39887,30.88377],[-83.40067,30.8848],[-83.40269,30.88473],[-83.40254,30.88569],[-83.40418,30.88719],[-83.40726,30.88654],[-83.40837,30.88685],[-83.40803,30.88782],[-83.40531,30.88772],[-83.40609,30.88933],[-83.40885,30.89075],[-83.40875,30.89236],[-83.4099,30.89195],[-83.41124,30.8925],[-83.41122,30.89394],[-83.41167,30.89444],[-83.41289,30.89446],[-83.41361,30.89398],[-83.41366,30.89357],[-83.41225,30.89272],[-83.41233,30.89208],[-83.41523,30.89224],[-83.41536,30.89165],[-83.41679,30.89101],[-83.41573,30.8906],[-83.41579,30.88951],[-83.41646,30.88904],[-83.41723,30.88917],[-83.42105,30.89231],[-83.42264,30.89188],[-83.42505,30.89206],[-83.42628,30.89295],[-83.4255,30.89335],[-83.4246,30.89497],[-83.42493,30.89524],[-83.42561,30.89463],[-83.42736,30.89522],[-83.42749,30.89566],[-83.42593,30.89581],[-83.42558,30.89646],[-83.42829,30.89751],[-83.42816,30.89793],[-83.42649,30.89767],[-83.42654,30.89921],[-83.42768,30.89868],[-83.42864,30.89973],[-83.4309,30.90073],[-83.43177,30.89962],[-83.4327,30.89944],[-83.43233,30.90065],[-83.4344,30.90168],[-83.43413,30.90324],[-83.43479,30.90422],[-83.43823,30.90335],[-83.43862,30.90342],[-83.43854,30.90479],[-83.44031,30.90479],[-83.44005,30.90543],[-83.44043,30.90649],[-83.43977,30.90717],[-83.43865,30.90661],[-83.43912,30.90753],[-83.43836,30.90825],[-83.43953,30.90834],[-83.44095,30.90937],[-83.44092,30.90992],[-83.43981,30.90994],[-83.43967,30.91034],[-83.4412,30.91061],[-83.4398,30.91132],[-83.44102,30.91197],[-83.44106,30.91261],[-83.43967,30.91296],[-83.43948,30.91357],[-83.44184,30.91375],[-83.44155,30.91435],[-83.44051,30.91419],[-83.44001,30.91472],[-83.44024,30.91524],[-83.44181,30.91545],[-83.44184,30.91611],[-83.4409,30.91782],[-83.43881,30.91815],[-83.43938,30.91959],[-83.43867,30.91987],[-83.43756,30.9195],[-83.43634,30.92069],[-83.43658,30.92108],[-83.43879,30.92106],[-83.43649,30.92732],[-83.43778,30.92821],[-83.43687,30.92912],[-83.43812,30.92898],[-83.43892,30.92982],[-83.43863,30.93034],[-83.4361,30.93033],[-83.43589,30.93068],[-83.43655,30.93127],[-83.43816,30.93088],[-83.43897,30.93164],[-83.43648,30.9326],[-83.43531,30.93421],[-83.43512,30.93538],[-83.43678,30.93684],[-83.43746,30.93865],[-83.43968,30.93896],[-83.43985,30.93979],[-83.43672,30.93975],[-83.43379,30.94323],[-83.43152,30.94426],[-83.42925,30.94885],[-83.43021,30.94895],[-83.43023,30.94974],[-83.43128,30.94931],[-83.43195,30.94966],[-83.43069,30.95084],[-83.43142,30.95137],[-83.4309,30.95221],[-83.43097,30.95374],[-83.4313,30.95427],[-83.43327,30.95397],[-83.4339,30.95471],[-83.43225,30.95555],[-83.43226,30.9561],[-83.43448,30.95579],[-83.43491,30.95485],[-83.43571,30.95445],[-83.43658,30.95532],[-83.43577,30.95619],[-83.4363,30.95744],[-83.43525,30.95766],[-83.4359,30.95847],[-83.43469,30.95974],[-83.43608,30.9608],[-83.43493,30.96086],[-83.43468,30.96147],[-83.43574,30.96255],[-83.43717,30.96272],[-83.43699,30.96335],[-83.43551,30.96375],[-83.43575,30.9642],[-83.43709,30.9642],[-83.43641,30.96593],[-83.43795,30.96567],[-83.43968,30.96627],[-83.43972,30.96668],[-83.43819,30.96751],[-83.43814,30.96862],[-83.44234,30.97278],[-83.44255,30.97353],[-83.44193,30.9747],[-83.44329,30.97637],[-83.44234,30.98022],[-83.4431,30.98278],[-83.44296,30.98478],[-83.44497,30.98719],[-83.44409,30.98832],[-83.44465,30.98858],[-83.44634,30.98766],[-83.44594,30.98868],[-83.44741,30.98926],[-83.44717,30.99043],[-83.44794,30.99022],[-83.44836,30.9892],[-83.44995,30.98999],[-83.45019,30.99058],[-83.45171,30.99032],[-83.45211,30.99152],[-83.45302,30.99228],[-83.45275,30.99383],[-83.45357,30.99392],[-83.45443,30.99294],[-83.45588,30.99481],[-83.45569,30.99542],[-83.45481,30.99579],[-83.45466,30.9967],[-83.45494,30.99712],[-83.45604,30.99679],[-83.45629,30.9973],[-83.45573,30.9978],[-83.45505,30.99765],[-83.45482,30.99857],[-83.45661,30.99927],[-83.45697,31.00034],[-83.4582,31.0008],[-83.45905,31.00225],[-83.45844,31.00306],[-83.45976,31.00254],[-83.46041,31.00281],[-83.46131,31.00571],[-83.4638,31.00611],[-83.46376,31.00693],[-83.46288,31.00734],[-83.46407,31.00824],[-83.46451,31.00986],[-83.46413,31.01092],[-83.46525,31.01169],[-83.46535,31.01248],[-83.46669,31.01323],[-83.46646,31.01513],[-83.46841,31.01648],[-83.46801,31.01682],[-83.46704,31.01626],[-83.46625,31.01667],[-83.46612,31.0191],[-83.46751,31.02083],[-83.46857,31.02033],[-83.46937,31.02093],[-83.46918,31.02138],[-83.46788,31.0215],[-83.4681,31.02232],[-83.47006,31.02285],[-83.4715,31.02413],[-83.47064,31.02529],[-83.47151,31.02673],[-83.47,31.02698],[-83.46936,31.02819],[-83.4683,31.02848],[-83.46824,31.0295],[-83.46938,31.02943],[-83.47009,31.02851],[-83.47062,31.02848],[-83.47228,31.02974],[-83.47276,31.02936],[-83.47255,31.02849],[-83.47326,31.02845],[-83.4738,31.02876],[-83.47327,31.02887],[-83.47379,31.03128],[-83.47502,31.03026],[-83.47689,31.031],[-83.47682,31.03153],[-83.47547,31.03212],[-83.47581,31.03295],[-83.47825,31.0322],[-83.48185,31.03264],[-83.48374,31.03379],[-83.48337,31.03434],[-83.48397,31.03489],[-83.4894,31.03543],[-83.49053,31.0368],[-83.49252,31.03651],[-83.49259,31.03697],[-83.49159,31.0375],[-83.4923,31.03912],[-83.49707,31.04072],[-83.49632,31.04144],[-83.49553,31.04423],[-83.49697,31.04587],[-83.49747,31.04756],[-83.49857,31.04845],[-83.50054,31.05195],[-83.50302,31.05327],[-83.50335,31.05296],[-83.50287,31.05223],[-83.50338,31.05138],[-83.50385,31.05117],[-83.50444,31.05187],[-83.50495,31.05063],[-83.50634,31.05037],[-83.50639,31.04901],[-83.50741,31.04822],[-83.5082,31.04829],[-83.51072,31.0506],[-83.51445,31.05061],[-83.51637,31.05087],[-83.51892,31.05215],[-83.52051,31.05191],[-83.52046,31.05324],[-83.52317,31.05342],[-83.52398,31.05456],[-83.52514,31.05376],[-83.52502,31.05483],[-83.52562,31.05529],[-83.52676,31.05494],[-83.52616,31.05437],[-83.5263,31.05391],[-83.52895,31.0537],[-83.52908,31.05167],[-83.52976,31.0511],[-83.53397,31.05296],[-83.5353,31.05284],[-83.53791,31.05132],[-83.54097,31.05105],[-83.54204,31.05112],[-83.54307,31.05199],[-83.54531,31.05217],[-83.54673,31.05346],[-83.54812,31.05282],[-83.54878,31.05387],[-83.54991,31.05338],[-83.55063,31.05439],[-83.55171,31.05435],[-83.55214,31.05501],[-83.5507,31.0552],[-83.55081,31.05636],[-83.55133,31.05658],[-83.55236,31.05558],[-83.55384,31.05611],[-83.55504,31.05828],[-83.55482,31.05934],[-83.55597,31.06106],[-83.55902,31.06159],[-83.56003,31.06267],[-83.56134,31.06542],[-83.56472,31.0679],[-83.56625,31.06821],[-83.56674,31.06947],[-83.56829,31.0707],[-83.57075,31.0717],[-83.5696,31.0723],[-83.56971,31.07315],[-83.57225,31.07571],[-83.57296,31.07524],[-83.57355,31.0755],[-83.5736,31.0765],[-83.5731,31.07719],[-83.57414,31.07754],[-83.57363,31.07861],[-83.574,31.07896],[-83.57486,31.07814],[-83.5738,31.06054],[-83.57396,31.03387],[-83.6405,31.03593],[-83.73616,31.03768],[-83.73933,30.91609],[-83.74082,30.81814],[-83.73917,30.78689],[-83.73902,30.742],[-83.74226,30.74204],[-83.74373,30.6584],[-83.62488,30.65188],[-83.49993,30.64567],[-83.47735,30.64404],[-83.3577,30.63736],[-83.36528,30.64081],[-83.36597,30.64213],[-83.36522,30.64357],[-83.36175,30.64318],[-83.36061,30.64405],[-83.36125,30.65186],[-83.36205,30.65333],[-83.36462,30.65527],[-83.36271,30.65749],[-83.36314,30.65892],[-83.36496,30.65857],[-83.36692,30.65713],[-83.3709,30.65667],[-83.37323,30.6576],[-83.37487,30.65896],[-83.37617,30.66205],[-83.38104,30.66297],[-83.38425,30.66453],[-83.38594,30.66627],[-83.38809,30.66755],[-83.38984,30.66776],[-83.39264,30.6673],[-83.39402,30.66772],[-83.39455,30.66882],[-83.39432,30.6694],[-83.39161,30.67097],[-83.39153,30.67191],[-83.39399,30.67411],[-83.395,30.67628],[-83.39627,30.67731],[-83.39874,30.67715],[-83.40449,30.67475],[-83.406,30.67537],[-83.41249,30.67391],[-83.41525,30.67471],[-83.41699,30.67707],[-83.41874,30.6784],[-83.41848,30.6789],[-83.41636,30.67956],[-83.41832,30.68107],[-83.41678,30.68176],[-83.41697,30.68343],[-83.41779,30.68581],[-83.42076,30.68898],[-83.42221,30.68939],[-83.42343,30.68822],[-83.42312,30.68721],[-83.42349,30.68625],[-83.42738,30.68685],[-83.43096,30.68872],[-83.43968,30.68856],[-83.44029,30.68916],[-83.44055,30.69058],[-83.44215,30.69207],[-83.44289,30.69507],[-83.4435,30.6955],[-83.44575,30.69489],[-83.44774,30.69537],[-83.45127,30.69995],[-83.45447,30.70086],[-83.45455,30.7021],[-83.4523,30.70407],[-83.45323,30.70874],[-83.45535,30.71149],[-83.45787,30.71346],[-83.4632,30.7157],[-83.46585,30.71785],[-83.46778,30.71769],[-83.46869,30.71813],[-83.46871,30.72088],[-83.4675,30.72583],[-83.46798,30.73222],[-83.47089,30.73476],[-83.4754,30.74039],[-83.47994,30.74359],[-83.48302,30.75065],[-83.48477,30.75237],[-83.48434,30.7532],[-83.48447,30.75448],[-83.48246,30.75693],[-83.4749,30.76046],[-83.47347,30.76016],[-83.47284,30.75925],[-83.47215,30.75918],[-83.46902,30.76406],[-83.46716,30.76463],[-83.46294,30.7636],[-83.46175,30.76372],[-83.45828,30.76461],[-83.45676,30.76578],[-83.45584,30.76837],[-83.4543,30.77034],[-83.45931,30.77746],[-83.45926,30.77861],[-83.45709,30.78076],[-83.45714,30.78179],[-83.45918,30.78314],[-83.45921,30.78406],[-83.45701,30.78653],[-83.45229,30.78823],[-83.45168,30.79033],[-83.45316,30.79253],[-83.45316,30.79448],[-83.45234,30.79553],[-83.44889,30.79689],[-83.44788,30.79805],[-83.44709,30.80312],[-83.4464,30.80486],[-83.44672,30.80639],[-83.44786,30.80818],[-83.45086,30.81026],[-83.45086,30.81589],[-83.44998,30.81759],[-83.44929,30.81796],[-83.44725,30.81752],[-83.44383,30.8177],[-83.44101,30.8164],[-83.43897,30.81452],[-83.43759,30.81436]]],[[[-83.34066,30.6366],[-83.34085,30.63634],[-83.30925,30.63441],[-83.30889,30.63549],[-83.31413,30.6359],[-83.317,30.63745],[-83.3185,30.64037],[-83.31974,30.6413],[-83.32235,30.64248],[-83.32412,30.6426],[-83.32643,30.64346],[-83.32854,30.6426],[-83.32944,30.64023],[-83.33708,30.64068],[-83.34066,30.6366]]]]}},{"type":"Feature","properties":{"name":"Bryan"},"geometry":{"type":"Polygon","coordinates":[[[-81.78168,32.15235],[-81.78125,32.15135],[-81.78156,32.14774],[-81.7812,32.14686],[-81.77838,32.14361],[-81.77706,32.14122],[-81.77722,32.1402],[-81.77821,32.13972],[-81.77837,32.13908],[-81.77753,32.13739],[-81.77609,32.13668],[-81.77691,32.13549],[-81.7766,32.13382],[-81.77561,32.13277],[-81.77711,32.13272],[-81.77729,32.13194],[-81.77607,32.13142],[-81.77459,32.13162],[-81.774,32.13223],[-81.77306,32.13119],[-81.7712,32.13142],[-81.76879,32.12834],[-81.76725,32.12736],[-81.76802,32.12634],[-81.76725,32.12505],[-81.76518,32.12435],[-81.76614,32.12199],[-81.76278,32.12079],[-81.76121,32.11957],[-81.76397,32.11716],[-81.76405,32.11628],[-81.76204,32.11626],[-81.76083,32.11448],[-81.75742,32.11519],[-81.75675,32.11416],[-81.75705,32.11325],[-81.75803,32.11245],[-81.75788,32.11198],[-81.75446,32.11196],[-81.75397,32.11161],[-81.75765,32.10838],[-81.75696,32.10703],[-81.75681,32.10478],[-81.75486,32.10461],[-81.7533,32.10372],[-81.75272,32.10404],[-81.75235,32.10514],[-81.75056,32.10477],[-81.74964,32.10364],[-81.74834,32.10348],[-81.74555,32.10464],[-81.74126,32.10461],[-81.74002,32.10366],[-81.73573,32.10199],[-81.73335,32.09913],[-81.73241,32.09666],[-81.73166,32.09622],[-81.72999,32.09653],[-81.72938,32.09862],[-81.72713,32.09896],[-81.72582,32.09758],[-81.72701,32.09609],[-81.72704,32.09504],[-81.72379,32.09448],[-81.72353,32.09315],[-81.72213,32.09071],[-81.71779,32.08907],[-81.71522,32.08952],[-81.71451,32.09212],[-81.71389,32.09255],[-81.71178,32.09069],[-81.7094,32.09202],[-81.70831,32.09013],[-81.70544,32.08847],[-81.70369,32.08855],[-81.69858,32.09075],[-81.69769,32.08857],[-81.69589,32.08864],[-81.69602,32.08745],[-81.69285,32.08842],[-81.69226,32.08757],[-81.69076,32.08698],[-81.68909,32.08433],[-81.68897,32.08147],[-81.68844,32.08006],[-81.68468,32.07652],[-81.68347,32.07593],[-81.6806,32.0756],[-81.67888,32.07597],[-81.67641,32.07448],[-81.67506,32.0706],[-81.67281,32.06819],[-81.67252,32.06523],[-81.67316,32.06436],[-81.67298,32.06394],[-81.66627,32.06266],[-81.66523,32.0617],[-81.66538,32.0602],[-81.66486,32.05926],[-81.66068,32.05731],[-81.65658,32.05868],[-81.65426,32.05814],[-81.65121,32.05835],[-81.64835,32.0538],[-81.64645,32.05336],[-81.6439,32.05384],[-81.64367,32.05326],[-81.64495,32.05273],[-81.64452,32.05099],[-81.64177,32.05121],[-81.64194,32.05019],[-81.63998,32.04965],[-81.64113,32.04832],[-81.64068,32.0477],[-81.63936,32.04757],[-81.64019,32.04624],[-81.6384,32.04582],[-81.63893,32.04478],[-81.63834,32.04352],[-81.63702,32.04327],[-81.63653,32.04442],[-81.63539,32.04422],[-81.63514,32.04314],[-81.63595,32.04272],[-81.63683,32.04073],[-81.63632,32.04046],[-81.63471,32.04143],[-81.63387,32.04142],[-81.63309,32.03946],[-81.63179,32.0404],[-81.63129,32.03814],[-81.63003,32.03828],[-81.62975,32.03687],[-81.6287,32.03699],[-81.62605,32.03581],[-81.62346,32.03293],[-81.62235,32.03093],[-81.62144,32.03104],[-81.62106,32.03254],[-81.61951,32.03254],[-81.61976,32.03088],[-81.61799,32.02998],[-81.61833,32.02821],[-81.61732,32.02727],[-81.61702,32.02607],[-81.61423,32.02544],[-81.61507,32.02459],[-81.61685,32.02491],[-81.6185,32.0246],[-81.6172,32.02282],[-81.61678,32.02117],[-81.61609,32.02074],[-81.61444,32.02092],[-81.61375,32.02043],[-81.61366,32.01992],[-81.61435,32.01915],[-81.61181,32.01831],[-81.61178,32.01776],[-81.61275,32.01719],[-81.61152,32.01593],[-81.61077,32.01592],[-81.60993,32.01762],[-81.60915,32.01758],[-81.60898,32.0156],[-81.60763,32.01479],[-81.60744,32.01371],[-81.60638,32.01326],[-81.60699,32.01212],[-81.60583,32.01207],[-81.60443,32.01095],[-81.60432,32.00973],[-81.60344,32.00906],[-81.60537,32.00635],[-81.60566,32.00397],[-81.60455,32.00301],[-81.60223,32.00294],[-81.60258,32.00161],[-81.60165,32.00082],[-81.6018,31.99981],[-81.60086,31.9986],[-81.60024,31.99668],[-81.59972,31.996],[-81.59845,31.99615],[-81.59798,31.99556],[-81.59846,31.99467],[-81.59949,31.9943],[-81.60168,31.99493],[-81.60207,31.99436],[-81.60188,31.99364],[-81.60122,31.99309],[-81.59926,31.99332],[-81.59772,31.9917],[-81.59445,31.9918],[-81.59363,31.9914],[-81.59519,31.98985],[-81.5948,31.98962],[-81.59343,31.99024],[-81.5928,31.98923],[-81.59468,31.98801],[-81.59482,31.98726],[-81.59356,31.98404],[-81.59292,31.98419],[-81.59306,31.98526],[-81.59231,31.98501],[-81.59213,31.98301],[-81.59431,31.98205],[-81.59331,31.98109],[-81.5934,31.97965],[-81.59286,31.97957],[-81.59214,31.98026],[-81.59154,31.98004],[-81.59143,31.97926],[-81.59212,31.97829],[-81.59104,31.97707],[-81.59171,31.97645],[-81.59235,31.97443],[-81.59229,31.97262],[-81.59356,31.97183],[-81.59329,31.97123],[-81.59107,31.97093],[-81.59038,31.9717],[-81.58885,31.97027],[-81.58753,31.96973],[-81.58561,31.97165],[-81.58456,31.97168],[-81.5829,31.9708],[-81.58175,31.97131],[-81.58073,31.97096],[-81.57871,31.97246],[-81.57761,31.97246],[-81.57651,31.97138],[-81.5721,31.96961],[-81.57156,31.96749],[-81.56975,31.96673],[-81.56864,31.96738],[-81.56749,31.96571],[-81.56639,31.9657],[-81.56657,31.96441],[-81.56579,31.96372],[-81.56506,31.9618],[-81.56502,31.9601],[-81.56454,31.95959],[-81.55752,31.95933],[-81.55236,31.95733],[-81.55161,31.95771],[-81.55138,31.95889],[-81.55062,31.95975],[-81.54849,31.96021],[-81.54801,31.95966],[-81.54851,31.95815],[-81.54743,31.95734],[-81.5467,31.9577],[-81.54622,31.95901],[-81.54499,31.9595],[-81.5426,31.95911],[-81.54076,31.96029],[-81.53794,31.9605],[-81.53549,31.95993],[-81.53512,31.96093],[-81.53706,31.96267],[-81.53696,31.96328],[-81.53592,31.96357],[-81.5338,31.96322],[-81.53225,31.96414],[-81.53143,31.96365],[-81.53162,31.9625],[-81.53109,31.96198],[-81.5297,31.96204],[-81.52885,31.96144],[-81.5264,31.96224],[-81.52512,31.96215],[-81.52434,31.96137],[-81.52442,31.96049],[-81.52343,31.96022],[-81.52232,31.95895],[-81.51829,31.95993],[-81.51624,31.96102],[-81.51473,31.96262],[-81.51475,31.96425],[-81.51614,31.965],[-81.5153,31.96612],[-81.51655,31.96627],[-81.51661,31.96677],[-81.51529,31.96705],[-81.51449,31.96784],[-81.51279,31.96798],[-81.51269,31.96933],[-81.5097,31.96875],[-81.50907,31.96681],[-81.50398,31.96278],[-81.50254,31.96295],[-81.49625,31.96833],[-81.4953,31.9686],[-81.48727,31.96634],[-81.4865,31.96562],[-81.48632,31.96402],[-81.48548,31.96364],[-81.48297,31.96641],[-81.48356,31.96772],[-81.48553,31.96842],[-81.48547,31.96927],[-81.48375,31.9699],[-81.48327,31.97074],[-81.48193,31.97021],[-81.47951,31.97075],[-81.4799,31.9716],[-81.48134,31.97199],[-81.48242,31.97161],[-81.48336,31.97253],[-81.48174,31.97319],[-81.48071,31.97309],[-81.4799,31.97368],[-81.47576,31.97426],[-81.47136,31.97218],[-81.46384,31.95001],[-81.42488,31.93816],[-81.42274,31.93827],[-81.4178,31.93956],[-81.4154,31.94067],[-81.4139,31.94244],[-81.41162,31.94254],[-81.40967,31.94391],[-81.40746,31.9442],[-81.40473,31.93813],[-81.40488,31.93668],[-81.40186,31.93166],[-81.3997,31.92919],[-81.40163,31.92731],[-81.40156,31.926],[-81.40086,31.92476],[-81.40132,31.92341],[-81.40105,31.92222],[-81.40278,31.92164],[-81.4043,31.92011],[-81.40423,31.91889],[-81.40353,31.91795],[-81.40374,31.91702],[-81.40246,31.91639],[-81.40221,31.91544],[-81.40038,31.9143],[-81.4009,31.91136],[-81.39964,31.9095],[-81.39776,31.90747],[-81.39496,31.90567],[-81.39443,31.90471],[-81.39513,31.90103],[-81.39458,31.90001],[-81.39336,31.89945],[-81.39217,31.89666],[-81.3916,31.89381],[-81.39274,31.89221],[-81.39319,31.89048],[-81.39426,31.88966],[-81.39561,31.88742],[-81.39496,31.88526],[-81.39627,31.88406],[-81.39643,31.88316],[-81.39278,31.8803],[-81.38809,31.8794],[-81.38666,31.87999],[-81.38564,31.87881],[-81.38502,31.87899],[-81.38519,31.87799],[-81.38434,31.87778],[-81.38418,31.87687],[-81.38293,31.87608],[-81.3832,31.87257],[-81.38102,31.86968],[-81.3807,31.86684],[-81.38139,31.86641],[-81.38101,31.86579],[-81.38164,31.86572],[-81.38226,31.86428],[-81.38186,31.86386],[-81.3827,31.86354],[-81.3825,31.86302],[-81.3831,31.86201],[-81.38398,31.86212],[-81.38299,31.86146],[-81.38395,31.86089],[-81.38245,31.85894],[-81.38356,31.85816],[-81.38225,31.85669],[-81.38121,31.85647],[-81.38229,31.85594],[-81.38178,31.855],[-81.38202,31.85427],[-81.38155,31.85388],[-81.37944,31.85383],[-81.37832,31.85273],[-81.37894,31.85084],[-81.37677,31.85031],[-81.37805,31.84926],[-81.3781,31.84868],[-81.37503,31.84807],[-81.37481,31.84658],[-81.37338,31.84743],[-81.37185,31.84693],[-81.3731,31.84356],[-81.37304,31.84227],[-81.37208,31.84015],[-81.3706,31.84005],[-81.36925,31.8409],[-81.36951,31.84438],[-81.36889,31.84537],[-81.36642,31.84662],[-81.3656,31.84646],[-81.36375,31.84396],[-81.36349,31.84282],[-81.36491,31.84084],[-81.3645,31.84005],[-81.36307,31.83962],[-81.3627,31.83736],[-81.36215,31.837],[-81.35946,31.83737],[-81.35563,31.83883],[-81.35448,31.83879],[-81.3537,31.83821],[-81.35306,31.83758],[-81.35302,31.83616],[-81.35412,31.83514],[-81.35703,31.83463],[-81.35826,31.83271],[-81.35807,31.83122],[-81.3549,31.82969],[-81.35171,31.82593],[-81.35095,31.82559],[-81.3466,31.82573],[-81.34481,31.82479],[-81.34544,31.82097],[-81.34658,31.81836],[-81.34812,31.81781],[-81.35178,31.81954],[-81.3552,31.81931],[-81.35657,31.81783],[-81.35635,31.81566],[-81.35584,31.8149],[-81.35424,31.81434],[-81.34925,31.81422],[-81.34583,31.81501],[-81.34075,31.81708],[-81.33959,31.81805],[-81.33903,31.81879],[-81.33895,31.82036],[-81.34218,31.82499],[-81.34287,31.82794],[-81.34157,31.82947],[-81.34011,31.83032],[-81.33396,31.83149],[-81.33295,31.83254],[-81.33254,31.83402],[-81.33325,31.83544],[-81.33473,31.83619],[-81.34185,31.83427],[-81.34397,31.83441],[-81.34558,31.83571],[-81.34545,31.83704],[-81.34338,31.83907],[-81.34001,31.84055],[-81.33586,31.84083],[-81.33181,31.83983],[-81.32983,31.8385],[-81.32887,31.83704],[-81.3283,31.83407],[-81.32622,31.83012],[-81.32854,31.82578],[-81.32874,31.82482],[-81.32822,31.82301],[-81.3268,31.82231],[-81.32297,31.82177],[-81.31628,31.81809],[-81.31504,31.81679],[-81.31551,31.81473],[-81.31963,31.81001],[-81.32003,31.80841],[-81.31923,31.80681],[-81.31083,31.80031],[-81.31033,31.79951],[-81.30993,31.79772],[-81.31013,31.79561],[-81.31163,31.79222],[-81.31103,31.78991],[-81.30593,31.78902],[-81.30223,31.78941],[-81.28383,31.79442],[-81.27743,31.79461],[-81.27513,31.79352],[-81.27353,31.79261],[-81.27083,31.78972],[-81.26843,31.78462],[-81.26873,31.77952],[-81.27023,31.77492],[-81.27005,31.77289],[-81.27075,31.76879],[-81.27,31.76322],[-81.26765,31.75921],[-81.26255,31.75533],[-81.25758,31.75293],[-81.25206,31.75201],[-81.2498,31.75183],[-81.24976,31.7522],[-81.23539,31.74806],[-81.22842,31.7451],[-81.22086,31.74364],[-81.21447,31.73963],[-81.20815,31.73141],[-81.20363,31.72827],[-81.17746,31.71734],[-81.16674,31.71466],[-81.15473,31.71266],[-81.15473,31.73772],[-81.15543,31.74022],[-81.15803,31.74462],[-81.16472,31.75012],[-81.17103,31.75422],[-81.17312,31.75682],[-81.17362,31.75862],[-81.17312,31.76393],[-81.17053,31.77072],[-81.16793,31.77402],[-81.16163,31.77962],[-81.16043,31.78252],[-81.16073,31.78501],[-81.16252,31.78712],[-81.16442,31.78812],[-81.17223,31.78942],[-81.17973,31.79132],[-81.18113,31.79322],[-81.18102,31.79742],[-81.18002,31.80082],[-81.17683,31.80692],[-81.17703,31.81611],[-81.17613,31.81721],[-81.17392,31.81852],[-81.16813,31.82032],[-81.16301,31.82062],[-81.16093,31.82162],[-81.15933,31.82502],[-81.15843,31.83241],[-81.15663,31.83692],[-81.15454,31.83942],[-81.14934,31.84282],[-81.14474,31.84812],[-81.13933,31.85262],[-81.13851,31.85438],[-81.13853,31.85592],[-81.14233,31.85802],[-81.14912,31.86022],[-81.15263,31.86221],[-81.15512,31.86431],[-81.15833,31.86932],[-81.16103,31.87713],[-81.16132,31.88052],[-81.16077,31.88276],[-81.16119,31.88757],[-81.16904,31.89704],[-81.1734,31.89975],[-81.18043,31.90071],[-81.18557,31.89987],[-81.19138,31.89794],[-81.19825,31.89476],[-81.20865,31.88851],[-81.21217,31.88737],[-81.21839,31.88774],[-81.22121,31.88904],[-81.22234,31.89037],[-81.2227,31.89184],[-81.22239,31.89374],[-81.21952,31.89658],[-81.2164,31.89803],[-81.20223,31.90237],[-81.19592,31.90658],[-81.19368,31.90891],[-81.19067,31.91501],[-81.19063,31.91722],[-81.1913,31.91943],[-81.19382,31.92138],[-81.19703,31.92235],[-81.20331,31.92233],[-81.20856,31.92076],[-81.21231,31.91836],[-81.21783,31.91237],[-81.22559,31.90263],[-81.22797,31.89648],[-81.23125,31.89226],[-81.23431,31.88955],[-81.2356,31.88767],[-81.23836,31.88704],[-81.24007,31.88794],[-81.24236,31.89073],[-81.24307,31.89232],[-81.24299,31.89366],[-81.24142,31.89614],[-81.23628,31.89996],[-81.2342,31.90228],[-81.23309,31.9057],[-81.23317,31.90793],[-81.23525,31.9101],[-81.24096,31.91198],[-81.24615,31.91166],[-81.24983,31.91071],[-81.25141,31.90982],[-81.25462,31.90648],[-81.25741,31.90516],[-81.26132,31.90627],[-81.26568,31.91059],[-81.26605,31.91201],[-81.26583,31.91585],[-81.26471,31.91842],[-81.26363,31.91971],[-81.25985,31.92163],[-81.25753,31.92372],[-81.25731,31.92445],[-81.25803,31.92671],[-81.25963,31.92761],[-81.26162,31.92753],[-81.26913,31.92421],[-81.27303,31.925],[-81.27534,31.92701],[-81.27634,31.93026],[-81.27614,31.93182],[-81.27246,31.9379],[-81.27312,31.94128],[-81.27411,31.94251],[-81.27742,31.9447],[-81.28043,31.94531],[-81.2832,31.94367],[-81.28547,31.94299],[-81.28722,31.94349],[-81.28841,31.94467],[-81.28883,31.94632],[-81.28716,31.94995],[-81.28713,31.9524],[-81.28783,31.95441],[-81.28974,31.95732],[-81.29053,31.96051],[-81.28893,31.9661],[-81.28873,31.96897],[-81.28757,31.97379],[-81.28863,31.9772],[-81.29032,31.97882],[-81.29384,31.9798],[-81.30322,31.97978],[-81.30743,31.98117],[-81.30885,31.98233],[-81.30945,31.98347],[-81.3094,31.98472],[-81.30744,31.98964],[-81.30775,31.99071],[-81.30998,31.99296],[-81.31015,31.99517],[-81.30799,31.99708],[-81.30481,31.99828],[-81.30427,31.99917],[-81.30444,32.00071],[-81.30544,32.00191],[-81.30873,32.00391],[-81.31292,32.004],[-81.31412,32.00451],[-81.31533,32.00691],[-81.31534,32.00791],[-81.31442,32.00951],[-81.31492,32.01141],[-81.31642,32.01141],[-81.31771,32.01011],[-81.31844,32.0078],[-81.31942,32.00688],[-81.32061,32.00682],[-81.32191,32.00741],[-81.32311,32.00942],[-81.32291,32.01161],[-81.3216,32.01301],[-81.31884,32.0141],[-81.3183,32.0155],[-81.31894,32.0162],[-81.31994,32.01641],[-81.32333,32.01521],[-81.32413,32.01541],[-81.32473,32.01661],[-81.32343,32.02011],[-81.32373,32.02111],[-81.32503,32.02181],[-81.3287,32.0192],[-81.33123,32.01981],[-81.33633,32.02251],[-81.33664,32.02392],[-81.33523,32.02561],[-81.33464,32.0277],[-81.33633,32.0291],[-81.33825,32.03291],[-81.33899,32.03293],[-81.34068,32.03131],[-81.34121,32.03134],[-81.34182,32.03196],[-81.34237,32.03418],[-81.34325,32.0342],[-81.34331,32.03302],[-81.34376,32.03306],[-81.34482,32.03434],[-81.34774,32.03549],[-81.34838,32.03913],[-81.3497,32.03801],[-81.34953,32.03508],[-81.35043,32.03424],[-81.35113,32.03503],[-81.35141,32.03691],[-81.35434,32.03947],[-81.35601,32.04207],[-81.35729,32.0422],[-81.36124,32.04572],[-81.36061,32.04864],[-81.36191,32.0489],[-81.36267,32.04825],[-81.36591,32.04779],[-81.36803,32.04853],[-81.36832,32.04921],[-81.36752,32.05132],[-81.37021,32.05446],[-81.36854,32.05615],[-81.36711,32.0566],[-81.36723,32.05729],[-81.3698,32.05887],[-81.36868,32.05991],[-81.37002,32.06213],[-81.37049,32.06389],[-81.37213,32.06526],[-81.37433,32.06498],[-81.37523,32.06621],[-81.37482,32.06739],[-81.37339,32.06839],[-81.3692,32.06791],[-81.36887,32.06899],[-81.37054,32.06963],[-81.37243,32.07195],[-81.37457,32.0729],[-81.3762,32.07304],[-81.37955,32.07483],[-81.38507,32.07992],[-81.38669,32.08218],[-81.38897,32.08705],[-81.38876,32.08836],[-81.38773,32.08865],[-81.38718,32.08938],[-81.38716,32.09044],[-81.3916,32.09555],[-81.39126,32.09983],[-81.39247,32.10099],[-81.39575,32.10222],[-81.39832,32.10412],[-81.39957,32.10461],[-81.40132,32.10415],[-81.40205,32.10474],[-81.40222,32.10696],[-81.40285,32.10727],[-81.40555,32.10232],[-81.40644,32.10184],[-81.40698,32.10217],[-81.40536,32.10381],[-81.40319,32.10763],[-81.40161,32.10728],[-81.40104,32.1063],[-81.40056,32.1064],[-81.40081,32.10745],[-81.40268,32.10793],[-81.40303,32.10842],[-81.40141,32.10901],[-81.40142,32.10993],[-81.40238,32.11119],[-81.40095,32.11201],[-81.40086,32.11273],[-81.40144,32.11348],[-81.40304,32.11314],[-81.40411,32.11373],[-81.40501,32.11564],[-81.40517,32.11866],[-81.40679,32.11952],[-81.40688,32.12156],[-81.40531,32.12071],[-81.40454,32.1208],[-81.40533,32.125],[-81.40819,32.12735],[-81.40783,32.12797],[-81.40665,32.12788],[-81.40559,32.12918],[-81.40694,32.12969],[-81.40716,32.1302],[-81.4063,32.13246],[-81.40703,32.13739],[-81.40495,32.14017],[-81.40594,32.14189],[-81.40387,32.14346],[-81.40195,32.14362],[-81.40192,32.14431],[-81.40332,32.14513],[-81.40387,32.14735],[-81.40343,32.14799],[-81.40201,32.14776],[-81.4015,32.14977],[-81.40395,32.15135],[-81.40562,32.1513],[-81.40639,32.15274],[-81.40773,32.15195],[-81.40847,32.15208],[-81.40769,32.15432],[-81.4081,32.15532],[-81.41012,32.15736],[-81.41189,32.15767],[-81.41383,32.16073],[-81.41336,32.16206],[-81.41262,32.16193],[-81.4119,32.16106],[-81.41094,32.16119],[-81.41146,32.16528],[-81.41084,32.16715],[-81.41,32.16799],[-81.4108,32.17017],[-81.41234,32.1694],[-81.41348,32.16975],[-81.41224,32.1713],[-81.41357,32.17254],[-81.41366,32.17354],[-81.41196,32.17433],[-81.41156,32.17567],[-81.41191,32.17625],[-81.41457,32.17657],[-81.41528,32.18308],[-81.41423,32.18455],[-81.41269,32.18361],[-81.40969,32.18528],[-81.41025,32.1857],[-81.41225,32.18536],[-81.41327,32.1868],[-81.4151,32.18788],[-81.41587,32.18961],[-81.41605,32.1935],[-81.41778,32.19518],[-81.41865,32.19691],[-81.41815,32.19773],[-81.41631,32.19857],[-81.41577,32.19953],[-81.41506,32.20252],[-81.41634,32.20273],[-81.41621,32.20379],[-81.41322,32.20485],[-81.413,32.20567],[-81.41397,32.20561],[-81.4145,32.20642],[-81.41337,32.20779],[-81.41489,32.20859],[-81.41601,32.20987],[-81.41572,32.21154],[-81.41608,32.21216],[-81.41674,32.21227],[-81.41738,32.21121],[-81.41969,32.2115],[-81.42038,32.21018],[-81.42132,32.21018],[-81.42265,32.21231],[-81.42157,32.21318],[-81.42299,32.2139],[-81.4231,32.21508],[-81.42512,32.21501],[-81.42565,32.21636],[-81.42626,32.21671],[-81.42781,32.21575],[-81.42947,32.21686],[-81.42951,32.21779],[-81.42741,32.218],[-81.42701,32.21918],[-81.42767,32.22081],[-81.43005,32.22226],[-81.43011,32.22393],[-81.42943,32.22457],[-81.42813,32.22392],[-81.42683,32.22475],[-81.42615,32.22607],[-81.42613,32.22832],[-81.42774,32.23112],[-81.42849,32.23127],[-81.42947,32.23076],[-81.43009,32.23125],[-81.42844,32.23304],[-81.4286,32.23434],[-81.42965,32.23454],[-81.43068,32.23324],[-81.43157,32.23333],[-81.4322,32.23722],[-81.43553,32.24119],[-81.4999,32.22408],[-81.62481,32.18968],[-81.78062,32.15296],[-81.78168,32.15235]]]}},{"type":"Feature","properties":{"name":"Bulloch"},"geometry":{"type":"Polygon","coordinates":[[[-82.03023,32.53877],[-81.971,32.51324],[-81.97182,32.51238],[-81.97333,32.51183],[-81.97339,32.51071],[-81.97257,32.50849],[-81.9743,32.50566],[-81.97424,32.50485],[-81.97556,32.50357],[-81.978,32.50214],[-81.97869,32.50228],[-81.97983,32.50134],[-81.97883,32.49847],[-81.97762,32.49852],[-81.97687,32.49769],[-81.97617,32.49425],[-81.97662,32.4936],[-81.97538,32.49201],[-81.97571,32.49075],[-81.97404,32.48669],[-81.97421,32.48384],[-81.97604,32.48087],[-81.97643,32.47886],[-81.97625,32.47715],[-81.97561,32.47569],[-81.97471,32.47509],[-81.97464,32.47335],[-81.97379,32.47203],[-81.97412,32.46997],[-81.97183,32.46782],[-81.97022,32.46743],[-81.96825,32.46772],[-81.96683,32.46517],[-81.96537,32.46391],[-81.96397,32.46355],[-81.9642,32.46239],[-81.96367,32.45994],[-81.96413,32.45853],[-81.96333,32.45451],[-81.96212,32.45251],[-81.95962,32.45232],[-81.95839,32.45141],[-81.95729,32.45149],[-81.95614,32.44947],[-81.95608,32.44822],[-81.95516,32.44785],[-81.95425,32.44655],[-81.95342,32.44641],[-81.95329,32.44588],[-81.95137,32.44502],[-81.95004,32.44279],[-81.94924,32.44277],[-81.94912,32.44214],[-81.9473,32.44128],[-81.94658,32.43964],[-81.9455,32.43957],[-81.94479,32.43898],[-81.94383,32.4394],[-81.94408,32.43864],[-81.94316,32.43715],[-81.94158,32.43732],[-81.94088,32.43673],[-81.93976,32.43492],[-81.94075,32.43199],[-81.93877,32.4294],[-81.93887,32.42784],[-81.93986,32.42632],[-81.93666,32.42282],[-81.93246,32.42017],[-81.92399,32.41904],[-81.92266,32.41799],[-81.92144,32.41601],[-81.91867,32.41541],[-81.93747,32.35728],[-81.94933,32.31615],[-81.94904,32.31523],[-81.95094,32.31383],[-81.95125,32.31202],[-81.95232,32.31094],[-81.95257,32.30758],[-81.95145,32.30385],[-81.95283,32.30149],[-81.95354,32.30114],[-81.95385,32.30002],[-81.95469,32.29965],[-81.95684,32.29467],[-81.95645,32.29253],[-81.9573,32.28791],[-81.95692,32.28623],[-81.95768,32.28531],[-81.95996,32.28459],[-81.96012,32.28312],[-81.96159,32.28122],[-81.96131,32.27895],[-81.9619,32.27758],[-81.96362,32.27613],[-81.96334,32.27539],[-81.96427,32.27417],[-81.96705,32.27257],[-81.96691,32.2721],[-81.96753,32.27149],[-81.96876,32.27108],[-81.96906,32.26875],[-81.96715,32.26768],[-81.9634,32.27174],[-81.96223,32.27181],[-81.95899,32.27033],[-81.9547,32.26713],[-81.95321,32.26683],[-81.9394,32.26932],[-81.93452,32.26973],[-81.91835,32.27464],[-81.90957,32.27505],[-81.89273,32.27478],[-81.88644,32.27169],[-81.87866,32.26672],[-81.87423,32.26502],[-81.87308,32.26427],[-81.87279,32.26289],[-81.87151,32.2615],[-81.86848,32.25999],[-81.86791,32.25923],[-81.8652,32.2595],[-81.8617,32.25778],[-81.86059,32.25675],[-81.86089,32.25536],[-81.85967,32.25512],[-81.85945,32.25591],[-81.85739,32.25739],[-81.85634,32.25709],[-81.85531,32.25502],[-81.85526,32.25299],[-81.85227,32.25087],[-81.85126,32.24803],[-81.84918,32.24847],[-81.8465,32.24487],[-81.8439,32.24353],[-81.84201,32.24106],[-81.84064,32.24109],[-81.83835,32.24196],[-81.83334,32.24209],[-81.83224,32.24139],[-81.83176,32.24038],[-81.82901,32.23849],[-81.82063,32.23849],[-81.81852,32.238],[-81.81783,32.23722],[-81.81628,32.23747],[-81.81193,32.23305],[-81.81387,32.23113],[-81.81393,32.23008],[-81.81211,32.22895],[-81.81132,32.22703],[-81.80969,32.22666],[-81.80914,32.22494],[-81.8068,32.22271],[-81.80558,32.22061],[-81.80374,32.21962],[-81.80478,32.21807],[-81.80533,32.21817],[-81.80501,32.21742],[-81.80586,32.21741],[-81.80556,32.21544],[-81.80443,32.21463],[-81.80552,32.21288],[-81.80429,32.2118],[-81.80442,32.21041],[-81.80604,32.20993],[-81.80692,32.20756],[-81.80562,32.20761],[-81.80676,32.20617],[-81.8056,32.20546],[-81.8066,32.20526],[-81.80662,32.20491],[-81.80614,32.20422],[-81.80484,32.20428],[-81.80469,32.20339],[-81.804,32.20313],[-81.80464,32.2023],[-81.80416,32.20088],[-81.80305,32.20098],[-81.8023,32.19964],[-81.8034,32.19906],[-81.80199,32.19791],[-81.8014,32.19619],[-81.80068,32.19576],[-81.79903,32.19618],[-81.79951,32.19558],[-81.79876,32.19473],[-81.7982,32.19486],[-81.79768,32.19435],[-81.79729,32.19488],[-81.79735,32.19347],[-81.79622,32.19371],[-81.79644,32.19315],[-81.7961,32.19298],[-81.7945,32.19329],[-81.79505,32.19394],[-81.79468,32.19426],[-81.79352,32.19313],[-81.79237,32.1932],[-81.79256,32.19233],[-81.79185,32.19204],[-81.79202,32.19155],[-81.79092,32.19078],[-81.79105,32.19017],[-81.79044,32.18992],[-81.79027,32.1889],[-81.78945,32.18872],[-81.78885,32.18771],[-81.79063,32.18628],[-81.78957,32.18646],[-81.78935,32.18551],[-81.78812,32.18523],[-81.78816,32.18426],[-81.78748,32.18432],[-81.78713,32.18181],[-81.78521,32.181],[-81.78658,32.1801],[-81.7856,32.17983],[-81.78603,32.17915],[-81.78544,32.17859],[-81.78544,32.17785],[-81.783,32.17738],[-81.78223,32.17609],[-81.78131,32.1765],[-81.78085,32.17513],[-81.78155,32.17248],[-81.7811,32.1719],[-81.78273,32.17184],[-81.78179,32.16962],[-81.78269,32.16863],[-81.78196,32.16787],[-81.78187,32.1666],[-81.78019,32.16464],[-81.77912,32.16424],[-81.77844,32.16244],[-81.77948,32.16116],[-81.77988,32.1613],[-81.77951,32.16208],[-81.77984,32.16224],[-81.7812,32.16054],[-81.78097,32.15932],[-81.77941,32.15862],[-81.78058,32.15791],[-81.78019,32.15703],[-81.78102,32.15702],[-81.77938,32.15441],[-81.77987,32.15394],[-81.78141,32.15422],[-81.78086,32.15289],[-81.62481,32.18968],[-81.43592,32.24126],[-81.4371,32.24208],[-81.43752,32.24293],[-81.43727,32.24352],[-81.43589,32.24454],[-81.43436,32.24366],[-81.43334,32.24426],[-81.4331,32.24565],[-81.43417,32.24686],[-81.436,32.24712],[-81.43735,32.24791],[-81.43528,32.25059],[-81.4352,32.25136],[-81.43648,32.25217],[-81.43685,32.25429],[-81.43857,32.25446],[-81.43901,32.25539],[-81.43867,32.25635],[-81.43707,32.25687],[-81.43659,32.2584],[-81.4352,32.25887],[-81.43514,32.2597],[-81.43637,32.26177],[-81.43658,32.26315],[-81.43774,32.264],[-81.4375,32.26548],[-81.44173,32.26835],[-81.43991,32.26874],[-81.43957,32.27012],[-81.43827,32.27067],[-81.43837,32.2719],[-81.43951,32.27285],[-81.44002,32.27511],[-81.44168,32.27434],[-81.44367,32.27524],[-81.44543,32.27541],[-81.44527,32.27611],[-81.4432,32.27639],[-81.44339,32.27719],[-81.44503,32.2783],[-81.44715,32.27858],[-81.44989,32.2829],[-81.44933,32.28372],[-81.44897,32.28284],[-81.4483,32.28271],[-81.44633,32.28472],[-81.44691,32.28551],[-81.44824,32.28524],[-81.4489,32.2856],[-81.4473,32.28669],[-81.4478,32.28954],[-81.44887,32.29077],[-81.45026,32.29002],[-81.45153,32.29078],[-81.4528,32.2909],[-81.4531,32.29143],[-81.45298,32.29218],[-81.45214,32.29268],[-81.45319,32.29471],[-81.45253,32.29489],[-81.45132,32.29415],[-81.44954,32.29482],[-81.44908,32.29573],[-81.44974,32.29699],[-81.45231,32.29898],[-81.45267,32.30007],[-81.45429,32.30067],[-81.45161,32.302],[-81.45179,32.30249],[-81.45314,32.30247],[-81.45464,32.30312],[-81.45457,32.30373],[-81.4527,32.30531],[-81.45274,32.3059],[-81.45476,32.30718],[-81.45666,32.30941],[-81.45747,32.30961],[-81.45808,32.30895],[-81.45936,32.30915],[-81.45894,32.31059],[-81.4601,32.31114],[-81.46066,32.313],[-81.46346,32.31369],[-81.46468,32.31269],[-81.46559,32.31293],[-81.46548,32.31409],[-81.4631,32.31702],[-81.46337,32.31741],[-81.46439,32.31716],[-81.46497,32.3175],[-81.46558,32.31952],[-81.4653,32.32153],[-81.46766,32.32323],[-81.46622,32.32423],[-81.46438,32.3238],[-81.46445,32.3252],[-81.46595,32.32647],[-81.46558,32.32888],[-81.46628,32.32888],[-81.4672,32.32784],[-81.47054,32.32961],[-81.47233,32.32834],[-81.47366,32.32827],[-81.47488,32.32916],[-81.47573,32.33057],[-81.47731,32.33148],[-81.47866,32.33057],[-81.4789,32.32938],[-81.48077,32.32892],[-81.48786,32.33391],[-81.48878,32.33538],[-81.48895,32.33673],[-81.48622,32.33756],[-81.48609,32.33826],[-81.49058,32.34307],[-81.49006,32.34494],[-81.49083,32.34677],[-81.48996,32.34798],[-81.49102,32.35192],[-81.49177,32.35193],[-81.49196,32.35076],[-81.49321,32.3499],[-81.4948,32.34985],[-81.49804,32.35128],[-81.50087,32.35378],[-81.5042,32.35542],[-81.5077,32.35794],[-81.50791,32.36015],[-81.50886,32.36135],[-81.50821,32.36351],[-81.50905,32.36749],[-81.50866,32.36829],[-81.50903,32.36872],[-81.50851,32.36993],[-81.50865,32.3714],[-81.50943,32.37146],[-81.5112,32.37017],[-81.51147,32.36931],[-81.51201,32.36942],[-81.51234,32.37034],[-81.51405,32.37167],[-81.51434,32.37558],[-81.51596,32.37669],[-81.52078,32.37687],[-81.52097,32.3778],[-81.52003,32.37934],[-81.52025,32.38075],[-81.52155,32.38077],[-81.52176,32.37923],[-81.52322,32.38041],[-81.5228,32.38289],[-81.52377,32.38537],[-81.52235,32.38753],[-81.52348,32.38866],[-81.52321,32.38949],[-81.52231,32.38997],[-81.52332,32.39294],[-81.52437,32.39281],[-81.52422,32.39156],[-81.52727,32.39084],[-81.52821,32.39124],[-81.52789,32.39252],[-81.52866,32.39258],[-81.52898,32.39173],[-81.53058,32.39033],[-81.5329,32.39126],[-81.5349,32.39358],[-81.53448,32.39637],[-81.53356,32.39576],[-81.53327,32.39634],[-81.53402,32.39902],[-81.53545,32.40079],[-81.53442,32.40116],[-81.53512,32.40236],[-81.53393,32.40348],[-81.53319,32.40551],[-81.53263,32.40566],[-81.53275,32.40687],[-81.53404,32.40842],[-81.53477,32.40826],[-81.53701,32.41051],[-81.53839,32.41289],[-81.54064,32.41384],[-81.54126,32.41583],[-81.54272,32.41745],[-81.54256,32.41918],[-81.54097,32.42085],[-81.54014,32.4201],[-81.54044,32.41835],[-81.53818,32.41902],[-81.53849,32.42049],[-81.5366,32.42083],[-81.53531,32.42227],[-81.53546,32.4246],[-81.53633,32.42581],[-81.53637,32.42735],[-81.53718,32.42951],[-81.53692,32.43003],[-81.53611,32.42993],[-81.53606,32.43093],[-81.53766,32.43367],[-81.5388,32.43447],[-81.539,32.43561],[-81.53783,32.43659],[-81.53261,32.43756],[-81.53185,32.43812],[-81.53054,32.44166],[-81.5271,32.44563],[-81.52573,32.44982],[-81.52727,32.45394],[-81.53009,32.45649],[-81.53119,32.45842],[-81.53142,32.45922],[-81.53056,32.46108],[-81.53083,32.46222],[-81.53029,32.4631],[-81.53232,32.46365],[-81.53268,32.46419],[-81.53134,32.46594],[-81.53146,32.46653],[-81.53241,32.46676],[-81.53259,32.46602],[-81.53331,32.46583],[-81.53618,32.46663],[-81.53679,32.46509],[-81.53801,32.46548],[-81.53872,32.46633],[-81.54239,32.46609],[-81.54303,32.46681],[-81.54159,32.46938],[-81.54061,32.46934],[-81.54021,32.46977],[-81.54147,32.47301],[-81.53979,32.47638],[-81.53857,32.47674],[-81.53757,32.47448],[-81.53583,32.47547],[-81.53588,32.4808],[-81.53652,32.48205],[-81.53902,32.48387],[-81.54148,32.48432],[-81.5424,32.48547],[-81.5438,32.48547],[-81.54577,32.48678],[-81.5474,32.48653],[-81.54784,32.48714],[-81.5477,32.48905],[-81.54948,32.49189],[-81.55061,32.49226],[-81.55183,32.49175],[-81.5529,32.4927],[-81.55469,32.49253],[-81.55618,32.49584],[-81.55706,32.49651],[-81.55762,32.49654],[-81.55836,32.49553],[-81.56026,32.49557],[-81.56045,32.49582],[-81.55971,32.49596],[-81.55981,32.49645],[-81.56267,32.49773],[-81.56192,32.49873],[-81.56303,32.49981],[-81.56165,32.50042],[-81.5615,32.5013],[-81.56266,32.5017],[-81.56715,32.50171],[-81.57078,32.50597],[-81.57212,32.50545],[-81.57281,32.50604],[-81.57413,32.50589],[-81.57429,32.50637],[-81.57359,32.50733],[-81.57401,32.50828],[-81.57591,32.50935],[-81.57848,32.51247],[-81.58543,32.51187],[-81.58775,32.51244],[-81.59476,32.50923],[-81.5955,32.50805],[-81.59343,32.50782],[-81.59294,32.50711],[-81.59337,32.50658],[-81.5956,32.50646],[-81.59883,32.50736],[-81.59956,32.50763],[-81.5992,32.50858],[-81.59989,32.50917],[-81.60527,32.51096],[-81.60524,32.5116],[-81.60384,32.51205],[-81.60609,32.51318],[-81.60577,32.5141],[-81.60629,32.51459],[-81.60869,32.51333],[-81.61073,32.51365],[-81.61146,32.51448],[-81.61252,32.51379],[-81.61292,32.51474],[-81.6126,32.51632],[-81.61517,32.51553],[-81.61642,32.5157],[-81.61755,32.51795],[-81.61748,32.52049],[-81.61827,32.5231],[-81.61696,32.5242],[-81.61745,32.52505],[-81.62064,32.52545],[-81.62125,32.52493],[-81.62124,32.52394],[-81.62386,32.5238],[-81.62436,32.52468],[-81.6272,32.5247],[-81.62888,32.52413],[-81.6301,32.52628],[-81.62868,32.52768],[-81.62876,32.52856],[-81.63006,32.52825],[-81.63266,32.53016],[-81.63333,32.52918],[-81.6394,32.53253],[-81.63972,32.5321],[-81.64172,32.5318],[-81.64073,32.52971],[-81.64125,32.52923],[-81.64637,32.52879],[-81.64715,32.52755],[-81.64812,32.52747],[-81.65054,32.53006],[-81.6506,32.5316],[-81.65313,32.53104],[-81.65449,32.53151],[-81.65451,32.53211],[-81.65353,32.53328],[-81.65345,32.53447],[-81.65547,32.53703],[-81.65521,32.53802],[-81.65652,32.53991],[-81.65841,32.53953],[-81.65943,32.53981],[-81.65993,32.53908],[-81.65976,32.53684],[-81.66164,32.53709],[-81.6658,32.5388],[-81.66579,32.53923],[-81.6647,32.53952],[-81.66443,32.54037],[-81.66485,32.54179],[-81.66593,32.54266],[-81.66619,32.54423],[-81.6669,32.54435],[-81.66879,32.54329],[-81.67122,32.54342],[-81.67543,32.54455],[-81.67618,32.54528],[-81.67574,32.54723],[-81.67764,32.54841],[-81.68229,32.54844],[-81.6832,32.54922],[-81.68381,32.54919],[-81.68518,32.5483],[-81.68614,32.54852],[-81.68771,32.54608],[-81.68865,32.54658],[-81.68964,32.54629],[-81.69041,32.54776],[-81.69173,32.54844],[-81.6926,32.54967],[-81.69611,32.55106],[-81.69521,32.55228],[-81.6971,32.5536],[-81.6993,32.55635],[-81.70055,32.5561],[-81.70193,32.55753],[-81.70341,32.55826],[-81.70369,32.5591],[-81.70254,32.55952],[-81.70277,32.56143],[-81.70425,32.56232],[-81.70501,32.5634],[-81.70635,32.56348],[-81.70685,32.56486],[-81.70798,32.56584],[-81.70898,32.56613],[-81.71211,32.56565],[-81.71234,32.56446],[-81.71319,32.56343],[-81.71403,32.56463],[-81.71565,32.56467],[-81.71812,32.56595],[-81.71941,32.56572],[-81.71934,32.56706],[-81.72163,32.56875],[-81.72384,32.57179],[-81.72459,32.57223],[-81.72549,32.57177],[-81.72711,32.57223],[-81.72663,32.57353],[-81.72955,32.57384],[-81.7301,32.57438],[-81.7302,32.57541],[-81.7325,32.57632],[-81.73262,32.57682],[-81.73193,32.57766],[-81.73306,32.57846],[-81.73247,32.57933],[-81.7337,32.57964],[-81.73451,32.58076],[-81.73456,32.5835],[-81.73394,32.58368],[-81.73332,32.58577],[-81.73859,32.58643],[-81.73978,32.58788],[-81.74175,32.58785],[-81.74121,32.59002],[-81.74338,32.59135],[-81.74512,32.59113],[-81.74607,32.59159],[-81.74637,32.59347],[-81.74813,32.59523],[-81.74748,32.59572],[-81.7486,32.59784],[-81.74941,32.59782],[-81.74956,32.59673],[-81.75024,32.59661],[-81.75131,32.59714],[-81.75277,32.59891],[-81.75481,32.5992],[-81.75492,32.60055],[-81.75386,32.60139],[-81.75474,32.60215],[-81.75565,32.60214],[-81.75606,32.60152],[-81.75799,32.60149],[-81.76029,32.60244],[-81.76083,32.60192],[-81.7605,32.60062],[-81.76149,32.60056],[-81.76638,32.60455],[-81.76816,32.60667],[-81.76838,32.60806],[-81.77115,32.60923],[-81.77362,32.60911],[-81.77274,32.60825],[-81.77236,32.60698],[-81.77283,32.60667],[-81.77379,32.60704],[-81.77744,32.60934],[-81.77949,32.61109],[-81.78003,32.6122],[-81.78177,32.61306],[-81.78397,32.61521],[-81.78464,32.61722],[-81.78284,32.61913],[-81.78313,32.6205],[-81.78486,32.62194],[-81.78603,32.62175],[-81.7885,32.62262],[-81.78819,32.62364],[-81.7905,32.62449],[-81.79052,32.62496],[-81.7896,32.62552],[-81.79131,32.62736],[-81.79382,32.62852],[-81.79542,32.62801],[-81.79618,32.62682],[-81.79737,32.62624],[-81.79905,32.62717],[-81.8008,32.62892],[-81.80117,32.63026],[-81.80045,32.63088],[-81.79836,32.63101],[-81.79804,32.6318],[-81.80065,32.63424],[-81.80028,32.63571],[-81.80214,32.63617],[-81.80296,32.63761],[-81.80077,32.63979],[-81.80045,32.64139],[-81.80351,32.64418],[-81.80723,32.64399],[-81.80836,32.64582],[-81.81016,32.64739],[-81.81096,32.64732],[-81.81103,32.64634],[-81.81314,32.64676],[-81.81338,32.6457],[-81.81601,32.64761],[-81.81932,32.64673],[-81.82224,32.64906],[-81.82699,32.65056],[-81.8271,32.65105],[-81.82592,32.65163],[-81.82645,32.65244],[-81.82973,32.65306],[-81.83135,32.65253],[-81.83431,32.65343],[-81.83498,32.65231],[-81.83795,32.6521],[-81.83654,32.65094],[-81.83972,32.64939],[-82.00151,32.60688],[-82.02684,32.55516],[-82.03023,32.53877]]]}},{"type":"Feature","properties":{"name":"Burke"},"geometry":{"type":"Polygon","coordinates":[[[-82.03699,32.91912],[-81.95645,32.92372],[-81.85797,32.95388],[-81.85691,32.95339],[-81.85686,32.95225],[-81.85571,32.95186],[-81.85513,32.951],[-81.85408,32.95084],[-81.85394,32.9501],[-81.8528,32.95016],[-81.85265,32.95053],[-81.84869,32.94944],[-81.84811,32.94884],[-81.8476,32.9491],[-81.84619,32.94846],[-81.84489,32.94854],[-81.84316,32.94729],[-81.84258,32.94748],[-81.8417,32.94667],[-81.841,32.94679],[-81.8401,32.94573],[-81.83906,32.94567],[-81.83953,32.94523],[-81.83898,32.9445],[-81.83589,32.94421],[-81.83429,32.94487],[-81.82886,32.94227],[-81.82788,32.94229],[-81.82781,32.94292],[-81.82507,32.94368],[-81.82439,32.9449],[-81.82171,32.94525],[-81.82052,32.9462],[-81.81974,32.94611],[-81.81858,32.94566],[-81.8168,32.94362],[-81.81555,32.94316],[-81.81458,32.94005],[-81.81539,32.93759],[-81.8146,32.93683],[-81.80675,32.93407],[-81.80542,32.93471],[-81.80575,32.93509],[-81.80531,32.93563],[-81.80302,32.93505],[-81.80084,32.93548],[-81.80064,32.93465],[-81.8002,32.93464],[-81.80046,32.93496],[-81.79905,32.93472],[-81.79913,32.93384],[-81.79777,32.93379],[-81.79751,32.93418],[-81.79729,32.93343],[-81.79584,32.93333],[-81.79479,32.93159],[-81.7938,32.9316],[-81.79316,32.93053],[-81.79197,32.93044],[-81.79112,32.92939],[-81.78967,32.92944],[-81.78941,32.93016],[-81.78797,32.93011],[-81.78638,32.92908],[-81.78578,32.9293],[-81.78525,32.92813],[-81.78365,32.92848],[-81.78311,32.92725],[-81.78147,32.92641],[-81.78119,32.92559],[-81.78074,32.92582],[-81.77968,32.92458],[-81.7774,32.92351],[-81.77739,32.92273],[-81.77597,32.92119],[-81.77533,32.92108],[-81.77551,32.92078],[-81.77415,32.92046],[-81.77434,32.91999],[-81.77282,32.91813],[-81.77331,32.91686],[-81.77317,32.91554],[-81.77189,32.91441],[-81.77239,32.91411],[-81.77227,32.91246],[-81.77185,32.91225],[-81.77221,32.91196],[-81.77151,32.91137],[-81.77026,32.91163],[-81.77054,32.91124],[-81.76973,32.91079],[-81.76949,32.91002],[-81.76856,32.90999],[-81.76869,32.90953],[-81.76777,32.90927],[-81.62489,32.99642],[-81.54183,33.04565],[-81.54224,33.04736],[-81.54378,33.04857],[-81.5466,33.04883],[-81.55179,33.04339],[-81.55315,33.0432],[-81.55861,33.04451],[-81.5655,33.04789],[-81.56601,33.04942],[-81.56034,33.05004],[-81.55917,33.05176],[-81.5594,33.0549],[-81.56046,33.05648],[-81.56225,33.0576],[-81.56337,33.06016],[-81.5643,33.06078],[-81.5662,33.06086],[-81.56699,33.0604],[-81.56706,33.05973],[-81.56344,33.05751],[-81.56277,33.05612],[-81.56631,33.05343],[-81.56756,33.05324],[-81.56989,33.0545],[-81.57288,33.05418],[-81.57324,33.0549],[-81.57131,33.05687],[-81.5718,33.05808],[-81.57283,33.05864],[-81.57542,33.05746],[-81.57704,33.05725],[-81.57812,33.05777],[-81.57833,33.05894],[-81.5745,33.06005],[-81.57411,33.0607],[-81.57491,33.0618],[-81.58025,33.06176],[-81.58099,33.0627],[-81.57716,33.06434],[-81.57719,33.06594],[-81.57875,33.0662],[-81.5831,33.06496],[-81.5838,33.06702],[-81.58297,33.06857],[-81.58436,33.0699],[-81.58731,33.06985],[-81.59086,33.07274],[-81.59252,33.07306],[-81.59265,33.06991],[-81.59359,33.0695],[-81.59483,33.07057],[-81.59603,33.07269],[-81.59852,33.07238],[-81.60095,33.07282],[-81.60324,33.07442],[-81.6033,33.07509],[-81.59899,33.07668],[-81.59683,33.07856],[-81.5965,33.07989],[-81.60132,33.08705],[-81.60253,33.08681],[-81.60359,33.08458],[-81.60684,33.08172],[-81.6107,33.07995],[-81.61207,33.08002],[-81.6129,33.08102],[-81.61294,33.08398],[-81.60953,33.08688],[-81.60829,33.08902],[-81.60997,33.09301],[-81.61166,33.09426],[-81.61499,33.09555],[-81.61726,33.0957],[-81.62205,33.09478],[-81.63403,33.09375],[-81.63723,33.09295],[-81.64113,33.09295],[-81.64373,33.09355],[-81.64853,33.09585],[-81.65243,33.09855],[-81.65503,33.10105],[-81.65903,33.10345],[-81.66513,33.10585],[-81.67183,33.10775],[-81.67943,33.11175],[-81.68703,33.11345],[-81.69693,33.11655],[-81.69983,33.11675],[-81.70313,33.11615],[-81.70463,33.11645],[-81.71163,33.12195],[-81.71713,33.12405],[-81.72173,33.12645],[-81.72433,33.12945],[-81.72953,33.13375],[-81.73513,33.13665],[-81.73903,33.13935],[-81.74384,33.14145],[-81.74524,33.14335],[-81.74633,33.14605],[-81.74963,33.14705],[-81.75214,33.14855],[-81.75884,33.15565],[-81.76274,33.15885],[-81.76334,33.15995],[-81.76423,33.16525],[-81.76804,33.16755],[-81.76824,33.16795],[-81.76684,33.17025],[-81.76673,33.17145],[-81.77243,33.18045],[-81.77243,33.18125],[-81.77123,33.18125],[-81.76824,33.17825],[-81.76613,33.17785],[-81.76544,33.17835],[-81.76493,33.17995],[-81.76693,33.18205],[-81.76764,33.18355],[-81.76773,33.18465],[-81.76704,33.18655],[-81.76573,33.18795],[-81.76283,33.18825],[-81.76063,33.18925],[-81.75954,33.19475],[-81.75684,33.19795],[-81.75824,33.20025],[-81.76163,33.20175],[-81.76354,33.20365],[-81.76434,33.20715],[-81.76584,33.21075],[-81.76724,33.21275],[-81.76764,33.21575],[-81.76893,33.21745],[-81.77223,33.21945],[-81.77403,33.22115],[-81.77693,33.22185],[-81.77844,33.22185],[-81.78013,33.22115],[-81.78103,33.21985],[-81.77733,33.21495],[-81.77753,33.21135],[-81.77893,33.20985],[-81.78454,33.20815],[-81.79024,33.20845],[-81.79824,33.21165],[-81.80524,33.21144],[-81.80734,33.21265],[-81.80794,33.21375],[-81.80814,33.21945],[-81.80924,33.22215],[-81.81044,33.22325],[-81.81554,33.22475],[-81.82154,33.22735],[-81.82794,33.22875],[-81.83134,33.23314],[-81.83504,33.23615],[-81.83894,33.23885],[-81.84284,33.23995],[-81.84654,33.24175],[-81.84864,33.24505],[-81.85194,33.24754],[-81.85246,33.24668],[-81.85374,33.24624],[-81.85489,33.24645],[-81.85615,33.2458],[-81.8583,33.24574],[-81.86232,33.24751],[-81.86344,33.24738],[-81.86741,33.25048],[-81.86878,33.25079],[-81.86974,33.25228],[-81.87101,33.25255],[-81.87747,33.25872],[-81.88154,33.25987],[-81.88298,33.26086],[-81.88514,33.26113],[-81.88604,33.26185],[-81.88728,33.26162],[-81.88817,33.26044],[-81.89044,33.26014],[-81.89164,33.26054],[-81.89374,33.26024],[-81.89534,33.26095],[-81.89644,33.26074],[-81.8986,33.26138],[-81.90129,33.26129],[-81.90391,33.26004],[-81.90496,33.26001],[-81.90611,33.25912],[-81.90949,33.25863],[-81.91195,33.2592],[-81.91462,33.25914],[-81.92378,33.25716],[-81.92749,33.25448],[-81.93327,33.25339],[-81.93739,33.25171],[-81.93884,33.2502],[-81.93856,33.24885],[-81.94048,33.24693],[-81.94309,33.24557],[-81.94675,33.24218],[-81.94836,33.2415],[-81.95161,33.23893],[-81.96023,33.23596],[-81.96186,33.23382],[-81.96295,33.23317],[-81.96489,33.23286],[-81.96858,33.23079],[-81.97024,33.23101],[-81.97472,33.22984],[-81.97919,33.22716],[-81.98655,33.22887],[-81.98867,33.22793],[-81.98995,33.22792],[-81.99502,33.22948],[-81.99677,33.23105],[-82.00149,33.23139],[-82.00868,33.23353],[-82.01006,33.23303],[-82.01149,33.23391],[-82.01565,33.23274],[-82.01765,33.23266],[-82.02179,33.23368],[-82.02342,33.23308],[-82.02465,33.23322],[-82.02631,33.23191],[-82.0291,33.23194],[-82.0337,33.23315],[-82.03451,33.23385],[-82.03578,33.2336],[-82.03906,33.23449],[-82.0402,33.23541],[-82.04099,33.235],[-82.04414,33.2364],[-82.04603,33.2364],[-82.04758,33.23708],[-82.0483,33.23804],[-82.04921,33.2383],[-82.04992,33.23782],[-82.05175,33.23934],[-82.05666,33.24132],[-82.05844,33.24157],[-82.06003,33.24257],[-82.06406,33.2408],[-82.07231,33.23904],[-82.07574,33.23688],[-82.07623,33.23577],[-82.07758,33.23566],[-82.08284,33.23263],[-82.08531,33.23228],[-82.08816,33.23025],[-82.09259,33.23008],[-82.09714,33.23061],[-82.10094,33.23167],[-82.1034,33.23301],[-82.10484,33.23505],[-82.10605,33.23561],[-82.10753,33.23755],[-82.10757,33.23928],[-82.10838,33.24006],[-82.10829,33.24064],[-82.10913,33.24131],[-82.11075,33.24154],[-82.11192,33.24253],[-82.11357,33.24306],[-82.11479,33.24448],[-82.11959,33.24776],[-82.12126,33.2479],[-82.12533,33.24967],[-82.12523,33.2505],[-82.126,33.25115],[-82.12579,33.25266],[-82.12691,33.25419],[-82.12877,33.25923],[-82.13011,33.26047],[-82.12927,33.26364],[-82.13024,33.26534],[-82.12994,33.2667],[-82.1325,33.269],[-82.13304,33.27073],[-82.1328,33.27253],[-82.13371,33.27425],[-82.13375,33.27588],[-82.13723,33.27744],[-82.1382,33.27879],[-82.14019,33.28015],[-82.14379,33.28186],[-82.15205,33.28239],[-82.1559,33.28547],[-82.15778,33.28617],[-82.15916,33.28807],[-82.16109,33.28938],[-82.16247,33.29333],[-82.16397,33.29547],[-82.16508,33.296],[-82.16815,33.29612],[-82.17,33.29699],[-82.1738,33.29685],[-82.17852,33.29554],[-82.24984,33.27335],[-82.26758,33.2674],[-82.26566,33.26636],[-82.26244,33.26566],[-82.25956,33.26358],[-82.25782,33.26115],[-82.25495,33.25937],[-82.25443,33.2566],[-82.25117,33.25425],[-82.25069,33.25326],[-82.24937,33.2531],[-82.24842,33.25012],[-82.24664,33.24886],[-82.2462,33.24787],[-82.24701,33.24586],[-82.2452,33.24446],[-82.24424,33.24432],[-82.24369,33.24243],[-82.24253,33.24123],[-82.24266,33.24048],[-82.24162,33.23939],[-82.24081,33.23932],[-82.24096,33.23765],[-82.2403,33.23706],[-82.24182,33.23526],[-82.24114,33.23331],[-82.2387,33.23188],[-82.23661,33.23133],[-82.23486,33.23169],[-82.23436,33.23136],[-82.23412,33.23219],[-82.23303,33.23175],[-82.23255,33.23121],[-82.23281,33.22853],[-82.24461,33.20567],[-82.25135,33.18987],[-82.25519,33.17932],[-82.25862,33.17244],[-82.26684,33.15312],[-82.28105,33.11035],[-82.28582,33.08487],[-82.29117,33.06297],[-82.28798,33.03738],[-82.28188,33.00823],[-82.27605,32.96035],[-82.27235,32.9378],[-82.29397,32.88257],[-82.31652,32.83594],[-82.31624,32.83488],[-82.31472,32.83424],[-82.31453,32.83315],[-82.31294,32.8315],[-82.31236,32.82999],[-82.31037,32.82954],[-82.30969,32.82979],[-82.30875,32.82921],[-82.30843,32.82828],[-82.30503,32.828],[-82.30427,32.82712],[-82.30083,32.82676],[-82.30032,32.82585],[-82.29599,32.82677],[-82.29151,32.82585],[-82.28878,32.82656],[-82.28714,32.82516],[-82.28545,32.82637],[-82.28273,32.8258],[-82.27823,32.8257],[-82.27482,32.82429],[-82.27246,32.82169],[-82.27096,32.82106],[-82.26889,32.82244],[-82.27001,32.8235],[-82.26962,32.82428],[-82.26806,32.82528],[-82.26748,32.82521],[-82.26725,32.82453],[-82.26636,32.8246],[-82.26633,32.82596],[-82.26588,32.82638],[-82.2653,32.82616],[-82.26464,32.82459],[-82.26178,32.82326],[-82.25959,32.82441],[-82.25876,32.82389],[-82.25606,32.82392],[-82.25418,32.82255],[-82.25504,32.82178],[-82.25532,32.82043],[-82.25323,32.81753],[-82.25201,32.81729],[-82.25057,32.81856],[-82.24991,32.81856],[-82.24878,32.81754],[-82.24785,32.8174],[-82.24744,32.8164],[-82.24535,32.81583],[-82.24284,32.81315],[-82.23966,32.81243],[-82.23501,32.8147],[-82.22729,32.81241],[-82.22633,32.8131],[-82.22491,32.81246],[-82.22295,32.81269],[-82.22254,32.81234],[-82.22267,32.81135],[-82.22198,32.8107],[-82.22227,32.80995],[-82.22056,32.80803],[-82.21985,32.80813],[-82.22036,32.80886],[-82.2198,32.80924],[-82.21801,32.80821],[-82.21593,32.80814],[-82.21522,32.80564],[-82.21584,32.80472],[-82.21417,32.80371],[-82.21154,32.80471],[-82.21123,32.80425],[-82.21034,32.80436],[-82.20785,32.80564],[-82.20693,32.80544],[-82.20645,32.80449],[-82.20384,32.80505],[-82.20297,32.80395],[-82.20142,32.80467],[-82.19909,32.80743],[-82.19611,32.80822],[-82.1958,32.80919],[-82.19425,32.80812],[-82.19418,32.80694],[-82.1913,32.80612],[-82.18874,32.80696],[-82.18769,32.80675],[-82.18739,32.80704],[-82.1877,32.80842],[-82.18703,32.80943],[-82.1854,32.80842],[-82.1846,32.80981],[-82.18315,32.80963],[-82.18148,32.81111],[-82.17865,32.81093],[-82.17817,32.81222],[-82.17705,32.81136],[-82.1767,32.81173],[-82.17701,32.81248],[-82.17563,32.81244],[-82.17488,32.8133],[-82.17339,32.81242],[-82.17126,32.8127],[-82.16805,32.81084],[-82.16662,32.81127],[-82.16596,32.81249],[-82.16488,32.81262],[-82.1641,32.81212],[-82.16166,32.81323],[-82.16006,32.81295],[-82.15957,32.81351],[-82.1603,32.81378],[-82.16029,32.8151],[-82.15851,32.81501],[-82.15777,32.81603],[-82.15462,32.81414],[-82.15417,32.81441],[-82.15528,32.81558],[-82.15468,32.81582],[-82.15224,32.8153],[-82.15122,32.81431],[-82.14943,32.81496],[-82.14692,32.81488],[-82.14644,32.81456],[-82.14644,32.81337],[-82.14502,32.81268],[-82.14794,32.81976],[-82.12374,32.88366],[-82.08134,32.91678],[-82.03699,32.91912]]]}},{"type":"Feature","properties":{"name":"Butts"},"geometry":{"type":"Polygon","coordinates":[[[-83.86295,33.34348],[-83.86049,33.34895],[-83.85767,33.35241],[-83.85709,33.35379],[-83.85788,33.35551],[-83.86107,33.35773],[-83.86199,33.35904],[-83.8611,33.36375],[-83.86127,33.36531],[-83.86438,33.37085],[-83.8666,33.3726],[-83.86432,33.37567],[-83.86435,33.37712],[-83.86562,33.37772],[-83.86891,33.3773],[-83.87329,33.37804],[-83.87485,33.37944],[-83.87764,33.38367],[-83.87726,33.38594],[-83.87878,33.38979],[-83.88136,33.39108],[-83.88673,33.39161],[-83.8894,33.39317],[-83.89236,33.39402],[-83.89454,33.39581],[-83.89508,33.39673],[-83.8959,33.40202],[-83.89511,33.4073],[-83.89541,33.40794],[-83.89805,33.41029],[-83.90042,33.41072],[-83.903,33.41226],[-83.90519,33.41288],[-83.90635,33.4143],[-83.90656,33.41605],[-83.90829,33.41783],[-83.91009,33.41828],[-83.91252,33.41775],[-83.91247,33.42096],[-83.91068,33.42416],[-83.91045,33.4259],[-83.91225,33.42677],[-83.9152,33.42728],[-83.91422,33.43044],[-83.91617,33.43335],[-83.915,33.43606],[-83.91631,33.43636],[-83.91841,33.43439],[-83.91969,33.43433],[-83.91999,33.43606],[-83.91883,33.43886],[-83.92173,33.44106],[-83.92391,33.44419],[-83.9326,33.44452],[-83.9326,33.44186],[-83.93325,33.44158],[-83.9435,33.44178],[-83.94352,33.42529],[-83.95403,33.42522],[-83.95403,33.41924],[-83.96311,33.41919],[-83.96311,33.40758],[-83.97313,33.40756],[-83.97322,33.38519],[-83.966,33.38513],[-83.96602,33.3817],[-83.96733,33.38031],[-83.96354,33.3784],[-83.96386,33.37725],[-83.96437,33.37725],[-83.96437,33.37515],[-83.97692,33.37474],[-83.97684,33.37395],[-83.97872,33.372],[-83.98084,33.37173],[-83.98215,33.37018],[-83.98321,33.37006],[-83.98328,33.36912],[-83.98403,33.36819],[-83.98601,33.36747],[-83.98902,33.36829],[-83.99351,33.36853],[-84.0076,33.36835],[-84.00822,33.3662],[-84.01303,33.36007],[-84.02101,33.35694],[-84.02395,33.35683],[-84.02483,33.35726],[-84.02518,33.35846],[-84.02443,33.36129],[-84.03268,33.36164],[-84.03299,33.3428],[-84.0383,33.34283],[-84.04026,33.34138],[-84.04253,33.34111],[-84.04267,33.33654],[-84.04453,33.33719],[-84.0446,33.3335],[-84.04266,33.3335],[-84.04265,33.33133],[-84.0458,33.33132],[-84.04591,33.32955],[-84.05364,33.32955],[-84.0537,33.31774],[-84.06127,33.30958],[-84.06359,33.3098],[-84.06353,33.31761],[-84.073,33.31761],[-84.07334,33.30182],[-84.08024,33.30187],[-84.08138,33.30045],[-84.08615,33.29763],[-84.08646,33.29882],[-84.08741,33.29957],[-84.08859,33.30194],[-84.10244,33.30209],[-84.10251,33.2981],[-84.09885,33.2948],[-84.09714,33.29382],[-84.09672,33.29282],[-84.09721,33.2921],[-84.09698,33.29166],[-84.09301,33.28992],[-84.09145,33.2865],[-84.08899,33.28565],[-84.12262,33.25267],[-84.12268,33.2488],[-84.11812,33.24873],[-84.11812,33.24442],[-84.123,33.24451],[-84.12377,33.20282],[-84.01738,33.20258],[-83.91189,33.20167],[-83.87701,33.20239],[-83.86871,33.20199],[-83.86732,33.20166],[-83.86574,33.20022],[-83.85938,33.20058],[-83.85834,33.19946],[-83.85613,33.19836],[-83.85586,33.19708],[-83.8536,33.19665],[-83.85253,33.19484],[-83.84978,33.19521],[-83.84889,33.1959],[-83.84643,33.19653],[-83.84603,33.19717],[-83.84448,33.19666],[-83.84249,33.19672],[-83.84,33.19515],[-83.84006,33.19263],[-83.83699,33.18963],[-83.83552,33.18968],[-83.83508,33.18677],[-83.83312,33.18559],[-83.8326,33.18465],[-83.82983,33.18421],[-83.82855,33.1829],[-83.82721,33.18276],[-83.82744,33.18201],[-83.82407,33.18162],[-83.8222,33.18022],[-83.81732,33.18617],[-83.8119,33.19002],[-83.80774,33.19159],[-83.80736,33.1934],[-83.80922,33.194],[-83.81346,33.19289],[-83.81584,33.19355],[-83.81681,33.19437],[-83.81711,33.19571],[-83.81445,33.196],[-83.81269,33.19672],[-83.81187,33.19827],[-83.81261,33.19942],[-83.8141,33.2001],[-83.81883,33.2006],[-83.82058,33.20139],[-83.82393,33.20472],[-83.82457,33.2062],[-83.82459,33.20926],[-83.82575,33.21027],[-83.83015,33.21056],[-83.83286,33.20926],[-83.83403,33.2097],[-83.83442,33.21058],[-83.833,33.21315],[-83.82777,33.21747],[-83.82369,33.22175],[-83.82181,33.2287],[-83.81903,33.23315],[-83.81537,33.24059],[-83.81419,33.2419],[-83.81435,33.24378],[-83.81334,33.24593],[-83.8141,33.24732],[-83.81342,33.24859],[-83.81421,33.24928],[-83.81647,33.24981],[-83.81711,33.25195],[-83.8202,33.25318],[-83.82037,33.25421],[-83.82353,33.25779],[-83.82495,33.26451],[-83.82667,33.26585],[-83.82858,33.26638],[-83.82932,33.26823],[-83.83091,33.2697],[-83.83234,33.27227],[-83.8325,33.27621],[-83.83212,33.27824],[-83.83267,33.28304],[-83.8318,33.2843],[-83.82881,33.28627],[-83.8274,33.29249],[-83.82893,33.29537],[-83.82896,33.29797],[-83.83001,33.30123],[-83.83281,33.30296],[-83.83413,33.30493],[-83.83745,33.30761],[-83.83758,33.30899],[-83.83701,33.311],[-83.83726,33.31233],[-83.842,33.31678],[-83.84271,33.31806],[-83.84263,33.31926],[-83.83964,33.32415],[-83.83942,33.32629],[-83.83987,33.32822],[-83.84642,33.3329],[-83.85175,33.33405],[-83.85515,33.33561],[-83.85785,33.33897],[-83.86297,33.34155],[-83.86336,33.34232],[-83.86295,33.34348]]]}},{"type":"Feature","properties":{"name":"Calhoun"},"geometry":{"type":"Polygon","coordinates":[[[-84.82805,31.59294],[-84.82806,31.59248],[-84.81815,31.59318],[-84.8184,31.56573],[-84.79913,31.56525],[-84.81018,31.55648],[-84.81031,31.54769],[-84.81893,31.5479],[-84.81955,31.53091],[-84.81,31.53083],[-84.80992,31.51895],[-84.80784,31.51893],[-84.80796,31.51438],[-84.81991,31.51438],[-84.81977,31.49156],[-84.80689,31.49173],[-84.80712,31.50135],[-84.79661,31.50129],[-84.79709,31.47359],[-84.80502,31.47367],[-84.80755,31.47312],[-84.80705,31.47276],[-84.80583,31.4687],[-84.80486,31.46842],[-84.80428,31.46705],[-84.80362,31.46704],[-84.80303,31.46634],[-84.80185,31.4616],[-84.79855,31.46011],[-84.79392,31.45907],[-84.79119,31.45559],[-84.79019,31.45287],[-84.78938,31.45251],[-84.78962,31.45138],[-84.79137,31.45121],[-84.79128,31.44991],[-84.79217,31.44814],[-84.79228,31.4458],[-84.792,31.44435],[-84.79072,31.4434],[-84.79029,31.44077],[-84.789,31.43931],[-84.78903,31.43636],[-84.65458,31.43435],[-84.54664,31.43189],[-84.54614,31.43193],[-84.54599,31.4408],[-84.53498,31.44038],[-84.53533,31.43169],[-84.52437,31.43148],[-84.5243,31.44003],[-84.5135,31.43961],[-84.51375,31.43098],[-84.50282,31.43036],[-84.50199,31.42798],[-84.49081,31.42788],[-84.49084,31.43544],[-84.48201,31.43544],[-84.48198,31.43886],[-84.46863,31.4388],[-84.4687,31.44817],[-84.45903,31.44823],[-84.45907,31.45476],[-84.44788,31.45474],[-84.44811,31.44626],[-84.43605,31.44628],[-84.43604,31.44156],[-84.44811,31.44152],[-84.44813,31.43662],[-84.42988,31.43666],[-84.43009,31.43753],[-84.42814,31.43894],[-84.42864,31.441],[-84.4273,31.44229],[-84.42659,31.44588],[-84.42575,31.44632],[-84.42607,31.44789],[-84.42375,31.44867],[-84.42164,31.4484],[-84.41969,31.44965],[-84.41943,31.45088],[-84.41252,31.45693],[-84.41828,31.46963],[-84.42382,31.49345],[-84.42428,31.49427],[-84.42573,31.49468],[-84.42546,31.49715],[-84.42922,31.49972],[-84.43025,31.50396],[-84.43271,31.50745],[-84.43812,31.5098],[-84.43905,31.51257],[-84.43898,31.51763],[-84.43991,31.51906],[-84.43966,31.5223],[-84.44054,31.5246],[-84.44195,31.52607],[-84.44158,31.52749],[-84.44199,31.52851],[-84.44361,31.52985],[-84.44446,31.53134],[-84.4447,31.53461],[-84.44612,31.53776],[-84.44721,31.53972],[-84.44821,31.5405],[-84.44714,31.54216],[-84.44705,31.54377],[-84.44963,31.54568],[-84.45492,31.54833],[-84.45523,31.55452],[-84.45567,31.55555],[-84.45427,31.55777],[-84.45471,31.56013],[-84.45454,31.56278],[-84.45289,31.56628],[-84.45176,31.57273],[-84.45353,31.57549],[-84.45454,31.58106],[-84.45705,31.58273],[-84.45766,31.58425],[-84.45687,31.58652],[-84.45551,31.58768],[-84.45429,31.58977],[-84.45288,31.59391],[-84.4505,31.59562],[-84.44924,31.59743],[-84.45017,31.60081],[-84.44952,31.60218],[-84.44709,31.60445],[-84.44735,31.60695],[-84.44943,31.61065],[-84.44899,31.61291],[-84.44957,31.61417],[-84.45064,31.61479],[-84.44961,31.61673],[-84.45006,31.6173],[-84.44959,31.61851],[-84.45025,31.61951],[-84.4504,31.62187],[-84.45042,31.62125],[-84.55695,31.62117],[-84.55713,31.62845],[-84.56882,31.62863],[-84.56884,31.6211],[-84.57802,31.6211],[-84.57797,31.63725],[-84.58433,31.63741],[-84.5866,31.63739],[-84.5865,31.62116],[-84.59741,31.62136],[-84.59715,31.63761],[-84.60678,31.6378],[-84.60693,31.62825],[-84.62252,31.62847],[-84.62223,31.63782],[-84.6362,31.63803],[-84.63624,31.64355],[-84.6493,31.64367],[-84.64958,31.63794],[-84.65631,31.63789],[-84.65652,31.61998],[-84.74336,31.61941],[-84.81784,31.61977],[-84.81801,31.60196],[-84.82794,31.60188],[-84.82805,31.59294]]]}},{"type":"Feature","properties":{"name":"Camden"},"geometry":{"type":"Polygon","coordinates":[[[-81.93693,31.06049],[-81.93686,31.05971],[-81.93337,31.05821],[-81.9318,31.05645],[-81.93238,31.05487],[-81.93587,31.05247],[-81.93674,31.05109],[-81.93603,31.04988],[-81.93433,31.04981],[-81.93282,31.05035],[-81.93218,31.04982],[-81.93221,31.04916],[-81.93348,31.04831],[-81.93561,31.04857],[-81.93601,31.0482],[-81.93583,31.04762],[-81.9313,31.04694],[-81.92941,31.04805],[-81.92844,31.0481],[-81.92761,31.04702],[-81.92598,31.04605],[-81.9253,31.04417],[-81.92324,31.04256],[-81.91884,31.04236],[-81.91824,31.0431],[-81.91887,31.04445],[-81.91784,31.04498],[-81.91652,31.04412],[-81.917,31.04266],[-81.91638,31.04193],[-81.9154,31.04205],[-81.91451,31.04336],[-81.91357,31.04343],[-81.91251,31.04254],[-81.91153,31.04323],[-81.91103,31.04234],[-81.90979,31.04215],[-81.90848,31.04043],[-81.90604,31.03971],[-81.90462,31.03677],[-81.90597,31.03614],[-81.90626,31.03524],[-81.90572,31.03441],[-81.9041,31.03354],[-81.906,31.03257],[-81.90622,31.03049],[-81.90555,31.02968],[-81.90357,31.02974],[-81.90263,31.02922],[-81.90263,31.02842],[-81.90371,31.02776],[-81.90582,31.02876],[-81.9068,31.02854],[-81.90571,31.02718],[-81.90582,31.02641],[-81.90781,31.02627],[-81.90849,31.02377],[-81.90652,31.0233],[-81.90547,31.02475],[-81.90436,31.02488],[-81.90388,31.02364],[-81.90481,31.02247],[-81.90403,31.0211],[-81.90472,31.02062],[-81.9062,31.02087],[-81.90675,31.02053],[-81.90691,31.02005],[-81.90575,31.01932],[-81.90568,31.01882],[-81.9072,31.01658],[-81.90865,31.01687],[-81.91025,31.01613],[-81.91032,31.01511],[-81.90853,31.01478],[-81.90828,31.01398],[-81.90903,31.01275],[-81.90916,31.01137],[-81.91096,31.01139],[-81.91145,31.01095],[-81.91026,31.00933],[-81.90877,31.00834],[-81.90914,31.00779],[-81.91105,31.00734],[-81.91051,31.00637],[-81.90917,31.00599],[-81.90955,31.00363],[-81.91039,31.00347],[-81.91115,31.00437],[-81.91165,31.0036],[-81.90893,31.00217],[-81.90791,31.00041],[-81.90673,31.00028],[-81.90738,30.99995],[-81.90735,30.99582],[-81.90848,30.99435],[-81.91132,30.99509],[-81.91294,30.99422],[-81.91347,30.99481],[-81.91339,30.99596],[-81.91454,30.99608],[-81.91244,30.99153],[-81.91338,30.99097],[-81.91548,30.99078],[-81.91546,30.98984],[-81.91379,30.98849],[-81.91728,30.98778],[-81.91758,30.98586],[-81.91641,30.9835],[-81.91666,30.98203],[-81.9152,30.98047],[-81.91616,30.97933],[-81.91458,30.97598],[-81.91399,30.97618],[-81.91403,30.97533],[-81.91346,30.97456],[-81.91085,30.97247],[-81.9094,30.97318],[-81.90766,30.97531],[-81.90649,30.97533],[-81.9062,30.97476],[-81.90739,30.97211],[-81.9072,30.97143],[-81.90163,30.96918],[-81.90199,30.96818],[-81.90375,30.96738],[-81.90352,30.96602],[-81.90213,30.96561],[-81.89892,30.96273],[-81.89527,30.9621],[-81.89203,30.96047],[-81.89243,30.95148],[-81.89387,30.94933],[-81.89913,30.94566],[-81.90065,30.94012],[-81.90502,30.93193],[-81.90893,30.92768],[-81.9109,30.92475],[-81.91505,30.91597],[-81.91552,30.91346],[-81.91425,30.91092],[-81.91243,30.90996],[-81.91016,30.91094],[-81.9077,30.91385],[-81.90428,30.91522],[-81.90216,30.91499],[-81.90135,30.91401],[-81.90137,30.91304],[-81.90315,30.91132],[-81.90555,30.91012],[-81.90622,30.9088],[-81.90511,30.90799],[-81.90066,30.90882],[-81.89944,30.90864],[-81.89843,30.90803],[-81.89728,30.90545],[-81.89628,30.90482],[-81.89407,30.90539],[-81.89378,30.90863],[-81.89212,30.91],[-81.90487,30.82825],[-81.90124,30.82988],[-81.89835,30.82708],[-81.89554,30.82529],[-81.89291,30.82551],[-81.89198,30.82488],[-81.89103,30.82261],[-81.89143,30.8212],[-81.89104,30.81851],[-81.89143,30.81659],[-81.8891,30.81356],[-81.88738,30.81238],[-81.88472,30.81142],[-81.88453,30.8076],[-81.88214,30.80483],[-81.88284,30.80081],[-81.88252,30.80016],[-81.87619,30.7998],[-81.8732,30.79844],[-81.87114,30.79804],[-81.87026,30.79725],[-81.8703,30.79456],[-81.86837,30.79285],[-81.86374,30.79427],[-81.85463,30.79403],[-81.85269,30.7949],[-81.84856,30.792],[-81.84587,30.79075],[-81.84382,30.79092],[-81.84027,30.79259],[-81.83965,30.79208],[-81.83969,30.7912],[-81.84188,30.78757],[-81.84135,30.78697],[-81.83948,30.78659],[-81.83001,30.78936],[-81.82612,30.78876],[-81.8238,30.78681],[-81.82096,30.78927],[-81.81949,30.78989],[-81.81468,30.78959],[-81.81096,30.79029],[-81.80745,30.79012],[-81.80608,30.78974],[-81.80189,30.78688],[-81.79988,30.78353],[-81.79807,30.78192],[-81.79685,30.78146],[-81.79597,30.78224],[-81.79739,30.78382],[-81.79725,30.78484],[-81.79557,30.78636],[-81.79307,30.78725],[-81.79135,30.7828],[-81.78379,30.77333],[-81.78397,30.77185],[-81.78625,30.77066],[-81.7867,30.7698],[-81.78276,30.76661],[-81.78257,30.76515],[-81.78357,30.76269],[-81.78263,30.76145],[-81.78057,30.76157],[-81.77157,30.76414],[-81.77161,30.76527],[-81.77335,30.7667],[-81.77359,30.76771],[-81.77249,30.76957],[-81.77205,30.77205],[-81.77026,30.77367],[-81.77137,30.77602],[-81.77071,30.77682],[-81.76935,30.7771],[-81.76172,30.7757],[-81.76056,30.77498],[-81.75902,30.7716],[-81.75594,30.76934],[-81.75082,30.76732],[-81.74464,30.76656],[-81.74075,30.76501],[-81.74039,30.7636],[-81.74271,30.76085],[-81.74219,30.75925],[-81.74041,30.75812],[-81.73186,30.75499],[-81.73141,30.75381],[-81.73322,30.75128],[-81.73206,30.74982],[-81.72718,30.74703],[-81.72577,30.74657],[-81.72282,30.74655],[-81.72013,30.74472],[-81.71856,30.74467],[-81.71246,30.74724],[-81.70911,30.74798],[-81.70753,30.74763],[-81.70492,30.74598],[-81.70209,30.74547],[-81.69596,30.74812],[-81.69389,30.74847],[-81.69241,30.74764],[-81.69105,30.74328],[-81.68915,30.74163],[-81.67942,30.74152],[-81.67432,30.73903],[-81.67249,30.73879],[-81.66998,30.74037],[-81.66884,30.74251],[-81.66885,30.74451],[-81.67084,30.7474],[-81.67239,30.74841],[-81.67348,30.74855],[-81.67744,30.74557],[-81.67991,30.74469],[-81.68189,30.74518],[-81.68278,30.74597],[-81.68331,30.74712],[-81.6831,30.74849],[-81.68106,30.7502],[-81.67907,30.75091],[-81.66955,30.7517],[-81.66471,30.75404],[-81.66232,30.75418],[-81.66034,30.75247],[-81.65973,30.74972],[-81.66013,30.74887],[-81.66348,30.74585],[-81.6636,30.74443],[-81.66301,30.74349],[-81.66084,30.74234],[-81.6543,30.74436],[-81.65287,30.74369],[-81.65183,30.74221],[-81.6515,30.74068],[-81.65334,30.73646],[-81.65409,30.73309],[-81.6535,30.73034],[-81.65215,30.72887],[-81.64854,30.72742],[-81.64358,30.7282],[-81.64137,30.72931],[-81.63896,30.73256],[-81.63662,30.73394],[-81.6347,30.73297],[-81.63268,30.7286],[-81.63043,30.72809],[-81.62932,30.72853],[-81.62883,30.72931],[-81.6292,30.73347],[-81.62833,30.73539],[-81.62696,30.73631],[-81.62437,30.73634],[-81.6222,30.73449],[-81.62068,30.73096],[-81.62128,30.72849],[-81.62343,30.72555],[-81.62298,30.72347],[-81.62071,30.72247],[-81.61562,30.72274],[-81.61417,30.72235],[-81.61193,30.7172],[-81.60959,30.71588],[-81.60863,30.7158],[-81.60762,30.71637],[-81.60605,30.71868],[-81.60583,30.72726],[-81.60429,30.72894],[-81.60188,30.72959],[-81.5983,30.72883],[-81.59653,30.72747],[-81.59603,30.72508],[-81.59737,30.72023],[-81.59694,30.71908],[-81.59618,30.71867],[-81.59458,30.71841],[-81.59266,30.71891],[-81.58919,30.72294],[-81.58768,30.72364],[-81.57422,30.7225],[-81.5716,30.7215],[-81.56841,30.71898],[-81.56508,30.71837],[-81.56351,30.71751],[-81.56312,30.71673],[-81.56346,30.71342],[-81.5627,30.71229],[-81.56142,30.71167],[-81.55831,30.71231],[-81.55213,30.71739],[-81.5504,30.71813],[-81.54838,30.71828],[-81.54602,30.71694],[-81.54469,30.71372],[-81.54283,30.71113],[-81.54066,30.70946],[-81.53839,30.70866],[-81.53578,30.70915],[-81.53401,30.71145],[-81.53449,30.72007],[-81.53369,30.72306],[-81.53229,30.72409],[-81.53013,30.72414],[-81.52267,30.72288],[-81.50989,30.72261],[-81.48846,30.72631],[-81.48483,30.72511],[-81.47722,30.71629],[-81.47411,30.71391],[-81.46862,30.712],[-81.46401,30.71098],[-81.45124,30.70948],[-81.44048,30.70998],[-81.43154,30.70874],[-81.4037,30.70981],[-81.40417,30.71244],[-81.34702,30.71244],[-81.34833,30.7174],[-81.35025,30.7214],[-81.34994,30.72402],[-81.35139,30.73088],[-81.35477,30.73847],[-81.35915,30.74431],[-81.36742,30.75251],[-81.37481,30.75748],[-81.3913,30.76467],[-81.40048,30.76643],[-81.39936,30.77089],[-81.39535,30.77972],[-81.39146,30.79024],[-81.38699,30.79846],[-81.38633,30.80137],[-81.38536,30.80195],[-81.38248,30.80553],[-81.37481,30.81738],[-81.366,30.84044],[-81.36268,30.84593],[-81.36334,30.85056],[-81.35944,30.86345],[-81.35886,30.86751],[-81.35679,30.87306],[-81.35204,30.88308],[-81.3502,30.88911],[-81.34533,30.92339],[-81.34521,30.9315],[-81.33323,30.93659],[-81.3256,30.94174],[-81.31754,30.9485],[-81.31213,30.95446],[-81.3073,30.96223],[-81.30483,30.97077],[-81.30435,30.97891],[-81.30478,30.98571],[-81.30643,30.99064],[-81.42121,30.99086],[-81.4251,30.99103],[-81.4269,30.99163],[-81.43076,30.99419],[-81.44022,31.00841],[-81.44278,31.01364],[-81.44423,31.02585],[-81.44507,31.0294],[-81.44684,31.03179],[-81.45252,31.03639],[-81.4547,31.03713],[-81.45689,31.0372],[-81.47181,31.03323],[-81.47891,31.03219],[-81.48106,31.03225],[-81.4838,31.03308],[-81.4863,31.03459],[-81.48675,31.03568],[-81.48899,31.04211],[-81.48972,31.05006],[-81.49065,31.05229],[-81.49267,31.05464],[-81.4949,31.0556],[-81.49945,31.05647],[-81.50855,31.05751],[-81.52656,31.06319],[-81.5284,31.06453],[-81.52971,31.06642],[-81.53128,31.0771],[-81.53455,31.08152],[-81.53976,31.08378],[-81.54262,31.08406],[-81.54746,31.08321],[-81.55287,31.08038],[-81.55473,31.08013],[-81.5563,31.0806],[-81.55928,31.08333],[-81.56291,31.08946],[-81.56472,31.09166],[-81.56654,31.09257],[-81.57033,31.09314],[-81.57195,31.09418],[-81.57273,31.09608],[-81.5723,31.09867],[-81.57036,31.1011],[-81.56644,31.10327],[-81.56409,31.1055],[-81.56156,31.1107],[-81.56012,31.11719],[-81.55793,31.12136],[-81.55783,31.12409],[-81.55899,31.12748],[-81.56261,31.13028],[-81.56447,31.13078],[-81.56636,31.13059],[-81.57172,31.12828],[-81.57468,31.12524],[-81.57699,31.1177],[-81.57837,31.1163],[-81.58021,31.11544],[-81.58289,31.11515],[-81.58772,31.11808],[-81.58924,31.11829],[-81.59071,31.1178],[-81.59386,31.11557],[-81.60018,31.11585],[-81.60767,31.11321],[-81.60976,31.11289],[-81.61356,31.11399],[-81.61684,31.117],[-81.62159,31.11689],[-81.62302,31.11661],[-81.62559,31.11494],[-81.62955,31.10996],[-81.6318,31.10798],[-81.63288,31.10779],[-81.63354,31.10805],[-81.63506,31.11063],[-81.6404,31.11521],[-81.64198,31.11791],[-81.64327,31.11804],[-81.64624,31.1155],[-81.64715,31.11527],[-81.64907,31.11676],[-81.65187,31.12089],[-81.65791,31.12135],[-81.6584,31.1218],[-81.65733,31.12319],[-81.65877,31.12407],[-81.66167,31.1248],[-81.6621,31.12563],[-81.68622,31.12242],[-81.69463,31.12781],[-81.70223,31.13391],[-81.71053,31.13681],[-81.71192,31.13781],[-81.71473,31.14061],[-81.71703,31.145],[-81.72243,31.14901],[-81.72543,31.14971],[-81.72813,31.14941],[-81.73732,31.15191],[-81.75403,31.15031],[-81.7562,31.15149],[-81.76243,31.15331],[-81.76413,31.1545],[-81.76503,31.1582],[-81.76303,31.16391],[-81.76289,31.16573],[-81.76363,31.16811],[-81.76624,31.16965],[-81.78822,31.15217],[-81.78842,31.15004],[-81.79067,31.14604],[-81.80161,31.15126],[-81.81331,31.1405],[-81.81882,31.13677],[-81.82262,31.13022],[-81.82467,31.12443],[-81.82996,31.11958],[-81.83197,31.11638],[-81.83272,31.11444],[-81.83294,31.1081],[-81.83793,31.10307],[-81.84067,31.09766],[-81.88103,31.09852],[-81.88397,31.09942],[-81.8857,31.09929],[-81.88755,31.10038],[-81.88957,31.10081],[-81.91118,31.09706],[-81.91156,31.09642],[-81.91349,31.09573],[-81.91341,31.0947],[-81.91191,31.09435],[-81.91271,31.09367],[-81.91502,31.09523],[-81.91588,31.09528],[-81.91785,31.09374],[-81.91776,31.09262],[-81.91826,31.09189],[-81.91923,31.09184],[-81.92044,31.0925],[-81.92125,31.09197],[-81.92085,31.091],[-81.9191,31.09014],[-81.9191,31.08926],[-81.92253,31.08912],[-81.92368,31.08843],[-81.92467,31.08559],[-81.92445,31.08139],[-81.92735,31.07931],[-81.92596,31.06897],[-81.92699,31.06492],[-81.92608,31.06122],[-81.92754,31.06038],[-81.92932,31.06101],[-81.93043,31.06178],[-81.93127,31.0638],[-81.93176,31.06403],[-81.93693,31.06049]]]}},{"type":"Feature","properties":{"name":"Candler"},"geometry":{"type":"Polygon","coordinates":[[[-81.97456,32.4878],[-81.97571,32.49075],[-81.97538,32.49201],[-81.97662,32.4936],[-81.97617,32.49425],[-81.97687,32.49769],[-81.97762,32.49852],[-81.97883,32.49847],[-81.97983,32.50134],[-81.97869,32.50228],[-81.978,32.50214],[-81.97556,32.50357],[-81.97424,32.50485],[-81.9743,32.50566],[-81.97257,32.50849],[-81.97339,32.51071],[-81.97333,32.51183],[-81.97182,32.51238],[-81.971,32.51324],[-82.07984,32.56006],[-82.14834,32.52043],[-82.18114,32.47407],[-82.18794,32.43357],[-82.20024,32.41647],[-82.25457,32.3515],[-82.25425,32.35082],[-82.25365,32.35042],[-82.2525,32.35099],[-82.25254,32.34998],[-82.2513,32.34994],[-82.2502,32.34789],[-82.2496,32.34802],[-82.24941,32.3491],[-82.24752,32.34815],[-82.24582,32.34853],[-82.24507,32.34665],[-82.24427,32.34714],[-82.24465,32.34836],[-82.24377,32.34833],[-82.24205,32.34746],[-82.24239,32.34643],[-82.23992,32.34586],[-82.23822,32.34462],[-82.23819,32.34412],[-82.23913,32.34394],[-82.23891,32.34261],[-82.24018,32.34103],[-82.23931,32.33972],[-82.23966,32.33858],[-82.23836,32.338],[-82.2376,32.33544],[-82.23899,32.33461],[-82.23853,32.33336],[-82.24,32.33261],[-82.23724,32.33078],[-82.23606,32.32867],[-82.23662,32.32829],[-82.23833,32.32861],[-82.23949,32.32668],[-82.23884,32.32621],[-82.23765,32.32322],[-82.23581,32.32313],[-82.23432,32.32227],[-82.23485,32.32115],[-82.23436,32.32034],[-82.23466,32.31975],[-82.23409,32.31943],[-82.23256,32.32007],[-82.23279,32.31884],[-82.02534,32.27888],[-81.99984,32.27619],[-81.96959,32.26936],[-81.96907,32.26878],[-81.96876,32.27108],[-81.96753,32.27149],[-81.96691,32.2721],[-81.96705,32.27257],[-81.96427,32.27417],[-81.96334,32.27539],[-81.96362,32.27613],[-81.9619,32.27758],[-81.96131,32.27895],[-81.96159,32.28122],[-81.96012,32.28312],[-81.95996,32.28459],[-81.95768,32.28531],[-81.95692,32.28623],[-81.9573,32.28791],[-81.95645,32.29253],[-81.95684,32.29467],[-81.95469,32.29965],[-81.95385,32.30002],[-81.95354,32.30114],[-81.95283,32.30149],[-81.95145,32.30385],[-81.95257,32.30758],[-81.95232,32.31094],[-81.95125,32.31202],[-81.95094,32.31383],[-81.94904,32.31523],[-81.94933,32.31615],[-81.93747,32.35728],[-81.91865,32.41507],[-81.91867,32.41541],[-81.92151,32.41606],[-81.92266,32.41799],[-81.92399,32.41904],[-81.93246,32.42017],[-81.93656,32.42272],[-81.93986,32.42632],[-81.93887,32.42784],[-81.93877,32.4294],[-81.94075,32.43199],[-81.93976,32.43492],[-81.94088,32.43673],[-81.94158,32.43732],[-81.94316,32.43715],[-81.94408,32.43864],[-81.94383,32.4394],[-81.94479,32.43898],[-81.9455,32.43957],[-81.94658,32.43964],[-81.9473,32.44128],[-81.94912,32.44214],[-81.94924,32.44277],[-81.95004,32.44279],[-81.95137,32.44502],[-81.95329,32.44588],[-81.95342,32.44641],[-81.95425,32.44655],[-81.95516,32.44785],[-81.95608,32.44822],[-81.95614,32.44947],[-81.95729,32.45149],[-81.95839,32.45141],[-81.95962,32.45232],[-81.96212,32.45251],[-81.96333,32.45451],[-81.96413,32.45853],[-81.96367,32.45994],[-81.9642,32.46239],[-81.96397,32.46355],[-81.96537,32.46391],[-81.96683,32.46517],[-81.96825,32.46772],[-81.97022,32.46743],[-81.97183,32.46782],[-81.97412,32.46997],[-81.97379,32.47203],[-81.97464,32.47335],[-81.97471,32.47509],[-81.97561,32.47569],[-81.97625,32.47715],[-81.97643,32.47886],[-81.97604,32.48087],[-81.97421,32.48384],[-81.97394,32.48586],[-81.97456,32.4878]]]}},{"type":"Feature","properties":{"name":"Carroll"},"geometry":{"type":"Polygon","coordinates":[[[-84.99501,33.43621],[-84.98654,33.44129],[-84.98515,33.44269],[-84.9852,33.4458],[-84.98878,33.45145],[-84.98897,33.45304],[-84.98621,33.45646],[-84.98477,33.45718],[-84.98278,33.45738],[-84.98096,33.45714],[-84.97756,33.45577],[-84.97288,33.45183],[-84.96607,33.44876],[-84.95446,33.43932],[-84.95275,33.43967],[-84.95048,33.44091],[-84.94578,33.43755],[-84.9432,33.43653],[-84.93743,33.43675],[-84.93538,33.43742],[-84.93304,33.44115],[-84.93193,33.44215],[-84.92176,33.44501],[-84.92047,33.44604],[-84.91924,33.44851],[-84.92041,33.45055],[-84.9205,33.45226],[-84.9192,33.45565],[-84.91674,33.45758],[-84.90935,33.45953],[-84.90829,33.46175],[-84.90905,33.46708],[-84.90853,33.4698],[-84.90669,33.47212],[-84.90247,33.47585],[-84.90055,33.47683],[-84.89476,33.47834],[-84.8837,33.48571],[-84.87887,33.49059],[-84.87667,33.49207],[-84.87406,33.49251],[-84.86661,33.49174],[-84.86077,33.49308],[-84.85707,33.49448],[-84.85529,33.49595],[-84.85303,33.4996],[-84.85167,33.50383],[-84.85116,33.51106],[-84.84913,33.51308],[-84.84577,33.5145],[-84.84297,33.51485],[-84.83275,33.51316],[-84.82805,33.51338],[-84.8184,33.51836],[-84.81488,33.52196],[-84.81484,33.52367],[-84.81528,33.52452],[-84.81752,33.52742],[-84.82144,33.5309],[-84.8261,33.54014],[-84.83118,33.54352],[-84.83306,33.54575],[-84.83317,33.5471],[-84.83193,33.54949],[-84.82803,33.55359],[-84.82652,33.56002],[-84.82492,33.56321],[-84.82238,33.56528],[-84.81587,33.56908],[-84.8109,33.57118],[-84.80984,33.57234],[-84.80918,33.57407],[-84.8243,33.57357],[-84.82427,33.57656],[-84.82998,33.57663],[-84.83004,33.57377],[-84.90579,33.57338],[-84.90361,33.63883],[-84.90263,33.65226],[-84.90143,33.71881],[-84.90156,33.72199],[-84.91102,33.7221],[-84.91098,33.72898],[-84.91085,33.73098],[-84.90233,33.7306],[-84.90213,33.74708],[-84.90135,33.76147],[-84.90169,33.7807],[-84.91863,33.78633],[-84.9712,33.79962],[-84.98587,33.80227],[-84.99555,33.80463],[-85.00435,33.80557],[-85.03793,33.81194],[-85.04933,33.81243],[-85.04979,33.7627],[-85.05089,33.71463],[-85.06654,33.71497],[-85.06647,33.7107],[-85.11499,33.69135],[-85.12969,33.69142],[-85.12944,33.69978],[-85.13903,33.70002],[-85.24995,33.66544],[-85.26559,33.65982],[-85.28974,33.65209],[-85.33823,33.65312],[-85.2938,33.4281],[-85.12229,33.42688],[-85.01536,33.42551],[-85.01395,33.42858],[-85.01246,33.43054],[-84.99887,33.43445],[-84.99501,33.43621]]]}},{"type":"Feature","properties":{"name":"Catoosa"},"geometry":{"type":"Polygon","coordinates":[[[-85.2651,34.9767],[-85.26421,34.89496],[-85.26424,34.87534],[-85.26483,34.8747],[-85.26476,34.85428],[-85.20218,34.85445],[-85.20155,34.80778],[-85.20186,34.77508],[-85.15982,34.7752],[-85.15987,34.76793],[-85.14479,34.76764],[-85.14205,34.77848],[-85.14195,34.78118],[-85.14065,34.78378],[-85.13965,34.79068],[-85.13835,34.79418],[-85.13695,34.80208],[-85.13315,34.81248],[-85.13185,34.81448],[-85.13125,34.81768],[-85.13175,34.81968],[-85.12265,34.81918],[-85.12275,34.81208],[-85.10545,34.81228],[-85.10535,34.81918],[-85.06165,34.81948],[-85.06164,34.84605],[-85.06124,34.84604],[-85.06125,34.84875],[-85.06164,34.84876],[-85.06165,34.86358],[-85.03273,34.86373],[-85.03274,34.8711],[-85.0233,34.87113],[-85.02339,34.90077],[-85.01387,34.90078],[-85.01381,34.91154],[-85.01133,34.91158],[-85.01035,34.91398],[-85.00915,34.91528],[-85.00945,34.91768],[-85.00895,34.91808],[-85.00715,34.91808],[-85.00785,34.91988],[-85.00635,34.92118],[-85.00575,34.92718],[-85.00345,34.92818],[-85.00295,34.93228],[-85.00195,34.93428],[-84.99952,34.93684],[-85.00013,34.93835],[-84.999,34.93882],[-84.99787,34.94021],[-84.99743,34.97243],[-84.97966,34.97275],[-84.97986,34.98765],[-85.22185,34.98547],[-85.23564,34.98583],[-85.25031,34.98509],[-85.26506,34.98507],[-85.2651,34.9767]]]}},{"type":"Feature","properties":{"name":"Charlton"},"geometry":{"type":"Polygon","coordinates":[[[-82.42036,30.79785],[-82.42044,30.79523],[-82.17816,30.79095],[-82.14987,30.78434],[-82.2147,30.56848],[-82.2144,30.56683],[-82.21732,30.56519],[-82.22154,30.56572],[-82.22386,30.56528],[-82.22826,30.56258],[-82.23205,30.55824],[-82.23419,30.55765],[-82.23443,30.55659],[-82.23383,30.55269],[-82.23444,30.54875],[-82.23888,30.5455],[-82.23936,30.54099],[-82.24017,30.53991],[-82.2404,30.53777],[-82.23893,30.53402],[-82.23521,30.52993],[-82.23076,30.52658],[-82.23101,30.52589],[-82.23011,30.52449],[-82.2301,30.52275],[-82.2293,30.52059],[-82.2303,30.51733],[-82.22868,30.51595],[-82.22859,30.51333],[-82.22693,30.5115],[-82.22703,30.51039],[-82.22602,30.50965],[-82.22507,30.50769],[-82.22255,30.50671],[-82.22031,30.50477],[-82.21867,30.50421],[-82.21803,30.50449],[-82.21641,30.50316],[-82.21534,30.50144],[-82.21466,30.50179],[-82.21263,30.50055],[-82.21212,30.49974],[-82.21269,30.49914],[-82.21213,30.4988],[-82.21158,30.49729],[-82.21,30.49612],[-82.20949,30.49479],[-82.20859,30.49491],[-82.20786,30.49365],[-82.20721,30.49375],[-82.20667,30.49321],[-82.20607,30.49074],[-82.20523,30.49077],[-82.20402,30.48943],[-82.20364,30.4883],[-82.20286,30.48787],[-82.20291,30.48683],[-82.20173,30.48631],[-82.20124,30.48511],[-82.20245,30.48396],[-82.20321,30.48218],[-82.20216,30.48177],[-82.20241,30.48066],[-82.20147,30.48006],[-82.20104,30.47466],[-82.20301,30.47318],[-82.20349,30.47106],[-82.20437,30.4711],[-82.20447,30.46876],[-82.20518,30.46833],[-82.20637,30.46851],[-82.20658,30.46722],[-82.20623,30.4666],[-82.2067,30.46573],[-82.20599,30.46407],[-82.20615,30.46241],[-82.20657,30.46168],[-82.20731,30.46149],[-82.2077,30.46041],[-82.20722,30.45862],[-82.20738,30.45698],[-82.20651,30.45664],[-82.20631,30.45563],[-82.20564,30.45583],[-82.20449,30.45534],[-82.20406,30.45286],[-82.20478,30.45132],[-82.20574,30.45105],[-82.20494,30.45029],[-82.2053,30.44861],[-82.20456,30.4478],[-82.20438,30.44565],[-82.20379,30.44498],[-82.20435,30.44429],[-82.20449,30.44271],[-82.20511,30.44233],[-82.205,30.44152],[-82.2057,30.4411],[-82.20617,30.4397],[-82.20735,30.43917],[-82.20628,30.43709],[-82.20642,30.43573],[-82.2073,30.43457],[-82.20878,30.43449],[-82.20899,30.43347],[-82.20972,30.43306],[-82.20972,30.43215],[-82.20869,30.43175],[-82.20951,30.43119],[-82.20926,30.4299],[-82.20983,30.42892],[-82.209,30.42834],[-82.21086,30.42538],[-82.20906,30.42265],[-82.2092,30.42133],[-82.20746,30.42112],[-82.20747,30.4206],[-82.20852,30.4198],[-82.20762,30.41846],[-82.20803,30.41747],[-82.20643,30.41716],[-82.20838,30.41434],[-82.20684,30.41229],[-82.20574,30.41191],[-82.20647,30.41032],[-82.20535,30.4082],[-82.20658,30.40747],[-82.20676,30.40684],[-82.20619,30.40631],[-82.20456,30.4063],[-82.20376,30.40531],[-82.20326,30.4036],[-82.20456,30.40317],[-82.20461,30.40259],[-82.20409,30.40139],[-82.20286,30.40126],[-82.2031,30.39915],[-82.20193,30.3979],[-82.2014,30.39535],[-82.20044,30.39492],[-82.20025,30.39359],[-82.19811,30.39184],[-82.19834,30.39068],[-82.19927,30.39008],[-82.19911,30.38964],[-82.19658,30.38828],[-82.19544,30.38938],[-82.19469,30.38948],[-82.19335,30.38803],[-82.19325,30.38592],[-82.19176,30.38461],[-82.19193,30.38403],[-82.19297,30.38397],[-82.19342,30.38334],[-82.19275,30.38202],[-82.19279,30.37907],[-82.18991,30.37617],[-82.18711,30.37898],[-82.18473,30.37889],[-82.18441,30.37689],[-82.18365,30.37557],[-82.18349,30.37334],[-82.18262,30.37277],[-82.18075,30.37307],[-82.18024,30.37258],[-82.18025,30.37184],[-82.18128,30.37108],[-82.18066,30.36966],[-82.18105,30.36867],[-82.17981,30.36863],[-82.17652,30.36622],[-82.17577,30.36645],[-82.17375,30.36507],[-82.17366,30.36365],[-82.17275,30.36284],[-82.17278,30.36155],[-82.17172,30.35998],[-82.17001,30.3589],[-82.16741,30.36],[-82.16655,30.35938],[-82.16643,30.35858],[-82.16514,30.35809],[-82.16405,30.35796],[-82.16375,30.35877],[-82.16323,30.35888],[-82.16289,30.35792],[-82.16178,30.35711],[-82.16142,30.35818],[-82.15804,30.35898],[-82.1579,30.36012],[-82.15428,30.36045],[-82.15317,30.36118],[-82.15131,30.36125],[-82.1501,30.36183],[-82.14855,30.3609],[-82.14779,30.36222],[-82.14678,30.36184],[-82.14569,30.36257],[-82.14453,30.36225],[-82.14395,30.36273],[-82.14405,30.3635],[-82.14174,30.36372],[-82.13996,30.36492],[-82.13694,30.36422],[-82.13674,30.36391],[-82.13746,30.36302],[-82.13706,30.36252],[-82.13386,30.36224],[-82.13068,30.3636],[-82.129,30.3652],[-82.12756,30.36544],[-82.12742,30.36609],[-82.12867,30.36708],[-82.12685,30.36826],[-82.12551,30.368],[-82.12487,30.36638],[-82.12311,30.36584],[-82.12217,30.36676],[-82.12153,30.36538],[-82.12013,30.3653],[-82.11815,30.36436],[-82.11682,30.36544],[-82.11638,30.36763],[-82.11578,30.36805],[-82.11412,30.36784],[-82.11328,30.36826],[-82.11335,30.36729],[-82.11279,30.36688],[-82.11152,30.36756],[-82.11153,30.36605],[-82.11033,30.36521],[-82.10987,30.36561],[-82.11055,30.36627],[-82.1104,30.36672],[-82.10873,30.36731],[-82.10719,30.36709],[-82.10524,30.3689],[-82.10446,30.36797],[-82.10261,30.3678],[-82.10156,30.36664],[-82.10237,30.36438],[-82.10197,30.36407],[-82.10063,30.36442],[-82.10146,30.36336],[-82.10108,30.36279],[-82.0987,30.36406],[-82.09824,30.36292],[-82.09663,30.36261],[-82.09611,30.36139],[-82.09472,30.3607],[-82.09028,30.36122],[-82.0882,30.36054],[-82.08332,30.36033],[-82.08111,30.35877],[-82.07267,30.36141],[-82.06871,30.35913],[-82.06618,30.35576],[-82.06491,30.35643],[-82.06542,30.35855],[-82.06286,30.35875],[-82.06242,30.36065],[-82.05984,30.36031],[-82.05809,30.35921],[-82.05733,30.36017],[-82.05566,30.36029],[-82.05332,30.36191],[-82.04969,30.36252],[-82.04777,30.36349],[-82.04722,30.3653],[-82.04549,30.36511],[-82.04512,30.36631],[-82.04432,30.36611],[-82.04385,30.3651],[-82.04214,30.36541],[-82.04229,30.36618],[-82.04403,30.36661],[-82.04459,30.3675],[-82.04378,30.36793],[-82.04176,30.36762],[-82.04218,30.36886],[-82.04053,30.36967],[-82.04075,30.37056],[-82.03722,30.37185],[-82.03814,30.37292],[-82.03676,30.37511],[-82.03881,30.37469],[-82.03788,30.37675],[-82.03815,30.37734],[-82.03663,30.3781],[-82.03766,30.37995],[-82.0368,30.38141],[-82.03816,30.38221],[-82.03704,30.38422],[-82.03581,30.38485],[-82.03723,30.38594],[-82.03701,30.38732],[-82.03884,30.38904],[-82.03877,30.39025],[-82.04006,30.39138],[-82.03947,30.39236],[-82.04018,30.39435],[-82.04113,30.39486],[-82.04131,30.3959],[-82.04223,30.39698],[-82.04469,30.40396],[-82.04399,30.40553],[-82.04129,30.40667],[-82.04187,30.40726],[-82.04318,30.40711],[-82.0439,30.40799],[-82.04363,30.41056],[-82.04187,30.41131],[-82.04213,30.41191],[-82.04339,30.41241],[-82.04336,30.41305],[-82.04105,30.41375],[-82.04085,30.41494],[-82.04134,30.41525],[-82.04297,30.41412],[-82.04362,30.41426],[-82.04376,30.41487],[-82.04246,30.41624],[-82.04099,30.4166],[-82.0395,30.4155],[-82.03914,30.41705],[-82.04066,30.41724],[-82.04054,30.41764],[-82.0394,30.418],[-82.03755,30.41754],[-82.03682,30.41897],[-82.03413,30.41992],[-82.03422,30.42109],[-82.03525,30.42225],[-82.03513,30.42413],[-82.036,30.42497],[-82.03454,30.42576],[-82.03377,30.42756],[-82.03532,30.42799],[-82.03529,30.43091],[-82.03677,30.43212],[-82.03773,30.43547],[-82.03867,30.43569],[-82.03902,30.43451],[-82.03946,30.43437],[-82.04,30.43666],[-82.03903,30.4375],[-82.03606,30.43846],[-82.03447,30.44022],[-82.03387,30.44232],[-82.03326,30.4424],[-82.03247,30.4416],[-82.03145,30.44388],[-82.03021,30.44453],[-82.02814,30.44725],[-82.02846,30.44962],[-82.02963,30.45074],[-82.02871,30.4512],[-82.02914,30.45211],[-82.02882,30.45249],[-82.02728,30.45193],[-82.02687,30.45372],[-82.02817,30.45459],[-82.02832,30.45539],[-82.02747,30.45639],[-82.02556,30.45713],[-82.02464,30.4596],[-82.02336,30.46],[-82.02339,30.461],[-82.02227,30.46138],[-82.02416,30.46448],[-82.02359,30.46721],[-82.01691,30.47511],[-82.01783,30.47784],[-82.01935,30.47898],[-82.01907,30.47975],[-82.01763,30.47955],[-82.01743,30.47987],[-82.0181,30.48201],[-82.01922,30.48298],[-82.01737,30.48443],[-82.01604,30.48375],[-82.01555,30.48396],[-82.01592,30.48493],[-82.01714,30.48558],[-82.01725,30.48734],[-82.01641,30.48867],[-82.01774,30.48976],[-82.01706,30.49153],[-82.01802,30.49207],[-82.01719,30.49376],[-82.01572,30.49482],[-82.01593,30.4954],[-82.01775,30.49579],[-82.0161,30.49658],[-82.01536,30.49871],[-82.01567,30.49935],[-82.01515,30.49989],[-82.01709,30.50208],[-82.01647,30.50558],[-82.01702,30.50713],[-82.01559,30.50794],[-82.01456,30.51231],[-82.01581,30.5177],[-82.01554,30.5201],[-82.01632,30.52014],[-82.01785,30.51867],[-82.01859,30.51949],[-82.01816,30.52041],[-82.0163,30.5219],[-82.01722,30.52395],[-82.01807,30.52353],[-82.01863,30.52383],[-82.01774,30.52555],[-82.01818,30.52751],[-82.01755,30.52772],[-82.01644,30.5269],[-82.01543,30.5285],[-82.0183,30.52852],[-82.01853,30.52908],[-82.01771,30.52965],[-82.01735,30.53063],[-82.01839,30.53142],[-82.0176,30.53232],[-82.01905,30.53301],[-82.01767,30.53348],[-82.01661,30.53473],[-82.01743,30.53527],[-82.01626,30.53661],[-82.01647,30.53721],[-82.01575,30.53954],[-82.0149,30.54008],[-82.01431,30.54165],[-82.01341,30.54244],[-82.0141,30.54408],[-82.01407,30.54659],[-82.01307,30.54802],[-82.01317,30.54995],[-82.01204,30.55071],[-82.01073,30.55011],[-82.00995,30.55043],[-82.00969,30.55134],[-82.01098,30.55265],[-82.01114,30.55347],[-82.00842,30.55453],[-82.0096,30.55621],[-82.00847,30.55809],[-82.01002,30.55787],[-82.00967,30.55922],[-82.01085,30.55982],[-82.01071,30.56074],[-82.00992,30.56139],[-82.00877,30.56027],[-82.00803,30.56025],[-82.00644,30.56194],[-82.00651,30.56298],[-82.0054,30.5637],[-82.00598,30.56401],[-82.00761,30.56331],[-82.00841,30.56366],[-82.00831,30.56426],[-82.00636,30.56448],[-82.00582,30.56513],[-82.00646,30.56719],[-82.00747,30.56755],[-82.00723,30.56856],[-82.00823,30.56971],[-82.00806,30.57209],[-82.00687,30.57241],[-82.00653,30.57294],[-82.00799,30.5739],[-82.00788,30.57497],[-82.00729,30.57523],[-82.00659,30.57458],[-82.00618,30.57496],[-82.00803,30.57703],[-82.00759,30.57732],[-82.00633,30.57675],[-82.00613,30.57712],[-82.00698,30.57909],[-82.009,30.58015],[-82.00806,30.58097],[-82.00901,30.58195],[-82.00888,30.58294],[-82.01034,30.58309],[-82.01075,30.58372],[-82.01097,30.58497],[-82.01021,30.58577],[-82.01021,30.58642],[-82.01107,30.58716],[-82.01162,30.58604],[-82.01216,30.58626],[-82.012,30.58822],[-82.0112,30.58899],[-82.01279,30.5903],[-82.01254,30.59196],[-82.01309,30.59242],[-82.01222,30.59391],[-82.01335,30.59478],[-82.01306,30.59606],[-82.01445,30.59629],[-82.01423,30.59705],[-82.01509,30.6006],[-82.01619,30.60231],[-82.02031,30.60375],[-82.02256,30.60521],[-82.02365,30.60678],[-82.0262,30.60604],[-82.02723,30.60666],[-82.02681,30.61087],[-82.02705,30.61131],[-82.02888,30.61168],[-82.02644,30.61282],[-82.02628,30.61339],[-82.02833,30.61856],[-82.02779,30.61953],[-82.02876,30.62068],[-82.02826,30.62201],[-82.02929,30.62247],[-82.02998,30.62191],[-82.02922,30.61984],[-82.02952,30.61916],[-82.03062,30.6189],[-82.03165,30.61953],[-82.03191,30.62085],[-82.03094,30.62245],[-82.03168,30.62502],[-82.03496,30.62684],[-82.03471,30.6275],[-82.03343,30.62831],[-82.03317,30.62949],[-82.03397,30.62996],[-82.03673,30.62997],[-82.03582,30.63185],[-82.03723,30.63322],[-82.03921,30.63397],[-82.03895,30.636],[-82.0401,30.63573],[-82.04049,30.63605],[-82.04033,30.63667],[-82.0393,30.63702],[-82.03942,30.63802],[-82.03877,30.63866],[-82.04026,30.63884],[-82.04025,30.63971],[-82.03861,30.64095],[-82.03892,30.64292],[-82.04137,30.64743],[-82.04164,30.64898],[-82.04608,30.65207],[-82.04572,30.65263],[-82.04431,30.65216],[-82.04435,30.65294],[-82.04576,30.65348],[-82.04708,30.65329],[-82.04902,30.6553],[-82.04865,30.6576],[-82.04937,30.65883],[-82.0494,30.66201],[-82.04834,30.66293],[-82.04778,30.66228],[-82.04774,30.661],[-82.04647,30.66081],[-82.04693,30.66401],[-82.04806,30.66503],[-82.04599,30.66637],[-82.04828,30.66891],[-82.05022,30.67454],[-82.05026,30.67612],[-82.0463,30.68112],[-82.04671,30.68168],[-82.04814,30.68174],[-82.04843,30.68243],[-82.04711,30.68339],[-82.04369,30.68395],[-82.04274,30.68906],[-82.04298,30.69007],[-82.04183,30.69034],[-82.04124,30.69103],[-82.04168,30.69615],[-82.04321,30.69607],[-82.04404,30.69737],[-82.04365,30.69815],[-82.04218,30.69822],[-82.04124,30.69938],[-82.04277,30.70032],[-82.04295,30.70089],[-82.04188,30.70102],[-82.04062,30.7003],[-82.03957,30.70068],[-82.03901,30.7013],[-82.03978,30.70219],[-82.03853,30.70243],[-82.03835,30.70365],[-82.0369,30.70452],[-82.03706,30.7057],[-82.03593,30.7062],[-82.0368,30.71303],[-82.03904,30.71495],[-82.03846,30.71618],[-82.03889,30.71765],[-82.03712,30.71854],[-82.03777,30.71917],[-82.03957,30.7193],[-82.03869,30.72075],[-82.03892,30.72185],[-82.03851,30.72264],[-82.04004,30.72459],[-82.04137,30.72532],[-82.04365,30.72562],[-82.04504,30.72643],[-82.04561,30.72755],[-82.0436,30.72942],[-82.04193,30.73001],[-82.04218,30.73079],[-82.04407,30.73126],[-82.04273,30.73188],[-82.04245,30.73359],[-82.04085,30.73421],[-82.0402,30.73533],[-82.03889,30.73615],[-82.03895,30.73693],[-82.04045,30.73797],[-82.04005,30.73896],[-82.04054,30.7402],[-82.03929,30.74109],[-82.03969,30.7426],[-82.03886,30.7437],[-82.0398,30.7473],[-82.03867,30.75109],[-82.03677,30.75443],[-82.03582,30.75481],[-82.03459,30.75429],[-82.03168,30.75039],[-82.02955,30.75135],[-82.02768,30.75094],[-82.02432,30.75334],[-82.02184,30.75363],[-82.02137,30.75519],[-82.01963,30.7545],[-82.01759,30.75499],[-82.01738,30.75586],[-82.02002,30.75708],[-82.02016,30.75784],[-82.01737,30.75833],[-82.01622,30.75973],[-82.01431,30.76029],[-82.01359,30.76159],[-82.0116,30.76188],[-82.01139,30.76425],[-82.01363,30.76538],[-82.0137,30.76611],[-82.01252,30.76695],[-82.01516,30.77197],[-82.01588,30.7727],[-82.01779,30.77221],[-82.01837,30.77261],[-82.01876,30.77459],[-82.01745,30.77507],[-82.01738,30.7758],[-82.01965,30.7772],[-82.01927,30.77829],[-82.02126,30.77929],[-82.02154,30.78061],[-82.02373,30.78328],[-82.02355,30.78632],[-82.02249,30.78803],[-82.02095,30.78838],[-82.01697,30.7878],[-82.01771,30.79058],[-82.01633,30.79158],[-82.01297,30.79093],[-82.01438,30.7897],[-82.01418,30.78921],[-82.01167,30.78956],[-82.01024,30.79012],[-82.0104,30.79131],[-82.00829,30.79106],[-82.00808,30.7929],[-82.00767,30.79304],[-82.00689,30.79246],[-82.00672,30.79135],[-82.00585,30.79039],[-82.00378,30.79177],[-82.00238,30.7898],[-82.00147,30.78961],[-82.00072,30.78863],[-81.99854,30.7882],[-81.99741,30.78639],[-81.99557,30.78684],[-81.9921,30.783],[-81.98847,30.78021],[-81.98638,30.77964],[-81.98102,30.77698],[-81.97804,30.77655],[-81.97583,30.77837],[-81.97344,30.77883],[-81.97246,30.77993],[-81.97151,30.78325],[-81.97012,30.78436],[-81.97039,30.7872],[-81.96902,30.79128],[-81.96568,30.79476],[-81.96313,30.79566],[-81.96226,30.79668],[-81.96172,30.80099],[-81.96504,30.80681],[-81.96194,30.80871],[-81.9621,30.81009],[-81.96388,30.81295],[-81.96122,30.81404],[-81.9642,30.81644],[-81.96448,30.8173],[-81.95978,30.82119],[-81.9557,30.82275],[-81.95144,30.82595],[-81.94981,30.82776],[-81.94202,30.82555],[-81.94147,30.82635],[-81.94282,30.8285],[-81.94182,30.82848],[-81.94034,30.82741],[-81.93908,30.82721],[-81.93842,30.82801],[-81.93922,30.82955],[-81.93883,30.82985],[-81.93629,30.82777],[-81.93606,30.82448],[-81.93352,30.82338],[-81.93365,30.82244],[-81.93534,30.82172],[-81.93526,30.82107],[-81.92983,30.82007],[-81.92911,30.81938],[-81.92892,30.81766],[-81.92844,30.81743],[-81.9241,30.8179],[-81.92194,30.81684],[-81.91865,30.81782],[-81.91643,30.81691],[-81.91262,30.81678],[-81.90911,30.81568],[-81.90836,30.81599],[-81.90755,30.81744],[-81.90569,30.8167],[-81.90453,30.81774],[-81.90409,30.82041],[-81.90516,30.82225],[-81.90672,30.82339],[-81.90727,30.82556],[-81.90631,30.82733],[-81.90486,30.82834],[-81.89212,30.91],[-81.89378,30.90863],[-81.89407,30.90539],[-81.89628,30.90482],[-81.89728,30.90545],[-81.89843,30.90803],[-81.89944,30.90864],[-81.90066,30.90882],[-81.90511,30.90799],[-81.90622,30.9088],[-81.90555,30.91012],[-81.90315,30.91132],[-81.90137,30.91304],[-81.90135,30.91401],[-81.90216,30.91499],[-81.90428,30.91522],[-81.9077,30.91385],[-81.91016,30.91094],[-81.91243,30.90996],[-81.91425,30.91092],[-81.91552,30.91346],[-81.91505,30.91597],[-81.9109,30.92475],[-81.90893,30.92768],[-81.90502,30.93193],[-81.90065,30.94012],[-81.89913,30.94566],[-81.8958,30.94782],[-81.89284,30.95051],[-81.89243,30.95148],[-81.89188,30.96008],[-81.89499,30.962],[-81.89892,30.96273],[-81.90213,30.96561],[-81.90352,30.96602],[-81.90375,30.96738],[-81.90199,30.96818],[-81.90163,30.96918],[-81.9072,30.97143],[-81.90739,30.97211],[-81.9062,30.97476],[-81.90649,30.97533],[-81.90766,30.97531],[-81.9094,30.97318],[-81.91085,30.97247],[-81.91346,30.97456],[-81.91403,30.97533],[-81.91399,30.97618],[-81.91458,30.97598],[-81.91616,30.97933],[-81.9152,30.98047],[-81.91666,30.98203],[-81.91641,30.9835],[-81.91758,30.98586],[-81.91728,30.98778],[-81.91379,30.98849],[-81.91546,30.98984],[-81.91548,30.99078],[-81.91338,30.99097],[-81.91244,30.99153],[-81.91454,30.99608],[-81.91339,30.99596],[-81.91347,30.99481],[-81.91294,30.99422],[-81.91132,30.99509],[-81.90848,30.99435],[-81.90735,30.99582],[-81.90738,30.99995],[-81.90673,31.00028],[-81.90791,31.00041],[-81.90893,31.00217],[-81.91173,31.0039],[-81.91094,31.00437],[-81.91039,31.00347],[-81.90955,31.00363],[-81.90917,31.00599],[-81.91051,31.00637],[-81.91105,31.00734],[-81.90914,31.00779],[-81.90877,31.00834],[-81.91143,31.0107],[-81.91108,31.01136],[-81.90916,31.01137],[-81.90903,31.01275],[-81.90828,31.01398],[-81.90853,31.01478],[-81.91032,31.01511],[-81.91025,31.01613],[-81.90865,31.01687],[-81.9072,31.01658],[-81.90568,31.01882],[-81.90575,31.01932],[-81.90691,31.02005],[-81.90675,31.02053],[-81.9062,31.02087],[-81.90472,31.02062],[-81.90403,31.0211],[-81.90481,31.02247],[-81.90388,31.02364],[-81.90413,31.02474],[-81.90514,31.02493],[-81.90623,31.02344],[-81.9079,31.02333],[-81.90854,31.02409],[-81.90795,31.02595],[-81.90759,31.02633],[-81.90659,31.02607],[-81.90582,31.02641],[-81.90571,31.02718],[-81.90672,31.02823],[-81.90666,31.02872],[-81.90551,31.02867],[-81.90411,31.02776],[-81.90257,31.02862],[-81.90292,31.02955],[-81.90506,31.02953],[-81.90622,31.03049],[-81.906,31.03257],[-81.9041,31.03354],[-81.90572,31.03441],[-81.90626,31.03524],[-81.90597,31.03614],[-81.90462,31.03677],[-81.90604,31.03971],[-81.90848,31.04043],[-81.90979,31.04215],[-81.91103,31.04234],[-81.91153,31.04323],[-81.91251,31.04254],[-81.91357,31.04343],[-81.91451,31.04336],[-81.9154,31.04205],[-81.91638,31.04193],[-81.917,31.04266],[-81.91652,31.04412],[-81.91764,31.04497],[-81.91887,31.04445],[-81.91824,31.0431],[-81.91884,31.04236],[-81.92324,31.04256],[-81.9253,31.04417],[-81.92598,31.04605],[-81.92761,31.04702],[-81.92844,31.0481],[-81.92941,31.04805],[-81.9313,31.04694],[-81.93541,31.04744],[-81.93601,31.04799],[-81.98458,31.05792],[-82.00088,31.0621],[-82.06087,31.07581],[-82.08121,31.01063],[-82.19338,31.011],[-82.33134,31.01348],[-82.4156,31.01359],[-82.41513,30.9525],[-82.42036,30.79785]]]}},{"type":"Feature","properties":{"name":"Chatham"},"geometry":{"type":"Polygon","coordinates":[[[-80.94245,31.80683],[-80.93832,31.80901],[-80.92859,31.81698],[-80.92213,31.82528],[-80.91782,31.8338],[-80.91682,31.83838],[-80.9117,31.84065],[-80.90476,31.84585],[-80.89699,31.85281],[-80.89112,31.86117],[-80.88878,31.86578],[-80.87481,31.8807],[-80.862,31.89927],[-80.85534,31.91081],[-80.83501,31.92388],[-80.82922,31.92658],[-80.81928,31.93385],[-80.81461,31.94],[-80.80405,31.94613],[-80.79627,31.95346],[-80.78984,31.96439],[-80.78668,31.97561],[-80.78583,31.98037],[-80.78624,31.98575],[-80.78296,31.99595],[-80.78709,31.99889],[-80.81558,32.02992],[-80.82276,32.03424],[-80.8373,32.03848],[-80.84155,32.03885],[-80.85024,32.04142],[-80.88614,32.03895],[-80.88598,32.03823],[-80.88678,32.03783],[-80.89028,32.03727],[-80.89028,32.03555],[-80.89213,32.03543],[-80.89673,32.0358],[-80.89793,32.03722],[-80.90175,32.03773],[-80.90323,32.03683],[-80.90501,32.03779],[-80.92103,32.03999],[-80.92508,32.04194],[-80.95403,32.07029],[-80.95957,32.07285],[-80.97192,32.07463],[-80.98054,32.07784],[-80.98351,32.07955],[-80.98685,32.08412],[-80.99214,32.09492],[-80.99956,32.10043],[-81.00431,32.10237],[-81.00886,32.10251],[-81.01244,32.10174],[-81.01735,32.09879],[-81.0216,32.0917],[-81.0263,32.0881],[-81.03812,32.08373],[-81.04361,32.08619],[-81.05973,32.08865],[-81.07539,32.09804],[-81.076,32.09728],[-81.07807,32.09759],[-81.08827,32.09993],[-81.08697,32.10397],[-81.09001,32.10699],[-81.09103,32.11056],[-81.09162,32.11117],[-81.09551,32.11189],[-81.10178,32.11133],[-81.10332,32.11114],[-81.1067,32.1097],[-81.10894,32.11163],[-81.11238,32.11247],[-81.11537,32.1147],[-81.11723,32.1176],[-81.11723,32.11981],[-81.11525,32.1255],[-81.11613,32.12868],[-81.11854,32.1316],[-81.12,32.13426],[-81.11924,32.1373],[-81.11913,32.14214],[-81.11833,32.14441],[-81.11624,32.1472],[-81.11223,32.14931],[-81.11224,32.1508],[-81.11403,32.152],[-81.11774,32.15223],[-81.12003,32.1533],[-81.12153,32.1551],[-81.12214,32.1573],[-81.12203,32.1618],[-81.12314,32.1629],[-81.12843,32.16441],[-81.12976,32.16584],[-81.12951,32.16705],[-81.12814,32.1691],[-81.12115,32.1749],[-81.11944,32.17536],[-81.11789,32.17154],[-81.11695,32.17091],[-81.11363,32.1713],[-81.11113,32.1727],[-81.11023,32.1745],[-81.11023,32.1768],[-81.11193,32.178],[-81.11393,32.1776],[-81.1158,32.17627],[-81.11693,32.1762],[-81.11984,32.17757],[-81.12044,32.1787],[-81.11983,32.1812],[-81.11793,32.1853],[-81.11824,32.1892],[-81.12116,32.19008],[-81.12184,32.1908],[-81.12179,32.19179],[-81.12123,32.1926],[-81.11933,32.1932],[-81.11623,32.193],[-81.11482,32.19342],[-81.11393,32.19401],[-81.11403,32.1957],[-81.11604,32.1965],[-81.11953,32.1948],[-81.12189,32.19554],[-81.12315,32.20132],[-81.12484,32.20289],[-81.12742,32.20755],[-81.12931,32.20949],[-81.13408,32.21146],[-81.13601,32.21285],[-81.13673,32.21367],[-81.13694,32.217],[-81.13892,32.21977],[-81.14101,32.2204],[-81.14317,32.22174],[-81.14656,32.22175],[-81.15004,32.22108],[-81.15206,32.22204],[-81.15212,32.2226],[-81.15161,32.2229],[-81.14635,32.22456],[-81.14457,32.22613],[-81.14476,32.22647],[-81.19545,32.23759],[-81.3917,32.09589],[-81.39114,32.09463],[-81.38716,32.09044],[-81.38718,32.08938],[-81.38773,32.08865],[-81.38876,32.08836],[-81.38897,32.08705],[-81.38669,32.08218],[-81.38464,32.07938],[-81.37955,32.07483],[-81.3762,32.07304],[-81.37457,32.0729],[-81.37243,32.07195],[-81.37054,32.06963],[-81.36887,32.06899],[-81.3692,32.06791],[-81.37339,32.06839],[-81.37482,32.06739],[-81.37523,32.06621],[-81.37433,32.06498],[-81.37213,32.06526],[-81.37049,32.06389],[-81.37002,32.06213],[-81.36868,32.05991],[-81.3698,32.05887],[-81.36723,32.05729],[-81.36711,32.0566],[-81.36854,32.05615],[-81.37021,32.05446],[-81.36752,32.05132],[-81.36832,32.04921],[-81.36803,32.04853],[-81.36591,32.04779],[-81.36267,32.04825],[-81.36191,32.0489],[-81.36061,32.04864],[-81.36124,32.04572],[-81.35729,32.0422],[-81.35601,32.04207],[-81.35434,32.03947],[-81.35141,32.03691],[-81.35113,32.03503],[-81.35043,32.03424],[-81.34953,32.03508],[-81.3497,32.03801],[-81.34838,32.03913],[-81.34774,32.03549],[-81.34482,32.03434],[-81.34376,32.03306],[-81.34331,32.03302],[-81.34325,32.0342],[-81.34237,32.03418],[-81.34182,32.03196],[-81.34121,32.03134],[-81.34068,32.03131],[-81.33899,32.03293],[-81.33825,32.03291],[-81.33633,32.0291],[-81.33464,32.0277],[-81.33523,32.02561],[-81.33664,32.02392],[-81.33633,32.02251],[-81.33123,32.01981],[-81.3287,32.0192],[-81.32503,32.02181],[-81.32373,32.02111],[-81.32343,32.02011],[-81.32473,32.01661],[-81.32413,32.01541],[-81.32333,32.01521],[-81.31994,32.01641],[-81.31894,32.0162],[-81.3183,32.0155],[-81.31884,32.0141],[-81.3216,32.01301],[-81.32291,32.01161],[-81.32311,32.00942],[-81.32191,32.00741],[-81.32061,32.00682],[-81.31942,32.00688],[-81.31844,32.0078],[-81.31771,32.01011],[-81.31642,32.01141],[-81.31492,32.01141],[-81.31442,32.00951],[-81.31534,32.00791],[-81.31533,32.00691],[-81.31412,32.00451],[-81.31292,32.004],[-81.30873,32.00391],[-81.30544,32.00191],[-81.30444,32.00071],[-81.30427,31.99917],[-81.30481,31.99828],[-81.30799,31.99708],[-81.31015,31.99517],[-81.30998,31.99296],[-81.30775,31.99071],[-81.30744,31.98964],[-81.3094,31.98472],[-81.30945,31.98347],[-81.30885,31.98233],[-81.30743,31.98117],[-81.30322,31.97978],[-81.29384,31.9798],[-81.29032,31.97882],[-81.28863,31.9772],[-81.28757,31.97379],[-81.28873,31.96897],[-81.28893,31.9661],[-81.29053,31.96051],[-81.28974,31.95732],[-81.28783,31.95441],[-81.28713,31.9524],[-81.28716,31.94995],[-81.28883,31.94632],[-81.28841,31.94467],[-81.28722,31.94349],[-81.28547,31.94299],[-81.2832,31.94367],[-81.28043,31.94531],[-81.27742,31.9447],[-81.27411,31.94251],[-81.27312,31.94128],[-81.27246,31.9379],[-81.27614,31.93182],[-81.27634,31.93026],[-81.27534,31.92701],[-81.27303,31.925],[-81.26913,31.92421],[-81.26162,31.92753],[-81.25963,31.92761],[-81.25803,31.92671],[-81.25731,31.92445],[-81.25753,31.92372],[-81.25985,31.92163],[-81.26363,31.91971],[-81.26471,31.91842],[-81.26583,31.91585],[-81.26605,31.91201],[-81.26568,31.91059],[-81.26293,31.90747],[-81.26132,31.90627],[-81.25741,31.90516],[-81.25462,31.90648],[-81.25141,31.90982],[-81.24983,31.91071],[-81.24615,31.91166],[-81.24096,31.91198],[-81.23525,31.9101],[-81.23317,31.90793],[-81.23309,31.9057],[-81.2342,31.90228],[-81.23628,31.89996],[-81.24187,31.89568],[-81.24293,31.89408],[-81.24307,31.8928],[-81.24274,31.89133],[-81.24007,31.88794],[-81.23874,31.88709],[-81.23665,31.88733],[-81.2356,31.88767],[-81.23431,31.88955],[-81.23125,31.89226],[-81.22797,31.89648],[-81.22559,31.90263],[-81.21783,31.91237],[-81.21231,31.91836],[-81.20856,31.92076],[-81.20331,31.92233],[-81.19703,31.92235],[-81.19382,31.92138],[-81.1913,31.91943],[-81.19063,31.91722],[-81.19067,31.91501],[-81.19368,31.90891],[-81.19592,31.90658],[-81.20223,31.90237],[-81.2164,31.89803],[-81.21952,31.89658],[-81.22239,31.89374],[-81.2227,31.89184],[-81.22234,31.89037],[-81.22121,31.88904],[-81.21839,31.88774],[-81.21217,31.88737],[-81.20865,31.88851],[-81.19825,31.89476],[-81.19138,31.89794],[-81.18557,31.89987],[-81.18043,31.90071],[-81.1734,31.89975],[-81.16904,31.89704],[-81.16119,31.88757],[-81.16077,31.88276],[-81.16132,31.88052],[-81.16103,31.87713],[-81.15833,31.86932],[-81.15512,31.86431],[-81.15263,31.86221],[-81.14912,31.86022],[-81.14233,31.85802],[-81.13853,31.85592],[-81.13851,31.85438],[-81.13933,31.85262],[-81.14474,31.84812],[-81.14934,31.84282],[-81.15454,31.83942],[-81.15663,31.83692],[-81.15843,31.83241],[-81.15933,31.82502],[-81.16093,31.82162],[-81.16301,31.82062],[-81.16813,31.82032],[-81.17392,31.81852],[-81.17613,31.81721],[-81.17703,31.81611],[-81.17683,31.80692],[-81.18002,31.80082],[-81.18102,31.79742],[-81.18113,31.79322],[-81.17973,31.79132],[-81.17223,31.78942],[-81.16442,31.78812],[-81.16252,31.78712],[-81.16073,31.78501],[-81.16043,31.78252],[-81.16163,31.77962],[-81.16793,31.77402],[-81.17053,31.77072],[-81.17312,31.76393],[-81.17362,31.75862],[-81.17312,31.75682],[-81.17103,31.75422],[-81.16472,31.75012],[-81.15803,31.74462],[-81.15543,31.74022],[-81.15473,31.73772],[-81.15473,31.71307],[-81.14722,31.71159],[-81.12483,31.70972],[-81.05152,31.7052],[-81.05662,31.71488],[-81.02582,31.72023],[-81.01381,31.72864],[-80.99982,31.74405],[-80.9972,31.7485],[-80.99605,31.75622],[-80.99617,31.76213],[-80.99209,31.7643],[-80.983,31.77268],[-80.97695,31.78088],[-80.9731,31.78822],[-80.97073,31.79835],[-80.95954,31.80001],[-80.94963,31.80305],[-80.94245,31.80683]]]}},{"type":"Feature","properties":{"name":"Chattahoochee"},"geometry":{"type":"Polygon","coordinates":[[[-85.0081,32.33668],[-85.0071,32.32836],[-85.00535,32.32504],[-85.00279,32.32243],[-85.00034,32.32142],[-84.9982,32.32139],[-84.98883,32.31917],[-84.98387,32.31695],[-84.96043,32.30818],[-84.95713,32.30736],[-84.9513,32.30488],[-84.94186,32.30258],[-84.93465,32.29892],[-84.93071,32.29484],[-84.92287,32.28533],[-84.91614,32.28095],[-84.91113,32.27695],[-84.90402,32.27375],[-84.89865,32.26844],[-84.89396,32.26585],[-84.89301,32.2645],[-84.88898,32.26151],[-84.88828,32.25933],[-84.8905,32.25762],[-84.89828,32.25903],[-84.90119,32.25837],[-84.90348,32.25561],[-84.90409,32.25084],[-84.90723,32.24905],[-84.91353,32.24865],[-84.91493,32.24935],[-84.91733,32.24905],[-84.92175,32.25066],[-84.92301,32.25082],[-84.92443,32.25015],[-84.92433,32.24605],[-84.92323,32.24465],[-84.92033,32.24405],[-84.91723,32.24595],[-84.91543,32.24605],[-84.91423,32.24545],[-84.91273,32.24335],[-84.91633,32.23655],[-84.92063,32.23395],[-84.92303,32.23085],[-84.81392,32.23085],[-84.81402,32.22105],[-84.80253,32.22095],[-84.80252,32.23085],[-84.77812,32.23085],[-84.65892,32.23285],[-84.65882,32.27755],[-84.65782,32.34985],[-84.65822,32.37515],[-84.65752,32.44144],[-84.65872,32.44164],[-84.65732,32.49494],[-84.63822,32.49484],[-84.63732,32.53486],[-84.64898,32.53496],[-84.6492,32.53347],[-84.65061,32.53434],[-84.65099,32.53338],[-84.65299,32.53247],[-84.6531,32.53141],[-84.65415,32.53169],[-84.65572,32.53004],[-84.65799,32.52931],[-84.65802,32.52876],[-84.65967,32.52885],[-84.66023,32.52942],[-84.66029,32.52903],[-84.66172,32.52915],[-84.66586,32.52764],[-84.66726,32.52574],[-84.67097,32.52365],[-84.67221,32.52219],[-84.67456,32.52159],[-84.67459,32.52036],[-84.67505,32.52006],[-84.6771,32.52054],[-84.6784,32.52024],[-84.67786,32.51962],[-84.67816,32.51892],[-84.68191,32.51866],[-84.68221,32.51946],[-84.68294,32.51889],[-84.68337,32.51967],[-84.68375,32.51898],[-84.68429,32.51907],[-84.68475,32.52059],[-84.68627,32.51962],[-84.69354,32.51873],[-84.70181,32.51878],[-84.7024,32.51749],[-84.70373,32.51733],[-84.70502,32.5161],[-84.70637,32.5163],[-84.708,32.5158],[-84.70978,32.51376],[-84.71348,32.51163],[-84.71332,32.51039],[-84.71391,32.50952],[-84.7161,32.50915],[-84.71694,32.50817],[-84.71851,32.50801],[-84.71916,32.5073],[-84.72051,32.50783],[-84.72275,32.50643],[-84.72307,32.50643],[-84.72318,32.50801],[-84.72426,32.50776],[-84.72597,32.50482],[-84.72507,32.50473],[-84.72453,32.50398],[-84.72429,32.50235],[-84.72542,32.5018],[-84.72553,32.50084],[-84.72729,32.50051],[-84.72718,32.49972],[-84.72793,32.49912],[-84.72909,32.49923],[-84.72955,32.49857],[-84.73079,32.49836],[-84.72931,32.49729],[-84.7299,32.49548],[-84.72917,32.49374],[-84.73093,32.49353],[-84.73141,32.49051],[-84.73312,32.49051],[-84.73333,32.4895],[-84.73474,32.48822],[-84.73409,32.48744],[-84.73449,32.48645],[-84.73371,32.48561],[-84.73501,32.48496],[-84.73441,32.48302],[-84.73498,32.48258],[-84.73619,32.48283],[-84.73557,32.48118],[-84.73854,32.47981],[-84.73865,32.47924],[-84.73819,32.47894],[-84.73686,32.47928],[-84.7374,32.47828],[-84.73932,32.47702],[-84.74059,32.47678],[-84.74092,32.47566],[-84.73986,32.4745],[-84.74002,32.47337],[-84.74243,32.47264],[-84.74332,32.47181],[-84.74264,32.46703],[-84.74315,32.46545],[-84.74437,32.46394],[-84.74642,32.46291],[-84.74639,32.46151],[-84.74696,32.46025],[-84.74523,32.46016],[-84.74474,32.4592],[-84.74898,32.45782],[-84.75167,32.45758],[-84.75178,32.45475],[-84.75383,32.45433],[-84.75458,32.45342],[-84.75468,32.45248],[-84.75628,32.45109],[-84.75641,32.44997],[-84.75439,32.44867],[-84.75468,32.44702],[-84.75647,32.44653],[-84.75709,32.44283],[-84.7594,32.44154],[-84.76066,32.43667],[-84.76274,32.43534],[-84.76572,32.4355],[-84.76669,32.43493],[-84.76629,32.43314],[-84.76681,32.43144],[-84.76678,32.42917],[-84.76994,32.42598],[-84.76953,32.42488],[-84.77014,32.42354],[-84.76802,32.42302],[-84.76796,32.42049],[-84.76879,32.42099],[-84.76943,32.42232],[-84.771,32.42213],[-84.77282,32.42114],[-84.77577,32.42264],[-84.77737,32.42216],[-84.77815,32.42253],[-84.77833,32.42334],[-84.77772,32.4243],[-84.77829,32.42491],[-84.77929,32.42474],[-84.77951,32.42366],[-84.78191,32.42485],[-84.78234,32.424],[-84.78071,32.42338],[-84.78058,32.42293],[-84.78087,32.42251],[-84.78185,32.42282],[-84.78245,32.42189],[-84.78388,32.42131],[-84.78297,32.4204],[-84.78329,32.41961],[-84.78551,32.41971],[-84.78681,32.41752],[-84.78975,32.41829],[-84.79129,32.41778],[-84.7913,32.41733],[-84.79023,32.41669],[-84.79009,32.4155],[-84.79265,32.41387],[-84.79693,32.4145],[-84.79956,32.41678],[-84.80172,32.41717],[-84.80517,32.41891],[-84.80644,32.42048],[-84.80585,32.42202],[-84.807,32.42259],[-84.8078,32.42254],[-84.80943,32.42086],[-84.8109,32.42054],[-84.81135,32.42001],[-84.81151,32.41902],[-84.81068,32.41762],[-84.81135,32.41611],[-84.81332,32.41579],[-84.81415,32.4145],[-84.81638,32.4144],[-84.81895,32.41282],[-84.82089,32.41309],[-84.82313,32.4141],[-84.82633,32.41278],[-84.82873,32.41413],[-84.83135,32.4131],[-84.83258,32.41418],[-84.8333,32.41419],[-84.83431,32.41374],[-84.83433,32.41237],[-84.83518,32.41163],[-84.83778,32.41328],[-84.84466,32.41328],[-84.84777,32.4149],[-84.84934,32.41426],[-84.85135,32.41238],[-84.85321,32.41269],[-84.85506,32.41435],[-84.85778,32.41441],[-84.86411,32.41329],[-84.86601,32.41393],[-84.87004,32.41093],[-84.87142,32.41117],[-84.87356,32.41286],[-84.8747,32.41277],[-84.87793,32.41118],[-84.8818,32.4107],[-84.88262,32.41006],[-84.88408,32.40648],[-84.88502,32.40582],[-84.88774,32.40518],[-84.88975,32.40162],[-84.89247,32.40104],[-84.89508,32.3995],[-84.89806,32.4009],[-84.89905,32.40203],[-84.90014,32.40207],[-84.90372,32.39611],[-84.9111,32.39528],[-84.91188,32.39378],[-84.91362,32.3925],[-84.91625,32.39195],[-84.91807,32.3903],[-84.9223,32.38912],[-84.92302,32.38792],[-84.92567,32.38709],[-84.92603,32.38501],[-84.93099,32.38293],[-84.93242,32.38062],[-84.93393,32.38094],[-84.93635,32.37926],[-84.93894,32.38054],[-84.93977,32.38186],[-84.94063,32.38187],[-84.94151,32.38005],[-84.9415,32.37826],[-84.94236,32.37797],[-84.94374,32.3787],[-84.94409,32.37707],[-84.94513,32.37602],[-84.94883,32.3756],[-84.95027,32.37696],[-84.95171,32.37714],[-84.95292,32.37656],[-84.95423,32.37486],[-84.95556,32.37473],[-84.95662,32.37387],[-84.96086,32.37485],[-84.96337,32.37657],[-84.96437,32.37588],[-84.96398,32.37521],[-84.96235,32.37492],[-84.96221,32.3744],[-84.96299,32.37402],[-84.96563,32.37563],[-84.96716,32.37555],[-84.96769,32.37624],[-84.96758,32.37839],[-84.96847,32.37896],[-84.96985,32.37842],[-84.97056,32.37753],[-84.97196,32.3777],[-84.97316,32.37533],[-84.97523,32.37416],[-84.97727,32.37384],[-84.98118,32.37445],[-84.98409,32.37352],[-84.98532,32.37251],[-84.98633,32.36869],[-84.98598,32.36767],[-84.98324,32.36512],[-84.98387,32.36239],[-84.99124,32.35503],[-84.99619,32.35143],[-84.99993,32.34955],[-85.00423,32.34561],[-85.0081,32.33668]]]}},{"type":"Feature","properties":{"name":"Chattooga"},"geometry":{"type":"Polygon","coordinates":[[[-85.34672,34.35625],[-85.34367,34.35973],[-85.34155,34.36108],[-85.33887,34.36383],[-85.33709,34.36755],[-85.33594,34.3689],[-85.32263,34.37566],[-85.31712,34.37645],[-85.31385,34.3784],[-85.3085,34.38015],[-85.30591,34.38181],[-85.3017,34.38271],[-85.29946,34.3847],[-85.29818,34.38515],[-85.29448,34.38535],[-85.29196,34.3865],[-85.29068,34.3866],[-85.29015,34.38719],[-85.28806,34.3877],[-85.28751,34.38735],[-85.28661,34.388],[-85.28365,34.38851],[-85.28143,34.38973],[-85.28021,34.38954],[-85.27693,34.39216],[-85.27391,34.39378],[-85.27229,34.39335],[-85.26884,34.39501],[-85.26639,34.39522],[-85.2654,34.39564],[-85.26366,34.39865],[-85.25927,34.39898],[-85.25841,34.39993],[-85.2541,34.40204],[-85.25221,34.40261],[-85.25126,34.40243],[-85.2508,34.40153],[-85.24921,34.40173],[-85.24909,34.4082],[-85.24145,34.40826],[-85.24134,34.41552],[-85.22244,34.41553],[-85.22231,34.42081],[-85.21805,34.42265],[-85.21457,34.42281],[-85.21508,34.42959],[-85.2047,34.42933],[-85.20279,34.43153],[-85.18055,34.436],[-85.18034,34.43734],[-85.17894,34.43853],[-85.17881,34.44095],[-85.17717,34.44503],[-85.17009,34.45465],[-85.1644,34.46943],[-85.16285,34.47232],[-85.161,34.47864],[-85.16115,34.48049],[-85.15914,34.48927],[-85.15656,34.49554],[-85.15225,34.50139],[-85.14765,34.51498],[-85.14585,34.51739],[-85.14495,34.51999],[-85.13225,34.53919],[-85.12995,34.54189],[-85.12915,34.54429],[-85.12465,34.55088],[-85.11965,34.56348],[-85.11645,34.56998],[-85.11505,34.57158],[-85.11455,34.57478],[-85.10975,34.58238],[-85.10775,34.58748],[-85.12495,34.58758],[-85.12495,34.58814],[-85.15375,34.58809],[-85.20642,34.58891],[-85.35348,34.58926],[-85.35409,34.58533],[-85.35207,34.58247],[-85.36019,34.5818],[-85.36148,34.58226],[-85.36355,34.58465],[-85.36599,34.58483],[-85.36691,34.58591],[-85.37134,34.58589],[-85.37172,34.58958],[-85.52726,34.58868],[-85.51707,34.5426],[-85.51393,34.52519],[-85.51116,34.51467],[-85.48173,34.38066],[-85.47045,34.32824],[-85.46221,34.28639],[-85.38735,34.2861],[-85.38303,34.29192],[-85.37881,34.29622],[-85.37839,34.29736],[-85.37896,34.2988],[-85.38239,34.30091],[-85.3828,34.30144],[-85.38282,34.30328],[-85.37939,34.30906],[-85.37711,34.31148],[-85.37615,34.31326],[-85.37526,34.31708],[-85.37324,34.319],[-85.37285,34.3226],[-85.36929,34.32637],[-85.36948,34.32756],[-85.36639,34.33173],[-85.3632,34.33902],[-85.36062,34.33942],[-85.35369,34.3461],[-85.35199,34.348],[-85.34898,34.35368],[-85.34672,34.35625]]]}},{"type":"Feature","properties":{"name":"Cherokee"},"geometry":{"type":"Polygon","coordinates":[[[-84.38832,34.11824],[-84.38814,34.11987],[-84.38024,34.1189],[-84.37682,34.11946],[-84.37091,34.12255],[-84.36919,34.12294],[-84.3653,34.1224],[-84.36158,34.1247],[-84.3607,34.12777],[-84.36111,34.1287],[-84.36029,34.12933],[-84.35977,34.13186],[-84.3601,34.13498],[-84.36144,34.13652],[-84.36065,34.13791],[-84.35956,34.13865],[-84.35885,34.1409],[-84.36,34.1437],[-84.36017,34.14561],[-84.35885,34.14857],[-84.36047,34.15165],[-84.36013,34.15287],[-84.35771,34.15362],[-84.35691,34.15491],[-84.35904,34.15762],[-84.36079,34.16205],[-84.36034,34.16304],[-84.35832,34.16482],[-84.35636,34.16825],[-84.35521,34.1722],[-84.35617,34.17457],[-84.35227,34.17689],[-84.34709,34.17601],[-84.34532,34.17655],[-84.34236,34.17644],[-84.34111,34.17767],[-84.33736,34.17874],[-84.33114,34.18465],[-84.32864,34.18617],[-84.25902,34.18592],[-84.25853,34.29505],[-84.25759,34.38099],[-84.39212,34.38069],[-84.39222,34.37329],[-84.40077,34.37327],[-84.40072,34.38049],[-84.42453,34.38059],[-84.42452,34.38799],[-84.44213,34.38819],[-84.44233,34.38039],[-84.58263,34.38149],[-84.58283,34.41219],[-84.65323,34.41259],[-84.65404,34.35518],[-84.64429,34.35517],[-84.64468,34.34683],[-84.654,34.34693],[-84.65323,34.25008],[-84.65375,34.22721],[-84.65772,34.20268],[-84.65798,34.13283],[-84.65924,34.07824],[-84.62428,34.0776],[-84.62422,34.08178],[-84.61754,34.08166],[-84.6153,34.08161],[-84.61538,34.07746],[-84.61226,34.07733],[-84.51587,34.0753],[-84.51586,34.07923],[-84.51148,34.0792],[-84.51151,34.07527],[-84.46235,34.07403],[-84.41893,34.07354],[-84.41843,34.10904],[-84.41431,34.11036],[-84.41271,34.10974],[-84.41166,34.10811],[-84.41097,34.1079],[-84.4088,34.10898],[-84.40644,34.10892],[-84.40593,34.10969],[-84.40423,34.1104],[-84.40225,34.10961],[-84.39954,34.10967],[-84.39962,34.11096],[-84.39843,34.11217],[-84.39584,34.11309],[-84.39495,34.11539],[-84.39418,34.11549],[-84.39405,34.11475],[-84.39354,34.11461],[-84.39225,34.11573],[-84.39197,34.11755],[-84.38832,34.11824]]]}},{"type":"Feature","properties":{"name":"Clarke"},"geometry":{"type":"Polygon","coordinates":[[[-83.5369,33.96618],[-83.53738,33.96591],[-83.53432,33.96207],[-83.50831,33.9312],[-83.5039,33.93033],[-83.5022,33.93111],[-83.4985,33.93102],[-83.49581,33.93023],[-83.49168,33.93245],[-83.48721,33.93125],[-83.48343,33.93122],[-83.48071,33.92973],[-83.47529,33.92889],[-83.47265,33.92927],[-83.4716,33.93021],[-83.46921,33.93113],[-83.46852,33.93061],[-83.46857,33.92838],[-83.46672,33.92623],[-83.46399,33.92593],[-83.461,33.92662],[-83.454,33.92433],[-83.45002,33.92463],[-83.44957,33.92565],[-83.44804,33.92568],[-83.44494,33.92473],[-83.44283,33.92338],[-83.43835,33.92246],[-83.43541,33.92273],[-83.43445,33.9238],[-83.43228,33.9243],[-83.43067,33.92613],[-83.4292,33.92563],[-83.4276,33.92657],[-83.42572,33.9262],[-83.42193,33.92705],[-83.41888,33.9238],[-83.41998,33.92313],[-83.42021,33.92239],[-83.41744,33.92101],[-83.41551,33.91854],[-83.4141,33.9183],[-83.41312,33.91737],[-83.41106,33.91818],[-83.40804,33.91649],[-83.40804,33.91545],[-83.40618,33.9159],[-83.4056,33.91484],[-83.4063,33.91412],[-83.40424,33.91324],[-83.40488,33.91275],[-83.40292,33.91308],[-83.40222,33.91116],[-83.39843,33.91001],[-83.39765,33.90904],[-83.3943,33.90757],[-83.39379,33.9064],[-83.39347,33.90229],[-83.39081,33.89997],[-83.38247,33.89839],[-83.38229,33.89748],[-83.38452,33.89651],[-83.38491,33.89545],[-83.38187,33.89371],[-83.37903,33.89301],[-83.37847,33.89109],[-83.37659,33.89039],[-83.37341,33.88559],[-83.3727,33.88531],[-83.37074,33.88678],[-83.36624,33.88779],[-83.36537,33.88589],[-83.36408,33.88466],[-83.36374,33.88258],[-83.36151,33.88066],[-83.36106,33.87955],[-83.36119,33.87697],[-83.35995,33.87557],[-83.35699,33.87464],[-83.35281,33.87469],[-83.35213,33.8754],[-83.35289,33.87686],[-83.35246,33.87729],[-83.35015,33.87724],[-83.34572,33.87865],[-83.34438,33.87526],[-83.33809,33.87374],[-83.33479,33.87149],[-83.33215,33.87128],[-83.32787,33.86918],[-83.32402,33.86455],[-83.32475,33.8615],[-83.32781,33.86001],[-83.32539,33.85783],[-83.32669,33.85559],[-83.32455,33.85482],[-83.31965,33.85455],[-83.31304,33.85566],[-83.30888,33.85407],[-83.30624,33.85158],[-83.30226,33.85044],[-83.29476,33.85052],[-83.28903,33.85134],[-83.2873,33.85036],[-83.28377,33.84996],[-83.2816,33.84886],[-83.27593,33.84798],[-83.24086,33.90443],[-83.27542,33.9422],[-83.27772,33.94696],[-83.27915,33.95465],[-83.27411,33.95555],[-83.26955,33.95797],[-83.26702,33.96102],[-83.26573,33.96379],[-83.2656,33.96812],[-83.26623,33.97032],[-83.26741,33.97226],[-83.27088,33.97562],[-83.27556,33.97751],[-83.26918,33.98167],[-83.26899,34.0006],[-83.26197,33.99835],[-83.25841,33.9991],[-83.26148,34.00274],[-83.26335,34.00629],[-83.26436,34.00666],[-83.26582,34.00642],[-83.26588,34.00506],[-83.26685,34.0046],[-83.2715,34.00524],[-83.27198,34.00658],[-83.27354,34.00665],[-83.27565,34.00595],[-83.27635,34.00494],[-83.27795,34.00406],[-83.28015,34.00362],[-83.28401,34.00488],[-83.2864,34.00716],[-83.29277,34.00856],[-83.29443,34.00809],[-83.29566,34.0098],[-83.29954,34.01275],[-83.32024,34.02602],[-83.32672,34.02866],[-83.33952,34.03248],[-83.35708,34.03899],[-83.3595,34.04029],[-83.3777,34.03338],[-83.37984,34.03738],[-83.38288,34.0355],[-83.38442,34.03853],[-83.39036,34.03613],[-83.38976,34.03508],[-83.39296,34.03372],[-83.38396,34.03102],[-83.42174,34.01703],[-83.48447,33.99283],[-83.48589,33.99311],[-83.48698,33.99431],[-83.4905,33.99614],[-83.4947,33.99739],[-83.4978,33.99766],[-83.50113,33.9961],[-83.5019,33.99625],[-83.50307,33.99764],[-83.50305,33.99958],[-83.50368,33.9979],[-83.50216,33.991],[-83.49854,33.98824],[-83.49824,33.98753],[-83.5369,33.96618]]]}},{"type":"Feature","properties":{"name":"Clay"},"geometry":{"type":"Polygon","coordinates":[[[-85.141,31.78046],[-85.13813,31.77776],[-85.12713,31.76956],[-85.12553,31.76786],[-85.12523,31.76626],[-85.12563,31.76446],[-85.12733,31.76256],[-85.12923,31.75866],[-85.12633,31.75166],[-85.12443,31.74896],[-85.12203,31.74406],[-85.12023,31.73536],[-85.11893,31.73266],[-85.11913,31.73096],[-85.12133,31.72886],[-85.12223,31.72646],[-85.12223,31.72276],[-85.12573,31.71886],[-85.12653,31.71676],[-85.12683,31.70897],[-85.12563,31.70157],[-85.12593,31.69626],[-85.12543,31.69476],[-85.12233,31.69126],[-85.11393,31.68686],[-85.11263,31.68516],[-85.10943,31.67747],[-85.10603,31.67507],[-85.10163,31.66947],[-85.09553,31.66377],[-85.09243,31.65997],[-85.08783,31.65787],[-85.08043,31.65597],[-85.07913,31.65477],[-85.07793,31.65267],[-85.07803,31.65157],[-85.07933,31.65087],[-85.08143,31.65097],[-85.08263,31.65027],[-85.08283,31.64907],[-85.08703,31.64097],[-85.08693,31.63947],[-85.08623,31.63857],[-85.08283,31.63797],[-85.08003,31.63687],[-85.07383,31.62957],[-85.06763,31.62527],[-85.06594,31.62486],[-85.06441,31.62373],[-85.05953,31.62172],[-85.05817,31.62023],[-85.05747,31.61862],[-85.05753,31.61688],[-85.05833,31.61455],[-85.06042,31.61127],[-85.06055,31.60822],[-85.0597,31.60726],[-85.05693,31.60646],[-85.05598,31.60517],[-85.0564,31.60096],[-85.05812,31.59361],[-85.05844,31.58369],[-85.05542,31.5787],[-85.05528,31.57709],[-85.05772,31.57306],[-85.05796,31.57084],[-85.05293,31.56289],[-85.05187,31.55787],[-85.05084,31.55555],[-85.0457,31.54871],[-85.04255,31.54595],[-85.04136,31.5425],[-85.04181,31.53775],[-85.04416,31.53319],[-85.04773,31.52774],[-85.04826,31.52601],[-85.04765,31.52375],[-85.04456,31.52091],[-85.0446,31.51926],[-85.0455,31.51713],[-85.04248,31.51709],[-85.03987,31.51777],[-85.0376,31.5159],[-85.03608,31.5165],[-85.03361,31.51638],[-85.03071,31.51835],[-85.02939,31.51867],[-85.02923,31.48607],[-85.00653,31.48587],[-85.00189,31.48784],[-84.99786,31.48723],[-84.98872,31.48915],[-84.98634,31.48886],[-84.9854,31.48949],[-84.98085,31.4907],[-84.97868,31.49222],[-84.977,31.49276],[-84.97408,31.49555],[-84.97442,31.49621],[-84.97399,31.49692],[-84.97143,31.49731],[-84.96752,31.49626],[-84.96603,31.49527],[-84.96434,31.49525],[-84.96451,31.49411],[-84.96404,31.49348],[-84.96245,31.49397],[-84.95973,31.49266],[-84.95916,31.49429],[-84.95729,31.49577],[-84.9533,31.49676],[-84.94972,31.49894],[-84.94767,31.49933],[-84.9469,31.49918],[-84.94692,31.49877],[-84.94369,31.50061],[-84.94399,31.50106],[-84.94286,31.5014],[-84.94224,31.5024],[-84.94133,31.50196],[-84.94026,31.50237],[-84.93916,31.50207],[-84.9378,31.50327],[-84.93694,31.50258],[-84.893,31.50213],[-84.87723,31.50153],[-84.81981,31.50119],[-84.81991,31.51438],[-84.80796,31.51438],[-84.80784,31.51893],[-84.80992,31.51895],[-84.81,31.53083],[-84.81955,31.53091],[-84.81893,31.5479],[-84.81031,31.54769],[-84.81018,31.55648],[-84.79913,31.56525],[-84.8184,31.56573],[-84.81815,31.59318],[-84.82806,31.59248],[-84.82794,31.60188],[-84.81801,31.60196],[-84.81784,31.61977],[-84.86239,31.61894],[-84.94235,31.61867],[-84.94251,31.65555],[-84.93135,31.65543],[-84.931,31.67231],[-84.94064,31.67229],[-84.94055,31.67986],[-84.94978,31.67991],[-84.94938,31.7134],[-84.95932,31.71338],[-84.95848,31.76058],[-84.95864,31.77785],[-85.02653,31.77886],[-85.02663,31.77096],[-85.04843,31.77106],[-85.07394,31.77144],[-85.07383,31.77906],[-85.141,31.78046]]]}},{"type":"Feature","properties":{"name":"Clayton"},"geometry":{"type":"Polygon","coordinates":[[[-84.45818,33.59643],[-84.45867,33.55093],[-84.43945,33.55072],[-84.43476,33.54114],[-84.43319,33.53095],[-84.43378,33.52646],[-84.43353,33.52427],[-84.42563,33.51491],[-84.42043,33.50961],[-84.42065,33.49401],[-84.40974,33.49391],[-84.40614,33.49113],[-84.39617,33.48495],[-84.39439,33.482],[-84.39247,33.48077],[-84.39207,33.47938],[-84.3897,33.47845],[-84.38713,33.47657],[-84.38632,33.47289],[-84.38494,33.47134],[-84.38529,33.46975],[-84.38649,33.4689],[-84.38652,33.46735],[-84.38585,33.46639],[-84.38167,33.46326],[-84.38183,33.46123],[-84.38487,33.45857],[-84.38494,33.45652],[-84.3837,33.45585],[-84.38371,33.45511],[-84.38432,33.45441],[-84.38654,33.45374],[-84.38712,33.45203],[-84.38804,33.45184],[-84.38881,33.45027],[-84.3887,33.44781],[-84.38768,33.44613],[-84.38537,33.44733],[-84.38472,33.44571],[-84.38357,33.44563],[-84.38373,33.44442],[-84.39252,33.44451],[-84.39262,33.43652],[-84.39695,33.43656],[-84.39867,33.43592],[-84.4022,33.43637],[-84.40232,33.42013],[-84.39307,33.42004],[-84.39307,33.41201],[-84.3881,33.41165],[-84.38671,33.4098],[-84.3875,33.40711],[-84.38687,33.40614],[-84.38724,33.40551],[-84.387,33.40459],[-84.38508,33.40273],[-84.38437,33.4029],[-84.38409,33.40247],[-84.38444,33.4015],[-84.38702,33.40081],[-84.38716,33.39825],[-84.38862,33.39605],[-84.39055,33.39679],[-84.39094,33.39628],[-84.39186,33.39654],[-84.39346,33.39592],[-84.39479,33.39447],[-84.39413,33.3912],[-84.39279,33.39095],[-84.39331,33.38936],[-84.39472,33.38862],[-84.39274,33.38714],[-84.39174,33.38718],[-84.38995,33.38603],[-84.39046,33.3819],[-84.38845,33.37918],[-84.38734,33.38006],[-84.38694,33.37907],[-84.38718,33.37702],[-84.38648,33.37651],[-84.3867,33.37574],[-84.38826,33.37511],[-84.39299,33.37392],[-84.39453,33.37412],[-84.39632,33.37342],[-84.39447,33.36974],[-84.39614,33.36857],[-84.39247,33.3666],[-84.39258,33.36615],[-84.39344,33.36608],[-84.39357,33.36377],[-84.3948,33.36221],[-84.39507,33.36026],[-84.39148,33.35845],[-84.39015,33.35668],[-84.38858,33.35634],[-84.38855,33.3546],[-84.38909,33.35371],[-84.38812,33.35246],[-84.3544,33.35251],[-84.35358,33.43617],[-84.32324,33.43594],[-84.32339,33.42803],[-84.30423,33.42743],[-84.30432,33.43573],[-84.29468,33.43572],[-84.29415,33.48433],[-84.28391,33.48434],[-84.28384,33.4982],[-84.28253,33.53135],[-84.28252,33.53288],[-84.29301,33.53299],[-84.29259,33.54914],[-84.2637,33.54892],[-84.26329,33.57488],[-84.26358,33.58225],[-84.25309,33.58218],[-84.2532,33.59029],[-84.2439,33.59029],[-84.24386,33.59862],[-84.25323,33.59876],[-84.25356,33.60053],[-84.25324,33.60693],[-84.26297,33.60695],[-84.26257,33.631],[-84.27206,33.63121],[-84.27186,33.63923],[-84.28146,33.63937],[-84.28165,33.64731],[-84.44577,33.64881],[-84.4458,33.6467],[-84.4484,33.6467],[-84.4483,33.6411],[-84.4531,33.6411],[-84.45309,33.64887],[-84.45788,33.64887],[-84.45818,33.59643]]]}},{"type":"Feature","properties":{"name":"Clinch"},"geometry":{"type":"Polygon","coordinates":[[[-82.97125,31.18399],[-82.97058,31.16659],[-82.97068,31.13771],[-82.9698,31.09704],[-82.97048,30.94201],[-82.97134,30.86939],[-82.84635,30.83499],[-82.84753,30.83303],[-82.84661,30.83162],[-82.84661,30.82925],[-82.84591,30.8272],[-82.84351,30.82536],[-82.84215,30.82524],[-82.84129,30.82456],[-82.84108,30.82354],[-82.83968,30.82163],[-82.8399,30.82009],[-82.8391,30.81834],[-82.83789,30.81691],[-82.83228,30.81372],[-82.83025,30.81064],[-82.83048,30.80878],[-82.83483,30.79995],[-82.83418,30.79508],[-82.83434,30.79308],[-82.83302,30.78874],[-82.83315,30.78576],[-82.83234,30.78481],[-82.83207,30.78301],[-82.83079,30.78154],[-82.82877,30.78059],[-82.82546,30.78077],[-82.82347,30.7801],[-82.82199,30.77749],[-82.82038,30.77627],[-82.81786,30.7766],[-82.81563,30.77582],[-82.81304,30.77202],[-82.81248,30.76998],[-82.80987,30.76729],[-82.81046,30.76531],[-82.80698,30.76203],[-82.80761,30.76027],[-82.80716,30.75889],[-82.80743,30.75787],[-82.80689,30.75693],[-82.80737,30.75499],[-82.80529,30.74984],[-82.80241,30.74728],[-82.79958,30.74692],[-82.79626,30.74371],[-82.79536,30.74209],[-82.79206,30.74164],[-82.78957,30.74059],[-82.78938,30.73995],[-82.78456,30.73821],[-82.78226,30.73832],[-82.78008,30.73747],[-82.77859,30.73754],[-82.77724,30.73603],[-82.77417,30.73625],[-82.77072,30.73416],[-82.7701,30.73417],[-82.77039,30.73445],[-82.76991,30.73467],[-82.76912,30.73374],[-82.76749,30.7332],[-82.76659,30.73235],[-82.7654,30.73342],[-82.76203,30.73301],[-82.76096,30.73345],[-82.75712,30.73164],[-82.75481,30.73237],[-82.75399,30.73149],[-82.75261,30.73122],[-82.75109,30.73247],[-82.75058,30.732],[-82.74885,30.73217],[-82.74674,30.73312],[-82.74358,30.73353],[-82.74191,30.73295],[-82.74019,30.73302],[-82.73981,30.73245],[-82.73851,30.7322],[-82.73749,30.73263],[-82.73592,30.73199],[-82.73456,30.73224],[-82.72971,30.72909],[-82.72614,30.72989],[-82.72441,30.72945],[-82.72163,30.73021],[-82.71959,30.72989],[-82.71759,30.73036],[-82.71655,30.72952],[-82.71532,30.72979],[-82.71319,30.72909],[-82.70998,30.72923],[-82.69839,30.73415],[-82.69193,30.73396],[-82.68977,30.73323],[-82.68846,30.73198],[-82.68552,30.73128],[-82.68404,30.7292],[-82.68136,30.72901],[-82.6799,30.72791],[-82.67791,30.72726],[-82.67715,30.72631],[-82.67482,30.72532],[-82.67436,30.72437],[-82.67017,30.72549],[-82.66699,30.72425],[-82.66506,30.72407],[-82.66264,30.72233],[-82.65981,30.72293],[-82.65681,30.72223],[-82.65554,30.72264],[-82.65345,30.72076],[-82.65215,30.72104],[-82.64832,30.71998],[-82.64511,30.71832],[-82.6399,30.71842],[-82.63911,30.71767],[-82.63736,30.71713],[-82.63259,30.7174],[-82.6297,30.71824],[-82.62844,30.71779],[-82.62738,30.71851],[-82.62524,30.71857],[-82.61928,30.71593],[-82.6178,30.71604],[-82.61481,30.71451],[-82.61278,30.7153],[-82.61025,30.7133],[-82.60913,30.71372],[-82.6089,30.71328],[-82.60654,30.71426],[-82.60547,30.71343],[-82.60401,30.71368],[-82.60355,30.71287],[-82.60157,30.71231],[-82.60066,30.71126],[-82.59855,30.71067],[-82.59729,30.70998],[-82.59702,30.70927],[-82.59574,30.70904],[-82.59504,30.708],[-82.59321,30.70774],[-82.58984,30.70597],[-82.58817,30.70075],[-82.5812,30.69624],[-82.58126,30.6952],[-82.57928,30.69269],[-82.57963,30.69158],[-82.57877,30.69084],[-82.57966,30.69024],[-82.58064,30.69052],[-82.58154,30.68821],[-82.58113,30.68725],[-82.58146,30.68591],[-82.58314,30.68247],[-82.58545,30.67931],[-82.58496,30.67809],[-82.58649,30.67496],[-82.5854,30.6696],[-82.58601,30.66763],[-82.58556,30.66613],[-82.58448,30.66564],[-82.58498,30.66436],[-82.5847,30.66339],[-82.5824,30.66137],[-82.58102,30.66089],[-82.58089,30.65988],[-82.5799,30.6587],[-82.58073,30.65832],[-82.58143,30.65905],[-82.58236,30.65901],[-82.58278,30.65808],[-82.58401,30.59155],[-82.41891,30.58177],[-82.41879,30.61313],[-82.43086,30.61285],[-82.43115,30.65142],[-82.42914,30.6641],[-82.4289,30.69032],[-82.43506,30.70352],[-82.43511,30.71657],[-82.41999,30.71664],[-82.42013,30.7292],[-82.43524,30.72915],[-82.43585,30.82007],[-82.49548,30.81955],[-82.4922,30.83256],[-82.49056,30.96317],[-82.52012,30.96313],[-82.52117,30.96713],[-82.52582,30.96843],[-82.5276,30.96976],[-82.52945,30.97321],[-82.53255,30.97738],[-82.53705,30.98573],[-82.53886,30.98704],[-82.54377,30.98856],[-82.54581,30.98971],[-82.54996,30.99643],[-82.55059,31.00086],[-82.55227,31.00188],[-82.5535,31.00131],[-82.55791,31.00218],[-82.55969,31.00366],[-82.56135,31.00389],[-82.56455,31.00572],[-82.56529,31.00665],[-82.56794,31.00714],[-82.57209,31.01026],[-82.57679,31.00969],[-82.57988,31.01074],[-82.58179,31.01185],[-82.58486,31.01569],[-82.5872,31.01764],[-82.5896,31.01846],[-82.59207,31.01849],[-82.60299,31.04036],[-82.67167,31.18374],[-82.74039,31.18301],[-82.87009,31.18435],[-82.97125,31.18399]]]}},{"type":"Feature","properties":{"name":"Cobb"},"geometry":{"type":"Polygon","coordinates":[[[-84.48916,33.81314],[-84.48578,33.81383],[-84.48204,33.81608],[-84.47788,33.82036],[-84.46972,33.82704],[-84.46676,33.82764],[-84.46428,33.82737],[-84.45815,33.82457],[-84.45638,33.82532],[-84.45537,33.82688],[-84.45502,33.82792],[-84.4553,33.82923],[-84.45859,33.83434],[-84.46043,33.83835],[-84.46045,33.84228],[-84.4587,33.84701],[-84.45885,33.8489],[-84.46022,33.85254],[-84.45887,33.85451],[-84.45447,33.85873],[-84.45423,33.86019],[-84.45604,33.8634],[-84.45618,33.86449],[-84.45514,33.86645],[-84.45204,33.86921],[-84.45169,33.87257],[-84.44747,33.87655],[-84.44345,33.87886],[-84.44316,33.88356],[-84.4443,33.88597],[-84.44431,33.88718],[-84.44224,33.88908],[-84.44155,33.89079],[-84.44153,33.89132],[-84.44306,33.89283],[-84.44387,33.89541],[-84.44169,33.89996],[-84.44579,33.90604],[-84.44764,33.90804],[-84.44711,33.91143],[-84.43946,33.91717],[-84.43666,33.92278],[-84.43111,33.92448],[-84.42757,33.92695],[-84.41775,33.93208],[-84.40209,33.94667],[-84.39776,33.95156],[-84.39342,33.95405],[-84.38948,33.95704],[-84.38304,33.96383],[-84.38278,33.96574],[-84.38373,33.96624],[-84.38387,33.96799],[-84.38458,33.9691],[-84.38436,33.97122],[-84.38222,33.97234],[-84.37946,33.97254],[-84.37808,33.97313],[-84.37626,33.97541],[-84.37517,33.97819],[-84.37544,33.98403],[-84.37467,33.98618],[-84.37581,33.98848],[-84.38017,33.99161],[-84.38347,33.99283],[-84.38678,33.99267],[-84.38743,33.99383],[-84.38979,33.99483],[-84.38997,33.99537],[-84.38762,33.99685],[-84.38952,33.99831],[-84.39292,33.99968],[-84.39245,34.00012],[-84.39246,34.00102],[-84.39398,34.00193],[-84.39531,34.00487],[-84.39641,34.00512],[-84.39717,34.00629],[-84.39717,34.0073],[-84.39631,34.00812],[-84.39797,34.00836],[-84.40026,34.00774],[-84.40083,34.00826],[-84.40061,34.00959],[-84.39915,34.00993],[-84.39937,34.01061],[-84.40102,34.01194],[-84.401,34.01282],[-84.39999,34.01335],[-84.40124,34.01423],[-84.39848,34.01581],[-84.39842,34.0165],[-84.39798,34.01642],[-84.39909,34.01731],[-84.3997,34.02007],[-84.39817,34.02203],[-84.39986,34.02443],[-84.40134,34.02425],[-84.40167,34.02534],[-84.40079,34.02606],[-84.40056,34.02719],[-84.40121,34.03017],[-84.40253,34.03165],[-84.40325,34.03171],[-84.40276,34.03186],[-84.40289,34.03223],[-84.40399,34.03228],[-84.40398,34.03327],[-84.40213,34.03497],[-84.40232,34.03545],[-84.40539,34.03741],[-84.40686,34.03612],[-84.40896,34.0387],[-84.40888,34.03979],[-84.4096,34.04097],[-84.41134,34.04208],[-84.41165,34.04392],[-84.41049,34.04639],[-84.41098,34.04954],[-84.41216,34.05009],[-84.41222,34.04939],[-84.41315,34.04928],[-84.41311,34.05014],[-84.41451,34.05011],[-84.41481,34.05075],[-84.4168,34.05163],[-84.41853,34.05341],[-84.41855,34.05447],[-84.41913,34.05517],[-84.41893,34.07354],[-84.46235,34.07403],[-84.51151,34.07527],[-84.51148,34.0792],[-84.51586,34.07923],[-84.51587,34.0753],[-84.61226,34.07733],[-84.61538,34.07746],[-84.6153,34.08161],[-84.62422,34.08178],[-84.62428,34.0776],[-84.73784,34.07935],[-84.73894,34.0298],[-84.73958,33.94779],[-84.72298,33.94758],[-84.7228,33.94391],[-84.72396,33.92153],[-84.72383,33.91779],[-84.72343,33.91712],[-84.72401,33.90865],[-84.72474,33.86693],[-84.72503,33.81699],[-84.72393,33.81699],[-84.72414,33.80639],[-84.62269,33.80484],[-84.62207,33.80441],[-84.62216,33.80354],[-84.62086,33.80132],[-84.62052,33.80141],[-84.6176,33.79759],[-84.61625,33.7949],[-84.59473,33.76799],[-84.57785,33.7456],[-84.57793,33.74368],[-84.5751,33.74445],[-84.57284,33.74588],[-84.56155,33.75589],[-84.55489,33.76106],[-84.5452,33.76719],[-84.53884,33.77028],[-84.53768,33.77157],[-84.53406,33.77847],[-84.53085,33.78228],[-84.52487,33.78593],[-84.51661,33.78963],[-84.50955,33.79382],[-84.50296,33.79935],[-84.50049,33.80324],[-84.49533,33.80866],[-84.49151,33.81208],[-84.48916,33.81314]]]}},{"type":"Feature","properties":{"name":"Coffee"},"geometry":{"type":"Polygon","coordinates":[[[-83.01362,31.65329],[-83.01417,31.63572],[-83.02936,31.63618],[-83.03019,31.62369],[-83.04447,31.62411],[-83.04485,31.61081],[-83.05881,31.61121],[-83.06004,31.56549],[-83.06346,31.55787],[-83.06497,31.55282],[-83.06827,31.54516],[-83.07188,31.54029],[-83.07366,31.53452],[-83.07597,31.53113],[-83.08253,31.52444],[-83.08365,31.5184],[-83.08351,31.51611],[-83.0842,31.51459],[-83.08544,31.51362],[-83.0916,31.511],[-83.09627,31.50696],[-83.10169,31.49367],[-83.10444,31.48919],[-83.11032,31.48233],[-83.11166,31.47823],[-83.11531,31.47792],[-83.11796,31.47465],[-83.11982,31.47368],[-83.12246,31.4734],[-83.12972,31.47392],[-83.13984,31.472],[-83.14559,31.47228],[-83.14606,31.47103],[-83.14519,31.46957],[-83.14911,31.46338],[-83.15085,31.46226],[-83.15114,31.46022],[-83.1508,31.45773],[-83.15013,31.45638],[-83.14489,31.45463],[-83.14481,31.45328],[-83.14161,31.44829],[-83.14201,31.44733],[-83.14155,31.44634],[-83.1399,31.44538],[-83.1391,31.44375],[-83.13862,31.44002],[-83.13985,31.43791],[-83.13945,31.43647],[-83.1379,31.4353],[-83.13755,31.43347],[-83.13593,31.43051],[-83.13705,31.42859],[-83.1379,31.4279],[-83.139,31.42778],[-83.14001,31.42632],[-83.13972,31.4252],[-83.14048,31.4204],[-83.09469,31.41965],[-83.05904,31.41833],[-82.95852,31.41727],[-82.95806,31.403],[-82.89216,31.4024],[-82.84409,31.40333],[-82.84289,31.40164],[-82.84076,31.40134],[-82.83933,31.40171],[-82.83769,31.4007],[-82.83646,31.39798],[-82.83564,31.39754],[-82.83644,31.3956],[-82.83623,31.39306],[-82.83695,31.39186],[-82.83518,31.38692],[-82.83263,31.3842],[-82.8308,31.37944],[-82.82945,31.37752],[-82.82593,31.37645],[-82.82398,31.37649],[-82.82401,31.37556],[-82.82258,31.37523],[-82.82269,31.37112],[-82.82216,31.36953],[-82.821,31.36808],[-82.81836,31.36733],[-82.81844,31.36561],[-82.81754,31.36449],[-82.62898,31.36393],[-82.62818,31.46935],[-82.59751,31.46929],[-82.59633,31.54821],[-82.59628,31.5579],[-82.62827,31.55833],[-82.6275,31.61226],[-82.62734,31.67267],[-82.83663,31.6714],[-82.83686,31.74587],[-82.83637,31.81615],[-82.8375,31.8162],[-82.83866,31.81569],[-82.83902,31.8142],[-82.83667,31.81256],[-82.83657,31.81086],[-82.83818,31.8106],[-82.84071,31.81248],[-82.84203,31.81209],[-82.84226,31.81162],[-82.84184,31.81024],[-82.84086,31.81015],[-82.84032,31.80911],[-82.83892,31.80857],[-82.83863,31.80719],[-82.84145,31.80665],[-82.84167,31.80523],[-82.84226,31.80467],[-82.84466,31.80488],[-82.84548,31.80258],[-82.84872,31.80041],[-82.84992,31.79787],[-82.85108,31.7977],[-82.85358,31.79912],[-82.85546,31.79875],[-82.85609,31.79781],[-82.856,31.79482],[-82.85886,31.79307],[-82.85884,31.79235],[-82.85721,31.79119],[-82.85735,31.79051],[-82.86054,31.7892],[-82.86225,31.78713],[-82.86241,31.78607],[-82.86177,31.78432],[-82.86284,31.78304],[-82.86468,31.78331],[-82.86624,31.78518],[-82.86817,31.78579],[-82.86942,31.78485],[-82.8679,31.78354],[-82.86812,31.78235],[-82.8706,31.78325],[-82.87215,31.78323],[-82.87482,31.78117],[-82.87701,31.7809],[-82.87773,31.78149],[-82.8777,31.78225],[-82.87595,31.78346],[-82.87415,31.78394],[-82.87362,31.78472],[-82.87583,31.78682],[-82.87669,31.78706],[-82.87754,31.78506],[-82.87871,31.78499],[-82.88084,31.78588],[-82.88213,31.78555],[-82.88248,31.78478],[-82.88093,31.78386],[-82.88066,31.7828],[-82.88209,31.78207],[-82.88612,31.7816],[-82.88666,31.77965],[-82.88879,31.78052],[-82.89045,31.78036],[-82.89124,31.78078],[-82.89195,31.78224],[-82.89436,31.78277],[-82.89593,31.78366],[-82.89851,31.78276],[-82.89964,31.78319],[-82.89876,31.78521],[-82.89955,31.78732],[-82.89696,31.78904],[-82.89645,31.7899],[-82.8972,31.79103],[-82.89877,31.79145],[-82.90005,31.79123],[-82.90173,31.78925],[-82.90621,31.78649],[-82.90732,31.78495],[-82.9105,31.78517],[-82.91225,31.7841],[-82.91423,31.78418],[-82.91573,31.78371],[-82.91645,31.78324],[-82.91684,31.77968],[-82.91857,31.77869],[-82.92036,31.77925],[-82.92128,31.78051],[-82.92042,31.78216],[-82.91897,31.78298],[-82.9187,31.78414],[-82.92475,31.78434],[-82.92682,31.78523],[-82.92957,31.78528],[-82.92984,31.78605],[-82.93085,31.78651],[-82.9338,31.78583],[-82.93438,31.78639],[-82.93456,31.78774],[-82.93675,31.78635],[-82.94043,31.78749],[-82.94111,31.78691],[-82.94105,31.78476],[-82.94244,31.78421],[-82.94327,31.78464],[-82.9446,31.78736],[-82.94651,31.78775],[-82.94704,31.78681],[-82.94609,31.78447],[-82.94687,31.7834],[-82.94905,31.78536],[-82.95196,31.7837],[-82.95526,31.783],[-82.95818,31.78363],[-82.95924,31.78557],[-82.96004,31.78604],[-82.96116,31.78597],[-82.96251,31.78448],[-82.96361,31.78447],[-82.96486,31.78516],[-82.96517,31.78711],[-82.96595,31.788],[-82.96975,31.78849],[-82.96993,31.78939],[-82.96857,31.79164],[-82.96894,31.7924],[-82.96997,31.7929],[-82.97123,31.79271],[-82.97264,31.79131],[-82.97375,31.79101],[-82.97602,31.79312],[-82.97864,31.79305],[-82.98296,31.78963],[-82.98299,31.78819],[-82.98181,31.78528],[-82.98199,31.78429],[-82.98292,31.78367],[-82.9841,31.78423],[-82.98406,31.7864],[-82.98451,31.78695],[-82.98674,31.78719],[-82.98882,31.78824],[-82.99028,31.7876],[-82.99169,31.78414],[-82.99188,31.78245],[-82.99143,31.78113],[-82.99015,31.77979],[-82.98976,31.77786],[-82.99013,31.77685],[-82.99131,31.77653],[-82.99281,31.77947],[-82.9957,31.78098],[-82.9973,31.73271],[-82.99689,31.72944],[-82.9972,31.71168],[-82.99879,31.66047],[-83.01342,31.6608],[-83.01362,31.65329]]]}},{"type":"Feature","properties":{"name":"Colquitt"},"geometry":{"type":"Polygon","coordinates":[[[-84.00091,31.26065],[-84.00224,31.19643],[-84.00202,31.17177],[-84.00271,31.14864],[-84.00298,31.11189],[-84.01374,31.11184],[-84.01386,31.10357],[-84.01385,31.10244],[-84.0032,31.10235],[-84.00388,31.04158],[-83.79573,31.03873],[-83.79607,31.026],[-83.78175,31.02585],[-83.78115,31.02585],[-83.78083,31.0385],[-83.6405,31.03593],[-83.57396,31.03387],[-83.5738,31.06054],[-83.57486,31.07814],[-83.57581,31.07841],[-83.57705,31.08027],[-83.57396,31.08033],[-83.57512,31.08187],[-83.5752,31.08288],[-83.57673,31.08442],[-83.57394,31.085],[-83.57296,31.08583],[-83.57302,31.08683],[-83.57156,31.08785],[-83.57095,31.08764],[-83.57094,31.08672],[-83.57026,31.08657],[-83.56823,31.08835],[-83.56716,31.09156],[-83.56799,31.09326],[-83.56903,31.09393],[-83.56758,31.09447],[-83.56763,31.09508],[-83.56902,31.0954],[-83.5684,31.09616],[-83.56762,31.09549],[-83.56683,31.09839],[-83.56718,31.09865],[-83.56743,31.09764],[-83.5679,31.09755],[-83.56946,31.09792],[-83.56835,31.09887],[-83.56832,31.09991],[-83.5675,31.10075],[-83.5666,31.10042],[-83.56515,31.10163],[-83.56471,31.10087],[-83.56396,31.10083],[-83.56435,31.10244],[-83.56277,31.10178],[-83.56325,31.10417],[-83.56232,31.10461],[-83.56241,31.10323],[-83.56198,31.10313],[-83.56066,31.10503],[-83.56073,31.1056],[-83.56012,31.10596],[-83.56022,31.10737],[-83.55957,31.10777],[-83.55972,31.1084],[-83.55848,31.10908],[-83.55946,31.11054],[-83.55733,31.1105],[-83.55729,31.11132],[-83.55814,31.11184],[-83.55776,31.11315],[-83.55897,31.11478],[-83.55828,31.11621],[-83.55959,31.11755],[-83.55799,31.1208],[-83.55814,31.12262],[-83.55703,31.12292],[-83.55573,31.12188],[-83.55509,31.12199],[-83.55609,31.12382],[-83.55771,31.12475],[-83.55744,31.12539],[-83.55854,31.12571],[-83.55867,31.12672],[-83.55858,31.12759],[-83.55784,31.12721],[-83.55717,31.12766],[-83.55789,31.12978],[-83.55709,31.13074],[-83.55758,31.13245],[-83.55637,31.13408],[-83.55692,31.13891],[-83.55595,31.14077],[-83.55607,31.14172],[-83.55459,31.14181],[-83.55592,31.14451],[-83.55419,31.14452],[-83.55349,31.14401],[-83.55268,31.14471],[-83.55175,31.14479],[-83.55008,31.14655],[-83.55039,31.14755],[-83.54979,31.14732],[-83.54984,31.14655],[-83.54848,31.14704],[-83.54843,31.14779],[-83.54694,31.14774],[-83.5464,31.14846],[-83.54613,31.14781],[-83.54473,31.14823],[-83.54374,31.14784],[-83.54335,31.14825],[-83.54381,31.14893],[-83.54313,31.15115],[-83.54378,31.15392],[-83.5431,31.16023],[-83.54349,31.16101],[-83.54329,31.16266],[-83.54234,31.16344],[-83.54286,31.16643],[-83.54192,31.17036],[-83.54234,31.17032],[-83.54247,31.16965],[-83.54338,31.17043],[-83.54307,31.17136],[-83.54133,31.1731],[-83.54105,31.17419],[-83.54156,31.17518],[-83.54153,31.17743],[-83.5407,31.17898],[-83.53779,31.18055],[-83.53721,31.18155],[-83.53671,31.18164],[-83.53661,31.18068],[-83.53543,31.18174],[-83.53453,31.18071],[-83.53222,31.18072],[-83.53062,31.1823],[-83.53047,31.18356],[-83.52963,31.18402],[-83.52912,31.18329],[-83.52866,31.18333],[-83.52892,31.1845],[-83.5274,31.18477],[-83.52627,31.1865],[-83.5261,31.18852],[-83.52725,31.18931],[-83.52574,31.18977],[-83.52606,31.19124],[-83.52504,31.19144],[-83.52381,31.19041],[-83.52376,31.1922],[-83.52142,31.19282],[-83.52185,31.19377],[-83.52162,31.1945],[-83.51933,31.19614],[-83.51995,31.19641],[-83.51978,31.19709],[-83.52065,31.19735],[-83.52007,31.19949],[-83.51787,31.20147],[-83.51423,31.20321],[-83.51172,31.20551],[-83.50981,31.20618],[-83.51018,31.20901],[-83.5095,31.20951],[-83.50968,31.21013],[-83.51086,31.2109],[-83.51086,31.21184],[-83.51189,31.21269],[-83.51145,31.21369],[-83.51215,31.21418],[-83.51192,31.21497],[-83.51259,31.21605],[-83.51227,31.21648],[-83.51154,31.21557],[-83.51015,31.21566],[-83.51111,31.21631],[-83.51023,31.2174],[-83.51025,31.21823],[-83.5096,31.21834],[-83.51004,31.2191],[-83.50979,31.21975],[-83.50864,31.22031],[-83.50807,31.22212],[-83.50991,31.22331],[-83.50993,31.22424],[-83.5092,31.225],[-83.51076,31.22464],[-83.51122,31.22508],[-83.50946,31.22633],[-83.51206,31.22707],[-83.51347,31.22849],[-83.51295,31.23157],[-83.51372,31.23394],[-83.51334,31.23427],[-83.51314,31.23775],[-83.51103,31.24184],[-83.51104,31.24313],[-83.51204,31.24563],[-83.50899,31.2493],[-83.50962,31.24991],[-83.50974,31.25129],[-83.50757,31.252],[-83.50813,31.25264],[-83.50758,31.25328],[-83.50781,31.25431],[-83.50862,31.2545],[-83.50756,31.25569],[-83.50784,31.25783],[-83.50539,31.25964],[-83.50688,31.2599],[-83.50774,31.26102],[-83.50699,31.26201],[-83.50696,31.26377],[-83.50576,31.26572],[-83.50629,31.26738],[-83.50556,31.26885],[-83.50613,31.27043],[-83.50571,31.27165],[-83.50607,31.27392],[-83.50742,31.276],[-83.5068,31.27686],[-83.50699,31.27885],[-83.50637,31.27977],[-83.50793,31.28247],[-83.51033,31.28408],[-83.51012,31.28482],[-83.5111,31.28528],[-83.51032,31.28665],[-83.51064,31.28754],[-83.51031,31.28861],[-83.51131,31.2907],[-83.51119,31.2914],[-83.51054,31.29141],[-83.51057,31.29425],[-83.51255,31.29632],[-83.51361,31.29824],[-83.51439,31.29867],[-83.51527,31.30153],[-83.51466,31.30335],[-83.51434,31.30864],[-83.51464,31.31063],[-83.51344,31.31183],[-83.51273,31.31414],[-83.5133,31.31594],[-83.51329,31.31963],[-83.51389,31.32097],[-83.51312,31.32228],[-83.51302,31.32448],[-83.51221,31.32543],[-83.51261,31.32741],[-83.59461,31.32966],[-83.71387,31.33165],[-83.71413,31.31837],[-83.75558,31.31889],[-83.75893,31.31895],[-83.75909,31.33222],[-83.99938,31.33498],[-83.99994,31.30725],[-83.9996,31.29976],[-84.00013,31.29827],[-84.00091,31.26065]]]}},{"type":"Feature","properties":{"name":"Columbia"},"geometry":{"type":"Polygon","coordinates":[[[-82.44285,33.63156],[-82.44273,33.63067],[-82.44043,33.6292],[-82.4373,33.62817],[-82.43642,33.62712],[-82.43619,33.62548],[-82.4352,33.6237],[-82.43324,33.62234],[-82.43279,33.62033],[-82.43196,33.62024],[-82.43033,33.61867],[-82.43222,33.61812],[-82.43153,33.61524],[-82.43011,33.61447],[-82.43093,33.61305],[-82.43092,33.61152],[-82.43146,33.61038],[-82.4335,33.60914],[-82.43299,33.60815],[-82.42906,33.60648],[-82.42112,33.59869],[-82.41798,33.59732],[-82.41511,33.59791],[-82.4127,33.5976],[-82.41317,33.59215],[-82.42284,33.57614],[-82.42488,33.57411],[-82.4297,33.57086],[-82.43016,33.56866],[-82.43277,33.56885],[-82.43422,33.56707],[-82.43473,33.56521],[-82.43473,33.55865],[-82.43718,33.55246],[-82.43681,33.54966],[-82.38492,33.52995],[-82.38954,33.52733],[-82.39234,33.52511],[-82.39828,33.51809],[-82.40031,33.51674],[-82.40239,33.51648],[-82.40049,33.51098],[-82.40128,33.50963],[-82.40127,33.50865],[-82.39821,33.50008],[-82.39809,33.49808],[-82.39935,33.49685],[-82.39913,33.49253],[-82.38351,33.47814],[-82.38229,33.47075],[-82.38476,33.46728],[-82.37775,33.45979],[-82.37478,33.45543],[-82.37112,33.453],[-82.36644,33.45199],[-82.36418,33.45068],[-82.3587,33.4427],[-82.35556,33.43962],[-82.35192,33.43497],[-82.34939,33.43064],[-82.34622,33.42646],[-82.3419,33.42338],[-82.33855,33.42238],[-82.33529,33.41874],[-82.33485,33.41667],[-82.33586,33.41481],[-82.33625,33.41286],[-82.33904,33.40756],[-82.34057,33.40665],[-82.33921,33.40224],[-82.33766,33.4017],[-82.33513,33.39969],[-82.3312,33.39844],[-82.33066,33.39729],[-82.33085,33.39633],[-82.32908,33.39223],[-82.32504,33.38895],[-82.32348,33.3865],[-82.32402,33.3834],[-82.32296,33.38117],[-82.31886,33.37904],[-82.31764,33.37719],[-82.3123,33.37488],[-82.31023,33.36805],[-82.31033,33.36694],[-82.3096,33.36556],[-82.30229,33.3616],[-82.29994,33.35881],[-82.29569,33.35677],[-82.29418,33.35464],[-82.24528,33.38967],[-82.17971,33.4381],[-82.17995,33.43873],[-82.17934,33.43837],[-82.12895,33.47378],[-82.07069,33.5161],[-82.06303,33.52074],[-82.0537,33.5277],[-82.04877,33.53062],[-82.02824,33.54493],[-82.03302,33.54645],[-82.0349,33.54916],[-82.03737,33.55466],[-82.04634,33.56383],[-82.04896,33.56487],[-82.05494,33.56538],[-82.05773,33.56677],[-82.06896,33.57533],[-82.0731,33.57751],[-82.08749,33.58061],[-82.09413,33.58274],[-82.09635,33.58407],[-82.09882,33.58636],[-82.10624,33.59564],[-82.10938,33.59658],[-82.11654,33.59648],[-82.12038,33.59488],[-82.12586,33.59074],[-82.12908,33.58993],[-82.13352,33.59053],[-82.14287,33.59428],[-82.14882,33.59809],[-82.15106,33.60096],[-82.15336,33.60632],[-82.15629,33.60863],[-82.15833,33.60971],[-82.16191,33.61064],[-82.17435,33.61312],[-82.17986,33.61595],[-82.18616,33.62088],[-82.19658,33.63058],[-82.1989,33.63873],[-82.19955,33.64266],[-82.20119,33.6469],[-82.19975,33.65761],[-82.1999,33.6617],[-82.21036,33.66984],[-82.21316,33.67721],[-82.21788,33.68554],[-82.21865,33.6863],[-82.22315,33.68651],[-82.22599,33.68565],[-82.22826,33.68596],[-82.23128,33.68857],[-82.24066,33.6933],[-82.24295,33.69327],[-82.24416,33.6907],[-82.2459,33.68944],[-82.25154,33.68894],[-82.25543,33.68737],[-82.25898,33.68726],[-82.26095,33.6865],[-82.26332,33.68762],[-82.26617,33.68723],[-82.26722,33.68631],[-82.26835,33.68301],[-82.27124,33.68239],[-82.27437,33.68335],[-82.27609,33.68453],[-82.27835,33.68735],[-82.28267,33.68885],[-82.28661,33.69221],[-82.28981,33.69181],[-82.29132,33.69211],[-82.29312,33.69339],[-82.29594,33.69308],[-82.29754,33.69349],[-82.30225,33.69916],[-82.30559,33.70055],[-82.30825,33.70044],[-82.31185,33.69808],[-82.31642,33.69771],[-82.32009,33.69851],[-82.32706,33.69727],[-82.32905,33.69768],[-82.33213,33.69279],[-82.33815,33.69328],[-82.33938,33.69267],[-82.34028,33.69143],[-82.34044,33.68893],[-82.34347,33.68806],[-82.34499,33.68905],[-82.34648,33.6918],[-82.34853,33.69252],[-82.35036,33.69437],[-82.3526,33.69558],[-82.35494,33.69411],[-82.35267,33.69041],[-82.35149,33.68285],[-82.35391,33.68152],[-82.35827,33.6846],[-82.36133,33.68435],[-82.36179,33.68231],[-82.35943,33.6774],[-82.35966,33.67634],[-82.3607,33.67548],[-82.3632,33.67504],[-82.36553,33.6761],[-82.368,33.68213],[-82.36921,33.68304],[-82.37202,33.68274],[-82.37279,33.68213],[-82.37273,33.67544],[-82.37334,33.67485],[-82.37412,33.67489],[-82.37612,33.67628],[-82.37841,33.67679],[-82.37927,33.67655],[-82.37991,33.67426],[-82.38116,33.67224],[-82.38786,33.67134],[-82.39231,33.67273],[-82.39414,33.67252],[-82.39455,33.6715],[-82.39226,33.66767],[-82.39212,33.66611],[-82.39424,33.66426],[-82.395,33.66421],[-82.39875,33.66721],[-82.40034,33.67117],[-82.4028,33.67183],[-82.40388,33.67138],[-82.40456,33.67021],[-82.40545,33.6661],[-82.40675,33.66504],[-82.40747,33.66496],[-82.40952,33.66639],[-82.41112,33.66688],[-82.41251,33.66635],[-82.4129,33.66503],[-82.41201,33.6635],[-82.41154,33.66072],[-82.4127,33.65834],[-82.41354,33.65457],[-82.41428,33.65396],[-82.41541,33.65404],[-82.4166,33.65446],[-82.41922,33.65679],[-82.42102,33.65742],[-82.42241,33.65687],[-82.42381,33.65402],[-82.42382,33.65196],[-82.42455,33.65084],[-82.42533,33.65063],[-82.42427,33.64906],[-82.42452,33.64767],[-82.42626,33.64707],[-82.42783,33.64551],[-82.43156,33.644],[-82.43261,33.64403],[-82.43318,33.64255],[-82.43495,33.64154],[-82.43803,33.64155],[-82.44166,33.63834],[-82.4404,33.63563],[-82.44119,33.6333],[-82.44285,33.63156]]]}},{"type":"Feature","properties":{"name":"Cook"},"geometry":{"type":"Polygon","coordinates":[[[-83.5153,31.30235],[-83.51439,31.29867],[-83.51361,31.29824],[-83.51255,31.29632],[-83.51057,31.29425],[-83.51054,31.29141],[-83.51119,31.2914],[-83.51131,31.2907],[-83.51031,31.28861],[-83.51064,31.28754],[-83.51032,31.28665],[-83.5111,31.28528],[-83.51012,31.28482],[-83.51033,31.28408],[-83.50793,31.28247],[-83.50643,31.28002],[-83.50699,31.27885],[-83.5068,31.27686],[-83.50742,31.276],[-83.50617,31.27444],[-83.50571,31.27165],[-83.50613,31.27043],[-83.50556,31.26901],[-83.50629,31.26779],[-83.50576,31.26572],[-83.50696,31.26377],[-83.50699,31.26201],[-83.50774,31.26102],[-83.50688,31.2599],[-83.50539,31.25964],[-83.50784,31.25783],[-83.50756,31.25569],[-83.50862,31.2545],[-83.50781,31.25431],[-83.50758,31.25328],[-83.50813,31.25264],[-83.50757,31.252],[-83.50974,31.25129],[-83.50962,31.24991],[-83.50899,31.2493],[-83.51204,31.24563],[-83.51104,31.24313],[-83.51103,31.24184],[-83.51314,31.23775],[-83.51334,31.23427],[-83.51372,31.23394],[-83.51295,31.23157],[-83.51347,31.22849],[-83.51206,31.22707],[-83.50946,31.22633],[-83.51122,31.22508],[-83.51076,31.22464],[-83.5092,31.225],[-83.50993,31.22424],[-83.50991,31.22331],[-83.50807,31.22212],[-83.50864,31.22031],[-83.50979,31.21975],[-83.51004,31.2191],[-83.5096,31.21834],[-83.51025,31.21823],[-83.51023,31.2174],[-83.51111,31.21631],[-83.51015,31.21566],[-83.51154,31.21557],[-83.51227,31.21648],[-83.51259,31.21605],[-83.51192,31.21497],[-83.51215,31.21418],[-83.51145,31.21369],[-83.51189,31.21269],[-83.51086,31.21184],[-83.51086,31.2109],[-83.50968,31.21013],[-83.5095,31.20951],[-83.51018,31.20901],[-83.50981,31.20618],[-83.51172,31.20551],[-83.51423,31.20321],[-83.51787,31.20147],[-83.52007,31.19949],[-83.52065,31.19735],[-83.51978,31.19709],[-83.51995,31.19641],[-83.51933,31.19614],[-83.52162,31.1945],[-83.52185,31.19377],[-83.52142,31.19282],[-83.52376,31.1922],[-83.52381,31.19041],[-83.52504,31.19144],[-83.52606,31.19124],[-83.52574,31.18977],[-83.52725,31.18931],[-83.5261,31.18852],[-83.52627,31.1865],[-83.5274,31.18477],[-83.52892,31.1845],[-83.52866,31.18333],[-83.52912,31.18329],[-83.52963,31.18402],[-83.53047,31.18356],[-83.53062,31.1823],[-83.53243,31.18066],[-83.53453,31.18071],[-83.53543,31.18174],[-83.53661,31.18068],[-83.53671,31.18164],[-83.53721,31.18155],[-83.53779,31.18055],[-83.54055,31.17919],[-83.54153,31.17743],[-83.54156,31.17518],[-83.54105,31.17419],[-83.54133,31.1731],[-83.54307,31.17136],[-83.54338,31.17043],[-83.54247,31.16965],[-83.54234,31.17032],[-83.54192,31.17036],[-83.54286,31.16643],[-83.54234,31.16344],[-83.54329,31.16266],[-83.54349,31.16101],[-83.5431,31.16023],[-83.54378,31.15392],[-83.54313,31.15115],[-83.54381,31.14893],[-83.54335,31.14825],[-83.54374,31.14784],[-83.54473,31.14823],[-83.54613,31.14781],[-83.5464,31.14846],[-83.54694,31.14774],[-83.54843,31.14779],[-83.54848,31.14704],[-83.54984,31.14655],[-83.54979,31.14732],[-83.55039,31.14755],[-83.55008,31.14655],[-83.55175,31.14479],[-83.55268,31.14471],[-83.55349,31.14401],[-83.55419,31.14452],[-83.55592,31.14451],[-83.55459,31.14181],[-83.55607,31.14172],[-83.55595,31.14077],[-83.55692,31.13891],[-83.55637,31.13408],[-83.55758,31.13245],[-83.55709,31.13074],[-83.55789,31.12978],[-83.55717,31.12766],[-83.55784,31.12721],[-83.55858,31.12759],[-83.55867,31.12672],[-83.55854,31.12571],[-83.55744,31.12539],[-83.55771,31.12475],[-83.55609,31.12382],[-83.55509,31.12199],[-83.55573,31.12188],[-83.55703,31.12292],[-83.55814,31.12262],[-83.55799,31.1208],[-83.55959,31.11755],[-83.55828,31.11621],[-83.55897,31.11478],[-83.55776,31.11315],[-83.55814,31.11184],[-83.55729,31.11132],[-83.55733,31.1105],[-83.55946,31.11054],[-83.55848,31.10908],[-83.55972,31.1084],[-83.55957,31.10777],[-83.56022,31.10737],[-83.56012,31.10596],[-83.56073,31.1056],[-83.56066,31.10503],[-83.56198,31.10313],[-83.56241,31.10323],[-83.56232,31.10461],[-83.56325,31.10417],[-83.56277,31.10178],[-83.56435,31.10244],[-83.56396,31.10083],[-83.56471,31.10087],[-83.56515,31.10163],[-83.5666,31.10042],[-83.5675,31.10075],[-83.56832,31.09991],[-83.56835,31.09887],[-83.56946,31.09792],[-83.5679,31.09755],[-83.56743,31.09764],[-83.56718,31.09865],[-83.56683,31.09839],[-83.56762,31.09549],[-83.5684,31.09616],[-83.56902,31.0954],[-83.56763,31.09508],[-83.56758,31.09447],[-83.56903,31.09393],[-83.56799,31.09326],[-83.56716,31.09156],[-83.56823,31.08835],[-83.57026,31.08657],[-83.57094,31.08672],[-83.57095,31.08764],[-83.57156,31.08785],[-83.57302,31.08683],[-83.57296,31.08583],[-83.57394,31.085],[-83.57673,31.08442],[-83.5752,31.08288],[-83.57512,31.08187],[-83.57396,31.08033],[-83.57674,31.08051],[-83.57697,31.07985],[-83.57525,31.07799],[-83.57441,31.07893],[-83.57364,31.07872],[-83.57417,31.07763],[-83.57311,31.07724],[-83.57355,31.0755],[-83.57296,31.07524],[-83.57225,31.07571],[-83.56971,31.07315],[-83.5696,31.0723],[-83.57075,31.0717],[-83.56829,31.0707],[-83.56674,31.06947],[-83.56625,31.06821],[-83.56472,31.0679],[-83.56134,31.06542],[-83.56003,31.06267],[-83.55902,31.06159],[-83.55583,31.06093],[-83.55482,31.05934],[-83.55504,31.05828],[-83.55461,31.05711],[-83.55384,31.05611],[-83.55236,31.05558],[-83.55133,31.05658],[-83.55081,31.05636],[-83.5507,31.0552],[-83.55214,31.05501],[-83.55171,31.05435],[-83.55063,31.05439],[-83.54991,31.05338],[-83.54865,31.05382],[-83.54812,31.05282],[-83.54673,31.05346],[-83.54531,31.05217],[-83.54307,31.05199],[-83.54204,31.05112],[-83.53791,31.05132],[-83.53432,31.05298],[-83.53253,31.05259],[-83.53005,31.05112],[-83.52932,31.05118],[-83.52895,31.0537],[-83.5263,31.05391],[-83.52616,31.05437],[-83.52676,31.05494],[-83.52562,31.05529],[-83.52502,31.05483],[-83.52514,31.05376],[-83.52398,31.05456],[-83.52317,31.05342],[-83.52046,31.05324],[-83.52051,31.05191],[-83.51892,31.05215],[-83.51637,31.05087],[-83.51445,31.05061],[-83.51072,31.0506],[-83.5082,31.04829],[-83.50741,31.04822],[-83.50639,31.04901],[-83.50634,31.05037],[-83.50495,31.05063],[-83.50444,31.05187],[-83.50385,31.05117],[-83.50338,31.05138],[-83.50284,31.05242],[-83.50335,31.05307],[-83.5026,31.05312],[-83.50077,31.05214],[-83.49967,31.05093],[-83.49857,31.04845],[-83.49758,31.04773],[-83.49697,31.04587],[-83.49553,31.04423],[-83.49632,31.04144],[-83.49707,31.04072],[-83.4923,31.03912],[-83.49159,31.0375],[-83.49259,31.03697],[-83.49252,31.03651],[-83.49053,31.0368],[-83.4894,31.03543],[-83.48397,31.03489],[-83.48337,31.03434],[-83.48374,31.03379],[-83.48185,31.03264],[-83.47825,31.0322],[-83.47608,31.03302],[-83.47549,31.03272],[-83.4754,31.03196],[-83.31858,31.02749],[-83.29467,31.02757],[-83.29429,31.0287],[-83.2949,31.02874],[-83.29546,31.02805],[-83.2958,31.0287],[-83.29453,31.02986],[-83.29445,31.03053],[-83.29219,31.03106],[-83.29174,31.03197],[-83.29259,31.03319],[-83.29221,31.03408],[-83.29163,31.03422],[-83.2903,31.03648],[-83.28931,31.0366],[-83.2891,31.0382],[-83.28844,31.03726],[-83.28777,31.03925],[-83.28687,31.03795],[-83.28671,31.039],[-83.2858,31.03955],[-83.28495,31.03946],[-83.28362,31.04044],[-83.28362,31.04106],[-83.28447,31.04189],[-83.28399,31.04361],[-83.28508,31.044],[-83.28575,31.04516],[-83.28535,31.04926],[-83.28447,31.05034],[-83.28519,31.05117],[-83.28511,31.05171],[-83.28415,31.05334],[-83.28244,31.05451],[-83.28287,31.05584],[-83.28173,31.05609],[-83.28197,31.05776],[-83.28109,31.05863],[-83.28109,31.05959],[-83.27981,31.05994],[-83.2809,31.06108],[-83.27978,31.0617],[-83.28021,31.06223],[-83.27973,31.06365],[-83.27997,31.06408],[-83.28084,31.06399],[-83.28077,31.06486],[-83.28188,31.06562],[-83.28449,31.06551],[-83.28449,31.06619],[-83.28526,31.06615],[-83.28582,31.06704],[-83.28657,31.06706],[-83.28633,31.06802],[-83.2875,31.06839],[-83.28728,31.06928],[-83.28843,31.06878],[-83.28936,31.06949],[-83.29026,31.06942],[-83.29157,31.06791],[-83.29258,31.06876],[-83.29247,31.06979],[-83.29418,31.07048],[-83.29607,31.07025],[-83.29556,31.07162],[-83.29662,31.07192],[-83.29654,31.07252],[-83.29588,31.07261],[-83.29563,31.07388],[-83.29479,31.07432],[-83.29455,31.07641],[-83.29556,31.07753],[-83.29524,31.07886],[-83.29447,31.07966],[-83.29585,31.07971],[-83.29625,31.08037],[-83.29737,31.08076],[-83.29795,31.08298],[-83.29905,31.08291],[-83.29971,31.08356],[-83.30029,31.08305],[-83.30221,31.08358],[-83.30197,31.08587],[-83.30117,31.08596],[-83.30139,31.08683],[-83.30061,31.08795],[-83.30269,31.08798],[-83.30147,31.08942],[-83.30258,31.08944],[-83.30328,31.09093],[-83.30423,31.0913],[-83.30416,31.0918],[-83.30642,31.09267],[-83.30698,31.09256],[-83.30679,31.0913],[-83.30823,31.09141],[-83.30852,31.0907],[-83.30937,31.09031],[-83.31001,31.09061],[-83.31193,31.09024],[-83.31363,31.09121],[-83.31493,31.09366],[-83.31603,31.09393],[-83.31613,31.09467],[-83.31728,31.09524],[-83.31736,31.09624],[-83.31909,31.09721],[-83.3209,31.09672],[-83.32193,31.09766],[-83.3217,31.09817],[-83.32047,31.09796],[-83.32063,31.09972],[-83.32148,31.10094],[-83.32114,31.10199],[-83.32156,31.10234],[-83.32124,31.1036],[-83.32045,31.10399],[-83.3209,31.10433],[-83.32058,31.10664],[-83.32247,31.10763],[-83.32276,31.10902],[-83.32263,31.11166],[-83.32183,31.1129],[-83.32154,31.11608],[-83.32098,31.11679],[-83.32151,31.11711],[-83.32236,31.11677],[-83.32247,31.11826],[-83.32181,31.11885],[-83.3208,31.12288],[-83.32,31.12419],[-83.31765,31.12479],[-83.31634,31.12719],[-83.31491,31.12765],[-83.31408,31.12868],[-83.31435,31.12969],[-83.31387,31.13031],[-83.31395,31.13141],[-83.3123,31.13322],[-83.31216,31.13496],[-83.30953,31.14027],[-83.30961,31.14316],[-83.30859,31.14387],[-83.3087,31.14494],[-83.30726,31.14531],[-83.30481,31.14795],[-83.30444,31.14939],[-83.30487,31.1506],[-83.30452,31.15635],[-83.30572,31.15961],[-83.30657,31.16018],[-83.30561,31.16444],[-83.30561,31.16723],[-83.30769,31.16907],[-83.31254,31.16977],[-83.31485,31.17067],[-83.31637,31.17216],[-83.31776,31.17278],[-83.31824,31.17408],[-83.32101,31.1769],[-83.32205,31.17692],[-83.32389,31.17969],[-83.32647,31.18056],[-83.32687,31.18221],[-83.32825,31.18321],[-83.33028,31.18734],[-83.33207,31.18881],[-83.33236,31.19011],[-83.33436,31.19176],[-83.33399,31.19568],[-83.33463,31.19733],[-83.33425,31.19948],[-83.33322,31.20046],[-83.33298,31.20195],[-83.33348,31.20612],[-83.33394,31.2066],[-83.33378,31.20873],[-83.33306,31.20949],[-83.33311,31.21183],[-83.3321,31.21467],[-83.33218,31.21593],[-83.33378,31.21691],[-83.33399,31.21943],[-83.33479,31.22101],[-83.33693,31.2227],[-83.33743,31.22536],[-83.33741,31.22671],[-83.3356,31.22992],[-83.33549,31.23173],[-83.33315,31.23578],[-83.3332,31.23926],[-83.33595,31.24458],[-83.34213,31.24831],[-83.3441,31.2507],[-83.34704,31.25212],[-83.35093,31.25095],[-83.35397,31.25064],[-83.35581,31.24976],[-83.35744,31.24984],[-83.35839,31.25061],[-83.35956,31.25052],[-83.36106,31.24956],[-83.36616,31.24906],[-83.36994,31.25186],[-83.37306,31.25179],[-83.37676,31.2536],[-83.37724,31.25456],[-83.37902,31.25598],[-83.38118,31.25564],[-83.38174,31.25697],[-83.38726,31.25942],[-83.38792,31.26045],[-83.38808,31.26302],[-83.3888,31.26442],[-83.39283,31.26703],[-83.39387,31.26859],[-83.39565,31.27003],[-83.39701,31.27042],[-83.39733,31.27138],[-83.39909,31.27282],[-83.39957,31.27383],[-83.40173,31.27397],[-83.40269,31.2747],[-83.40399,31.27768],[-83.40559,31.27901],[-83.40655,31.2824],[-83.40925,31.28508],[-83.40941,31.2868],[-83.41109,31.28655],[-83.41285,31.28714],[-83.41444,31.28994],[-83.41647,31.29188],[-83.41978,31.29275],[-83.42039,31.29433],[-83.42231,31.29511],[-83.42602,31.29454],[-83.42879,31.29328],[-83.42967,31.29356],[-83.43055,31.29475],[-83.43093,31.29656],[-83.43338,31.29933],[-83.43327,31.3013],[-83.43506,31.30258],[-83.4353,31.30327],[-83.43456,31.30592],[-83.43533,31.30883],[-83.43386,31.31133],[-83.43397,31.31238],[-83.43882,31.31639],[-83.43901,31.31944],[-83.43837,31.32076],[-83.43613,31.32216],[-83.43634,31.32484],[-83.43538,31.32601],[-83.43557,31.32727],[-83.43701,31.32874],[-83.43693,31.32928],[-83.43568,31.33103],[-83.43279,31.33228],[-83.43218,31.33424],[-83.43247,31.33716],[-83.43405,31.33945],[-83.43238,31.3454],[-83.43284,31.34669],[-83.43383,31.34695],[-83.4347,31.34806],[-83.43449,31.35036],[-83.44486,31.34964],[-83.44552,31.33603],[-83.46042,31.33309],[-83.46064,31.32626],[-83.51261,31.32741],[-83.51221,31.32543],[-83.51302,31.32448],[-83.51312,31.32228],[-83.51389,31.32097],[-83.51329,31.31963],[-83.5133,31.31594],[-83.51273,31.31414],[-83.51344,31.31183],[-83.51464,31.31063],[-83.51434,31.30864],[-83.51466,31.30335],[-83.5153,31.30235]]]}},{"type":"Feature","properties":{"name":"Coweta"},"geometry":{"type":"Polygon","coordinates":[[[-84.81277,33.22341],[-84.70332,33.22282],[-84.70321,33.23118],[-84.69398,33.23125],[-84.69403,33.22297],[-84.67461,33.22273],[-84.67451,33.2265],[-84.66948,33.22643],[-84.66934,33.23079],[-84.6546,33.23071],[-84.65464,33.22431],[-84.65269,33.22253],[-84.50235,33.22106],[-84.50407,33.22223],[-84.50407,33.22352],[-84.50645,33.22609],[-84.50656,33.22716],[-84.50562,33.22883],[-84.50478,33.22836],[-84.50582,33.22727],[-84.50565,33.22679],[-84.50383,33.22733],[-84.50293,33.22926],[-84.50092,33.23118],[-84.50029,33.23344],[-84.50216,33.23395],[-84.50227,33.23696],[-84.50319,33.23745],[-84.50407,33.23914],[-84.50496,33.23853],[-84.50613,33.23892],[-84.506,33.23796],[-84.50728,33.23798],[-84.50851,33.23985],[-84.50806,33.24034],[-84.50787,33.24233],[-84.50881,33.24351],[-84.50908,33.24498],[-84.50736,33.24632],[-84.50805,33.24774],[-84.50786,33.24871],[-84.50659,33.24829],[-84.5058,33.24856],[-84.50444,33.24953],[-84.50433,33.25011],[-84.50231,33.25075],[-84.50161,33.25146],[-84.49971,33.25007],[-84.49825,33.25002],[-84.4973,33.25233],[-84.49706,33.2564],[-84.49775,33.25794],[-84.49917,33.2592],[-84.50052,33.25943],[-84.50217,33.26142],[-84.50199,33.2631],[-84.50015,33.26504],[-84.50081,33.26557],[-84.50134,33.26772],[-84.50257,33.26973],[-84.50312,33.27023],[-84.50387,33.27004],[-84.50361,33.27144],[-84.50295,33.27216],[-84.50307,33.27284],[-84.50424,33.27325],[-84.50493,33.27445],[-84.50597,33.27411],[-84.50672,33.27523],[-84.50708,33.27705],[-84.50651,33.2779],[-84.50734,33.27809],[-84.50746,33.27881],[-84.50614,33.2786],[-84.50468,33.27984],[-84.50443,33.28097],[-84.5051,33.28114],[-84.50531,33.28233],[-84.50619,33.28291],[-84.50709,33.28276],[-84.50737,33.28193],[-84.50854,33.28104],[-84.51128,33.28201],[-84.51205,33.28166],[-84.51221,33.28063],[-84.51258,33.28086],[-84.51355,33.28281],[-84.5126,33.28294],[-84.51349,33.28569],[-84.51286,33.28583],[-84.51286,33.28639],[-84.5147,33.29036],[-84.51555,33.2908],[-84.51554,33.29169],[-84.51643,33.29175],[-84.51748,33.29316],[-84.51718,33.29398],[-84.51787,33.29514],[-84.51717,33.29523],[-84.51708,33.296],[-84.51823,33.29631],[-84.51862,33.29702],[-84.51738,33.29713],[-84.51704,33.29859],[-84.51552,33.30007],[-84.51468,33.30367],[-84.51634,33.30474],[-84.5166,33.3058],[-84.51857,33.30795],[-84.52007,33.3085],[-84.52071,33.31089],[-84.52043,33.31264],[-84.52191,33.31326],[-84.52146,33.31432],[-84.52016,33.31543],[-84.51794,33.31579],[-84.51815,33.31818],[-84.5189,33.31867],[-84.5199,33.31833],[-84.52158,33.3186],[-84.52322,33.31954],[-84.52452,33.32138],[-84.52537,33.3207],[-84.5265,33.32156],[-84.52818,33.32694],[-84.5305,33.32859],[-84.53074,33.32763],[-84.53164,33.32762],[-84.53536,33.33136],[-84.5354,33.33285],[-84.53456,33.33444],[-84.53468,33.33576],[-84.53519,33.33585],[-84.53528,33.33537],[-84.53616,33.33579],[-84.53804,33.33565],[-84.53854,33.3351],[-84.53828,33.33428],[-84.539,33.33356],[-84.54069,33.33332],[-84.54249,33.33461],[-84.5421,33.33551],[-84.54377,33.33544],[-84.5437,33.33616],[-84.5446,33.3366],[-84.54374,33.33747],[-84.5444,33.33841],[-84.54549,33.33878],[-84.54584,33.33827],[-84.54953,33.33824],[-84.54908,33.33925],[-84.54979,33.33937],[-84.54977,33.34012],[-84.55114,33.34017],[-84.55185,33.34228],[-84.55359,33.34195],[-84.55445,33.34125],[-84.55671,33.34137],[-84.56067,33.34068],[-84.56176,33.3413],[-84.56233,33.3424],[-84.56371,33.34249],[-84.56367,33.34321],[-84.56476,33.3446],[-84.56578,33.34486],[-84.56646,33.34562],[-84.56722,33.34551],[-84.56671,33.34602],[-84.568,33.34638],[-84.56779,33.34704],[-84.56823,33.34702],[-84.56888,33.34823],[-84.57146,33.34856],[-84.57177,33.35064],[-84.57302,33.35099],[-84.57296,33.35177],[-84.57455,33.35324],[-84.57515,33.35436],[-84.57478,33.35494],[-84.57543,33.3572],[-84.57701,33.35856],[-84.57861,33.35899],[-84.58186,33.35662],[-84.58371,33.35669],[-84.58612,33.35795],[-84.58637,33.36063],[-84.58878,33.36264],[-84.58705,33.36413],[-84.587,33.36487],[-84.58779,33.36628],[-84.58916,33.3673],[-84.59127,33.3679],[-84.59132,33.36858],[-84.58999,33.36866],[-84.59122,33.36946],[-84.59085,33.37042],[-84.59177,33.37057],[-84.59148,33.37104],[-84.59232,33.37156],[-84.59176,33.37232],[-84.59277,33.37306],[-84.59289,33.37604],[-84.59235,33.37652],[-84.59214,33.3783],[-84.59281,33.37907],[-84.59273,33.37971],[-84.59351,33.37986],[-84.59407,33.38178],[-84.5948,33.38231],[-84.59672,33.38254],[-84.59676,33.38145],[-84.59729,33.38138],[-84.59833,33.38396],[-84.59762,33.38506],[-84.59784,33.38557],[-84.59911,33.38696],[-84.60127,33.38698],[-84.60149,33.38815],[-84.60429,33.39119],[-84.60687,33.3918],[-84.60618,33.39333],[-84.60734,33.39336],[-84.60782,33.39242],[-84.60909,33.39308],[-84.60876,33.39417],[-84.6067,33.39526],[-84.60945,33.39671],[-84.61018,33.39777],[-84.61034,33.39871],[-84.60912,33.40041],[-84.6131,33.40153],[-84.61549,33.40717],[-84.61718,33.40722],[-84.61858,33.40864],[-84.61903,33.41169],[-84.62009,33.41277],[-84.61908,33.41348],[-84.61969,33.41419],[-84.61844,33.41457],[-84.61889,33.41654],[-84.61969,33.41773],[-84.61979,33.4193],[-84.61925,33.41996],[-84.6197,33.4216],[-84.61921,33.42247],[-84.61999,33.42374],[-84.61968,33.42407],[-84.62019,33.42555],[-84.62109,33.42635],[-84.62142,33.42792],[-84.62276,33.43011],[-84.62248,33.43189],[-84.62304,33.43264],[-84.62277,33.4333],[-84.62355,33.43563],[-84.62524,33.43637],[-84.62603,33.43729],[-84.62557,33.43776],[-84.62579,33.43874],[-84.62722,33.44008],[-84.62628,33.44081],[-84.62649,33.44201],[-84.62571,33.44349],[-84.62632,33.44529],[-84.62632,33.44703],[-84.62604,33.4477],[-84.62483,33.44809],[-84.62441,33.44895],[-84.62505,33.44991],[-84.62614,33.44995],[-84.62686,33.45097],[-84.62661,33.45467],[-84.62616,33.45513],[-84.62667,33.45732],[-84.62515,33.45867],[-84.62556,33.45934],[-84.62681,33.4597],[-84.62702,33.46099],[-84.62507,33.46264],[-84.62539,33.46336],[-84.62644,33.46363],[-84.62674,33.46449],[-84.62461,33.46585],[-84.62322,33.46837],[-84.62326,33.47013],[-84.62453,33.47109],[-84.62681,33.47497],[-84.62572,33.47747],[-84.62511,33.47818],[-84.62417,33.4783],[-84.62265,33.48011],[-84.6226,33.48077],[-84.62016,33.48169],[-84.61789,33.48386],[-84.61641,33.48698],[-84.6169,33.48698],[-84.61676,33.48736],[-84.6149,33.48953],[-84.61269,33.49374],[-84.61106,33.50022],[-84.60955,33.50074],[-84.61007,33.50188],[-84.60937,33.50258],[-84.61634,33.50252],[-84.61637,33.50315],[-84.62113,33.50313],[-84.62131,33.51129],[-84.664,33.51166],[-84.66563,33.51165],[-84.66565,33.51108],[-84.66654,33.51161],[-84.66999,33.51154],[-84.67001,33.51102],[-84.67088,33.51099],[-84.67098,33.50977],[-84.67229,33.50973],[-84.67239,33.51096],[-84.67999,33.51092],[-84.67999,33.51149],[-84.68994,33.51161],[-84.71109,33.51141],[-84.71109,33.51075],[-84.72876,33.51068],[-84.85116,33.51106],[-84.85146,33.50512],[-84.85219,33.50177],[-84.85357,33.49848],[-84.85529,33.49595],[-84.85835,33.49389],[-84.86661,33.49174],[-84.87406,33.49251],[-84.87667,33.49207],[-84.87887,33.49059],[-84.8837,33.48571],[-84.89476,33.47834],[-84.90055,33.47683],[-84.90247,33.47585],[-84.90669,33.47212],[-84.90853,33.4698],[-84.90905,33.46708],[-84.90829,33.46175],[-84.90935,33.45953],[-84.91674,33.45758],[-84.9192,33.45565],[-84.9205,33.45226],[-84.92041,33.45055],[-84.91924,33.44851],[-84.92047,33.44604],[-84.92176,33.44501],[-84.93193,33.44215],[-84.93304,33.44115],[-84.93538,33.43742],[-84.93743,33.43675],[-84.9432,33.43653],[-84.94578,33.43755],[-84.95048,33.44091],[-84.95275,33.43967],[-84.95446,33.43932],[-84.96607,33.44876],[-84.97288,33.45183],[-84.97756,33.45577],[-84.98096,33.45714],[-84.98387,33.45733],[-84.98621,33.45646],[-84.98897,33.45304],[-84.98878,33.45145],[-84.9852,33.4458],[-84.98489,33.44362],[-84.98561,33.44214],[-84.99719,33.43503],[-85.01121,33.43104],[-85.0132,33.42983],[-85.01536,33.42551],[-84.99554,33.37469],[-84.95865,33.27705],[-84.95858,33.28236],[-84.94882,33.28228],[-84.94881,33.26565],[-84.95458,33.26561],[-84.93902,33.22469],[-84.86213,33.22386],[-84.8622,33.20754],[-84.87195,33.20743],[-84.87146,33.20626],[-84.87059,33.20572],[-84.8692,33.19903],[-84.8699,33.19566],[-84.86753,33.19571],[-84.86514,33.19812],[-84.86238,33.19914],[-84.86236,33.19117],[-84.8523,33.19104],[-84.85236,33.22359],[-84.81277,33.22341]]]}},{"type":"Feature","properties":{"name":"Crawford"},"geometry":{"type":"Polygon","coordinates":[[[-84.20258,32.6901],[-84.20021,32.68841],[-84.1972,32.68462],[-84.1955,32.68333],[-84.19309,32.68356],[-84.18505,32.67984],[-84.18139,32.67947],[-84.17422,32.67766],[-84.16727,32.67804],[-84.16428,32.6777],[-84.15762,32.6792],[-84.154,32.67904],[-84.14923,32.68312],[-84.14574,32.68525],[-84.14106,32.68506],[-84.13936,32.68393],[-84.14013,32.68068],[-84.13992,32.67913],[-84.13413,32.67574],[-84.12819,32.67436],[-84.12441,32.67674],[-84.11667,32.67755],[-84.11589,32.67859],[-84.11612,32.68224],[-84.11532,32.68346],[-84.10742,32.68522],[-84.10545,32.68494],[-84.10424,32.68324],[-84.104,32.68209],[-84.10406,32.6803],[-84.1054,32.67607],[-84.10497,32.67339],[-84.09783,32.66843],[-84.09548,32.66239],[-84.08584,32.65437],[-84.08229,32.65015],[-84.07816,32.64724],[-84.07631,32.64292],[-84.07373,32.63971],[-84.07453,32.63663],[-84.07431,32.63593],[-84.07324,32.63558],[-84.06848,32.63722],[-84.06567,32.63999],[-84.0647,32.63972],[-84.06422,32.63826],[-84.06196,32.63528],[-84.06081,32.63458],[-84.05893,32.63472],[-84.05788,32.63676],[-84.05654,32.63627],[-84.05647,32.63504],[-84.05854,32.63352],[-84.05835,32.63029],[-84.05918,32.62979],[-84.06188,32.63069],[-84.06273,32.63049],[-84.06303,32.62959],[-84.0623,32.62765],[-84.06284,32.62654],[-84.06649,32.62681],[-84.06862,32.62797],[-84.07305,32.62644],[-84.07411,32.62426],[-84.07327,32.62376],[-84.06979,32.62358],[-84.06989,32.62206],[-84.072,32.61998],[-84.07203,32.61742],[-84.07101,32.61512],[-84.06908,32.613],[-84.06654,32.61135],[-84.06604,32.61024],[-84.06631,32.60935],[-84.06794,32.60766],[-84.0679,32.60691],[-84.0662,32.60524],[-84.06616,32.60367],[-84.06776,32.60266],[-84.07125,32.59826],[-84.07057,32.59402],[-84.06958,32.59203],[-84.06763,32.59031],[-84.06623,32.58954],[-84.06525,32.58954],[-84.06378,32.59062],[-84.0634,32.59155],[-84.06268,32.59075],[-84.06235,32.58843],[-84.06295,32.58759],[-84.06654,32.5859],[-84.0665,32.58506],[-84.06461,32.58445],[-84.0639,32.5837],[-84.06394,32.58314],[-84.06523,32.58205],[-84.06506,32.58135],[-84.06427,32.58066],[-84.06213,32.58023],[-84.06274,32.57843],[-84.06206,32.57751],[-84.06059,32.57732],[-84.05797,32.57802],[-84.05724,32.57572],[-84.05664,32.57554],[-84.05438,32.57685],[-84.05322,32.57693],[-84.05318,32.57572],[-84.05425,32.57412],[-84.05407,32.57321],[-84.05323,32.57327],[-84.05092,32.57514],[-84.04876,32.57462],[-84.04867,32.57405],[-84.05084,32.57071],[-84.05298,32.57031],[-84.05123,32.5685],[-84.05272,32.56708],[-84.05046,32.56523],[-84.04941,32.56573],[-84.04912,32.56781],[-84.04771,32.56802],[-84.04634,32.56753],[-84.04645,32.5664],[-84.04536,32.56527],[-84.04485,32.56163],[-84.04592,32.55763],[-84.04538,32.55626],[-84.04444,32.55544],[-84.0435,32.55553],[-84.04048,32.5577],[-84.03776,32.55688],[-84.03538,32.55849],[-84.03482,32.55782],[-84.03481,32.55465],[-84.0331,32.55434],[-84.03162,32.55588],[-84.03013,32.55589],[-84.02948,32.5551],[-84.02917,32.55355],[-84.02796,32.55283],[-84.02608,32.55048],[-84.02586,32.54925],[-84.02669,32.54788],[-84.02621,32.54749],[-84.02393,32.54784],[-84.02231,32.54718],[-84.02158,32.54622],[-84.02191,32.54499],[-84.02092,32.54494],[-84.02034,32.54644],[-84.02133,32.54853],[-84.01983,32.54978],[-84.02047,32.55164],[-84.01983,32.55191],[-84.01792,32.55066],[-84.01524,32.54971],[-84.01473,32.5492],[-84.0147,32.54824],[-84.0152,32.54783],[-84.01691,32.54778],[-84.01758,32.54658],[-84.01393,32.5426],[-84.01336,32.53835],[-84.01298,32.53775],[-84.01191,32.53743],[-84.00999,32.53855],[-84.00888,32.5386],[-84.00892,32.53657],[-84.00787,32.53645],[-84.00735,32.53804],[-84.00793,32.53958],[-84.00674,32.53981],[-84.00556,32.53833],[-84.0044,32.53513],[-84.00548,32.53374],[-84.00479,32.53322],[-84.00234,32.53322],[-84.00197,32.53247],[-84.00332,32.52993],[-83.95471,32.56305],[-83.955,32.55274],[-83.94524,32.55267],[-83.94536,32.56962],[-83.93051,32.58005],[-83.92975,32.58729],[-83.92012,32.58699],[-83.76679,32.69262],[-83.70109,32.6916],[-83.70115,32.69217],[-83.70291,32.69179],[-83.70264,32.69225],[-83.70316,32.69236],[-83.70374,32.69198],[-83.70561,32.69232],[-83.70681,32.69179],[-83.70724,32.69329],[-83.70773,32.69284],[-83.70936,32.69294],[-83.70922,32.69223],[-83.70977,32.69189],[-83.71095,32.69217],[-83.71141,32.69277],[-83.71161,32.69239],[-83.71367,32.69264],[-83.71418,32.69334],[-83.71459,32.69261],[-83.71541,32.69292],[-83.71582,32.69224],[-83.7177,32.69302],[-83.71948,32.69251],[-83.72025,32.69349],[-83.72041,32.69248],[-83.72206,32.69466],[-83.72248,32.69453],[-83.72239,32.69366],[-83.7237,32.69359],[-83.72361,32.6941],[-83.72418,32.69436],[-83.72543,32.69371],[-83.72669,32.69487],[-83.72632,32.69548],[-83.72668,32.69624],[-83.72799,32.69631],[-83.72957,32.69719],[-83.73048,32.69694],[-83.73062,32.69613],[-83.73151,32.69616],[-83.73148,32.69559],[-83.73419,32.69498],[-83.73457,32.69426],[-83.73482,32.69499],[-83.73516,32.69487],[-83.73559,32.69368],[-83.73945,32.69463],[-83.73912,32.69525],[-83.74005,32.69652],[-83.74223,32.697],[-83.74204,32.69759],[-83.74256,32.69849],[-83.74341,32.69797],[-83.74442,32.69894],[-83.74501,32.70005],[-83.74428,32.70049],[-83.74565,32.70105],[-83.74559,32.70159],[-83.74615,32.70177],[-83.74574,32.70232],[-83.74656,32.70221],[-83.74718,32.70296],[-83.74663,32.70376],[-83.74721,32.70527],[-83.74895,32.7056],[-83.74935,32.70505],[-83.75033,32.70522],[-83.75047,32.70435],[-83.75114,32.70404],[-83.75167,32.70574],[-83.75281,32.70619],[-83.75297,32.70572],[-83.75243,32.70526],[-83.7533,32.70486],[-83.75343,32.7056],[-83.75436,32.70573],[-83.75374,32.70741],[-83.75596,32.70716],[-83.75562,32.7083],[-83.75683,32.70885],[-83.75701,32.70976],[-83.7584,32.71069],[-83.75887,32.71269],[-83.75958,32.71269],[-83.76059,32.71378],[-83.76117,32.71403],[-83.76124,32.7135],[-83.76193,32.71324],[-83.76236,32.71412],[-83.76382,32.71408],[-83.76389,32.71496],[-83.76444,32.7143],[-83.76629,32.71404],[-83.76694,32.71411],[-83.76682,32.71475],[-83.7675,32.71471],[-83.76759,32.71403],[-83.76903,32.71414],[-83.76958,32.71504],[-83.77029,32.71485],[-83.77027,32.71444],[-83.77125,32.71475],[-83.77182,32.71432],[-83.7731,32.71489],[-83.77307,32.71538],[-83.77434,32.71517],[-83.77406,32.71607],[-83.77494,32.71641],[-83.77439,32.71667],[-83.77463,32.71751],[-83.77635,32.71787],[-83.77687,32.71881],[-83.77832,32.71924],[-83.77844,32.72017],[-83.77998,32.72117],[-83.78172,32.72105],[-83.78248,32.72181],[-83.78259,32.72103],[-83.78592,32.72043],[-83.78763,32.72331],[-83.78844,32.72297],[-83.78867,32.72374],[-83.79007,32.72406],[-83.79004,32.72503],[-83.79125,32.7249],[-83.79143,32.72592],[-83.79199,32.725],[-83.79269,32.72591],[-83.79298,32.72533],[-83.79398,32.72559],[-83.79387,32.72479],[-83.79444,32.7256],[-83.79487,32.72494],[-83.79641,32.72577],[-83.79693,32.72535],[-83.79795,32.72589],[-83.79896,32.72488],[-83.79915,32.7257],[-83.80013,32.72575],[-83.80193,32.72763],[-83.80362,32.72689],[-83.80297,32.72805],[-83.80374,32.72808],[-83.80472,32.72929],[-83.80552,32.72923],[-83.80567,32.72877],[-83.8078,32.7291],[-83.80837,32.72865],[-83.81021,32.72959],[-83.80962,32.73058],[-83.81032,32.73105],[-83.80916,32.73123],[-83.81022,32.73181],[-83.81,32.73276],[-83.81125,32.73284],[-83.81201,32.73396],[-83.81273,32.73401],[-83.81332,32.73343],[-83.81414,32.73379],[-83.81385,32.73459],[-83.81507,32.7357],[-83.81563,32.73538],[-83.8167,32.73594],[-83.81901,32.73906],[-83.81861,32.73961],[-83.81887,32.74039],[-83.8208,32.74064],[-83.82139,32.74125],[-83.82307,32.74081],[-83.82313,32.74158],[-83.82466,32.74203],[-83.8276,32.74534],[-83.82867,32.7483],[-83.82851,32.74979],[-83.83086,32.75089],[-83.83176,32.75199],[-83.8301,32.75382],[-83.83012,32.75439],[-83.8348,32.758],[-83.83806,32.7633],[-83.83767,32.76443],[-83.83938,32.76464],[-83.84116,32.7666],[-83.84119,32.76803],[-83.84521,32.7687],[-83.84691,32.7723],[-83.84897,32.77145],[-83.85002,32.77],[-83.85063,32.77014],[-83.85139,32.77199],[-83.84767,32.77531],[-83.85102,32.77947],[-83.85221,32.78026],[-83.85265,32.78117],[-83.85334,32.78134],[-83.85343,32.78202],[-83.85225,32.78301],[-83.85229,32.78398],[-83.85141,32.78547],[-83.85313,32.78679],[-83.85464,32.78706],[-83.85504,32.78774],[-83.85656,32.78785],[-83.85708,32.79396],[-83.85863,32.79487],[-83.86183,32.79448],[-83.86138,32.79558],[-83.8602,32.79661],[-83.86144,32.79787],[-83.86426,32.79869],[-83.86648,32.801],[-83.86835,32.8018],[-83.86853,32.80296],[-83.86937,32.8041],[-83.87007,32.80354],[-83.87078,32.80364],[-83.87078,32.80424],[-83.87326,32.8039],[-83.87362,32.80422],[-83.87332,32.80496],[-83.87403,32.80492],[-83.87694,32.80694],[-83.87729,32.80807],[-83.87692,32.8088],[-83.87614,32.80902],[-83.87595,32.80985],[-83.87685,32.80985],[-83.87706,32.81039],[-83.8759,32.81121],[-83.87868,32.81279],[-83.87744,32.81369],[-83.87753,32.81437],[-83.87861,32.81498],[-83.87822,32.81556],[-83.87853,32.81636],[-83.88019,32.81666],[-83.88247,32.81839],[-83.88624,32.81717],[-83.88716,32.81791],[-83.88712,32.81903],[-83.88788,32.81945],[-83.88868,32.81897],[-83.89036,32.81971],[-83.89046,32.81899],[-83.89173,32.81886],[-83.89205,32.81956],[-83.89192,32.84835],[-83.96842,32.84886],[-83.96831,32.85714],[-83.97811,32.85714],[-83.97841,32.84894],[-84.12428,32.84956],[-84.12433,32.80093],[-84.14933,32.80121],[-84.17321,32.75014],[-84.17424,32.74875],[-84.19676,32.70129],[-84.20258,32.6901]]]}},{"type":"Feature","properties":{"name":"Crisp"},"geometry":{"type":"Polygon","coordinates":[[[-83.96128,32.0306],[-83.95967,32.02785],[-83.9592,32.02444],[-83.95784,32.02273],[-83.95855,32.02222],[-83.95885,32.02122],[-83.95824,32.02031],[-83.95522,32.02003],[-83.95289,32.01687],[-83.95086,32.01614],[-83.9503,32.01538],[-83.95199,32.01205],[-83.95119,32.01062],[-83.95099,32.00909],[-83.95186,32.00643],[-83.95108,32.00433],[-83.95168,32.0023],[-83.95023,32.00017],[-83.95042,31.9972],[-83.94846,31.99616],[-83.94561,31.99654],[-83.94469,31.99625],[-83.94473,31.9917],[-83.94519,31.99151],[-83.94769,31.99262],[-83.94831,31.99147],[-83.94646,31.98932],[-83.94609,31.9866],[-83.94448,31.9829],[-83.94199,31.98105],[-83.94133,31.97745],[-83.93913,31.97539],[-83.93206,31.96403],[-83.93193,31.96203],[-83.93367,31.95992],[-83.93366,31.95911],[-83.93029,31.95609],[-83.92809,31.95181],[-83.9251,31.94842],[-83.92496,31.94745],[-83.9268,31.94143],[-83.92641,31.93705],[-83.92022,31.92772],[-83.91917,31.9237],[-83.91946,31.92042],[-83.92178,31.91525],[-83.92249,31.90965],[-83.9251,31.90567],[-83.92738,31.90414],[-83.93084,31.90066],[-83.93243,31.89711],[-83.9323,31.8938],[-83.92852,31.88616],[-83.92903,31.88549],[-83.93209,31.88463],[-83.93346,31.88322],[-83.93406,31.88139],[-83.93115,31.87698],[-83.93063,31.87517],[-83.92869,31.87185],[-83.92844,31.86959],[-83.92678,31.86577],[-83.92652,31.86329],[-83.92771,31.86186],[-83.93232,31.85923],[-83.93579,31.85856],[-83.93717,31.85745],[-83.93831,31.84887],[-83.93944,31.84793],[-83.93762,31.84492],[-83.93241,31.84483],[-83.92854,31.84551],[-83.92691,31.84623],[-83.92426,31.84839],[-83.92079,31.84761],[-83.91889,31.84783],[-83.91728,31.84671],[-83.91311,31.847],[-83.90638,31.84412],[-83.90305,31.84203],[-83.90017,31.84214],[-83.89793,31.8407],[-83.89245,31.84127],[-83.88742,31.83944],[-83.88228,31.83838],[-83.87979,31.83699],[-83.87827,31.83747],[-83.87526,31.83719],[-83.87457,31.83794],[-83.87351,31.83802],[-83.87282,31.83742],[-83.87209,31.83827],[-83.87068,31.83797],[-83.86878,31.83659],[-83.86723,31.83718],[-83.86317,31.83721],[-83.86056,31.83643],[-83.85804,31.83701],[-83.85659,31.83582],[-83.85549,31.83718],[-83.85532,31.81986],[-83.84556,31.81973],[-83.84548,31.83155],[-83.84391,31.8271],[-83.84289,31.8263],[-83.83988,31.82536],[-83.83953,31.82367],[-83.83525,31.821],[-83.83606,31.81893],[-83.83608,31.8174],[-83.8355,31.81587],[-83.83305,31.81395],[-83.82967,31.81322],[-83.82854,31.81068],[-83.82784,31.8101],[-83.8262,31.80977],[-83.82448,31.81138],[-83.82207,31.8123],[-83.81693,31.8124],[-83.81464,31.81071],[-83.81429,31.8096],[-83.81333,31.80873],[-83.81311,31.80737],[-83.81197,31.80608],[-83.80749,31.80408],[-83.80571,31.80466],[-83.80222,31.80349],[-83.71737,31.80474],[-83.61264,31.80413],[-83.61133,31.94424],[-83.60966,32.02794],[-83.71881,32.0285],[-83.74398,32.02916],[-83.87221,32.03059],[-83.94285,32.03019],[-83.96128,32.0306]]]}},{"type":"Feature","properties":{"name":"Dade"},"geometry":{"type":"Polygon","coordinates":[[[-85.60495,34.98468],[-85.59938,34.95177],[-85.59877,34.94473],[-85.59697,34.93377],[-85.57647,34.82545],[-85.56142,34.75008],[-85.53409,34.62386],[-85.49079,34.66945],[-85.49053,34.69911],[-85.46828,34.72352],[-85.46196,34.73177],[-85.45947,34.74179],[-85.45935,34.75164],[-85.45041,34.75924],[-85.45056,34.83168],[-85.43371,34.87508],[-85.41839,34.8998],[-85.41615,34.90233],[-85.38982,34.93969],[-85.37474,34.95965],[-85.37198,34.96473],[-85.36965,34.97315],[-85.36464,34.9783],[-85.36392,34.98337],[-85.38497,34.98299],[-85.46671,34.98297],[-85.60495,34.98468]]]}},{"type":"Feature","properties":{"name":"Dawson"},"geometry":{"type":"Polygon","coordinates":[[[-84.34655,34.56604],[-84.34556,34.56282],[-84.34566,34.54841],[-84.31968,34.46786],[-84.25687,34.46733],[-84.25807,34.33516],[-83.95708,34.33401],[-83.95981,34.33943],[-83.96017,34.34271],[-83.96128,34.34324],[-83.96258,34.34267],[-83.96544,34.33994],[-83.96685,34.33963],[-83.96757,34.34075],[-83.96825,34.34369],[-83.97191,34.34766],[-83.97299,34.35011],[-83.97527,34.35327],[-83.97624,34.35658],[-83.98143,34.35783],[-83.98146,34.35954],[-83.97706,34.36189],[-83.97613,34.36306],[-83.97632,34.36466],[-83.97934,34.36814],[-83.98086,34.36874],[-83.98098,34.3692],[-83.97942,34.37164],[-83.97918,34.37298],[-83.98037,34.37411],[-83.9802,34.37587],[-83.97961,34.37713],[-83.97723,34.37948],[-83.98317,34.38197],[-83.98433,34.38296],[-83.98437,34.38363],[-83.98361,34.38612],[-83.98234,34.38786],[-83.97853,34.39076],[-83.97807,34.3919],[-83.97817,34.39453],[-83.97647,34.39795],[-83.97277,34.399],[-83.97152,34.40178],[-83.972,34.4055],[-83.97476,34.40655],[-83.97565,34.40865],[-83.9784,34.41122],[-83.98026,34.41164],[-83.9836,34.41068],[-83.98462,34.41119],[-83.98471,34.41282],[-83.98328,34.41704],[-83.98202,34.41811],[-83.98065,34.41839],[-84.00212,34.42581],[-84.02866,34.43654],[-84.05602,34.44654],[-84.07593,34.45469],[-84.10204,34.46454],[-84.10667,34.46585],[-84.1066,34.46641],[-84.10258,34.46623],[-84.10396,34.46754],[-84.10391,34.46821],[-84.1011,34.46821],[-84.10113,34.47127],[-84.10316,34.4712],[-84.10342,34.47186],[-84.10606,34.47197],[-84.10604,34.47254],[-84.11536,34.47328],[-84.16774,34.52084],[-84.19104,34.53918],[-84.1889,34.59579],[-84.18881,34.59694],[-84.18785,34.59693],[-84.18719,34.60006],[-84.1875,34.60129],[-84.18988,34.60473],[-84.18995,34.60659],[-84.18903,34.60811],[-84.18933,34.60886],[-84.19138,34.6105],[-84.19188,34.61181],[-84.19354,34.61341],[-84.19675,34.61792],[-84.1999,34.61501],[-84.20444,34.61334],[-84.20636,34.61382],[-84.2088,34.61341],[-84.21114,34.61105],[-84.2141,34.61006],[-84.21609,34.60497],[-84.2182,34.60388],[-84.21874,34.60051],[-84.22225,34.60026],[-84.22355,34.59965],[-84.22391,34.59699],[-84.25468,34.5975],[-84.25511,34.56833],[-84.25782,34.56918],[-84.25952,34.56892],[-84.26361,34.5704],[-84.26533,34.5706],[-84.26661,34.56988],[-84.2674,34.57049],[-84.27108,34.57061],[-84.2752,34.57279],[-84.27576,34.57375],[-84.27906,34.5726],[-84.27835,34.57097],[-84.27888,34.56961],[-84.28592,34.5694],[-84.28838,34.56871],[-84.29218,34.56901],[-84.29464,34.56997],[-84.29745,34.57533],[-84.30172,34.57824],[-84.30374,34.57772],[-84.30421,34.57817],[-84.3038,34.57916],[-84.30414,34.58013],[-84.30617,34.58062],[-84.30707,34.5814],[-84.3102,34.57954],[-84.31123,34.57769],[-84.31324,34.57771],[-84.31657,34.57895],[-84.31802,34.57881],[-84.31867,34.5805],[-84.32029,34.58223],[-84.32303,34.58241],[-84.32639,34.58363],[-84.32871,34.58362],[-84.32959,34.58204],[-84.33135,34.58142],[-84.33279,34.5799],[-84.33511,34.58015],[-84.33658,34.57922],[-84.33675,34.57748],[-84.336,34.57623],[-84.33377,34.57484],[-84.33325,34.57387],[-84.3315,34.57253],[-84.3324,34.57255],[-84.33323,34.5714],[-84.33744,34.5717],[-84.33763,34.56986],[-84.34081,34.56962],[-84.34216,34.56749],[-84.34389,34.56758],[-84.34575,34.56704],[-84.34655,34.56604]]]}},{"type":"Feature","properties":{"name":"Decatur"},"geometry":{"type":"Polygon","coordinates":[[[-84.37621,30.95485],[-84.37596,31.01764],[-84.37624,31.07317],[-84.37661,31.07888],[-84.50957,31.0784],[-84.54265,31.07903],[-84.64422,31.07954],[-84.64537,31.07936],[-84.64579,31.06801],[-84.73086,31.06919],[-84.73162,31.05009],[-84.74227,31.0501],[-84.7423,31.04092],[-84.75295,31.04121],[-84.75472,30.97743],[-84.75592,30.88527],[-84.76689,30.88531],[-84.76688,30.87634],[-84.76952,30.87639],[-84.76972,30.84369],[-84.77132,30.84249],[-84.77082,30.84069],[-84.76962,30.83939],[-84.76972,30.83749],[-84.76892,30.83689],[-84.77032,30.83539],[-84.772,30.83638],[-84.77311,30.8361],[-84.77222,30.83449],[-84.77272,30.83309],[-84.77492,30.83209],[-84.77692,30.83029],[-84.77722,30.82899],[-84.77832,30.82779],[-84.77952,30.82839],[-84.78252,30.82749],[-84.78202,30.82599],[-84.78241,30.82544],[-84.78472,30.82449],[-84.78532,30.82359],[-84.78532,30.82069],[-84.78512,30.82019],[-84.78412,30.81998],[-84.78452,30.81848],[-84.78692,30.81739],[-84.78702,30.81668],[-84.78812,30.81688],[-84.78922,30.81638],[-84.78992,30.81349],[-84.78942,30.81289],[-84.78812,30.81259],[-84.78752,30.81079],[-84.78872,30.80909],[-84.78812,30.80899],[-84.78822,30.80719],[-84.78692,30.80519],[-84.78832,30.80199],[-84.78802,30.80149],[-84.78672,30.80139],[-84.78772,30.80099],[-84.78792,30.80019],[-84.78872,30.80039],[-84.78882,30.80099],[-84.79032,30.80099],[-84.79102,30.80049],[-84.79112,30.80159],[-84.79232,30.80189],[-84.79252,30.80089],[-84.79292,30.80079],[-84.79442,30.80159],[-84.79472,30.80099],[-84.79582,30.80109],[-84.79622,30.80069],[-84.79902,30.80199],[-84.79982,30.80129],[-84.80102,30.80139],[-84.80282,30.79979],[-84.80252,30.79929],[-84.80292,30.79859],[-84.80482,30.79789],[-84.80522,30.79699],[-84.80622,30.79649],[-84.80612,30.79519],[-84.80742,30.79259],[-84.80702,30.79149],[-84.8078,30.78974],[-84.80922,30.78759],[-84.81032,30.78709],[-84.81092,30.78619],[-84.81192,30.78299],[-84.81312,30.78309],[-84.81392,30.78139],[-84.81542,30.78199],[-84.81502,30.78279],[-84.81792,30.78319],[-84.82082,30.78189],[-84.82082,30.7794],[-84.82212,30.78029],[-84.82322,30.77919],[-84.82502,30.77899],[-84.82532,30.77849],[-84.82702,30.77899],[-84.82712,30.77829],[-84.82852,30.77859],[-84.82872,30.77739],[-84.83352,30.77919],[-84.83632,30.77889],[-84.83782,30.77799],[-84.83842,30.77689],[-84.83962,30.77639],[-84.83952,30.77309],[-84.84042,30.77219],[-84.84552,30.77339],[-84.84992,30.77219],[-84.85082,30.76839],[-84.84942,30.76739],[-84.84932,30.76679],[-84.85182,30.76349],[-84.85592,30.76219],[-84.85882,30.76369],[-84.85952,30.76359],[-84.86112,30.76199],[-84.86142,30.75739],[-84.85953,30.75288],[-84.86142,30.75159],[-84.86442,30.75129],[-84.86552,30.75059],[-84.86513,30.75018],[-84.86625,30.74953],[-84.86753,30.74767],[-84.86906,30.74304],[-84.86981,30.73728],[-84.87132,30.73246],[-84.86921,30.72723],[-84.86333,30.71807],[-84.86294,30.71466],[-84.86347,30.71149],[-84.83632,30.71071],[-84.64433,30.70196],[-84.53258,30.69656],[-84.47441,30.69279],[-84.38071,30.68999],[-84.37941,30.80077],[-84.37621,30.95485]]]}},{"type":"Feature","properties":{"name":"DeKalb"},"geometry":{"type":"Polygon","coordinates":[[[-84.09722,33.79837],[-84.09792,33.79951],[-84.10354,33.80144],[-84.10499,33.80314],[-84.11342,33.80751],[-84.1206,33.8168],[-84.12018,33.81707],[-84.12303,33.81853],[-84.12268,33.8188],[-84.12792,33.8253],[-84.13212,33.82935],[-84.13338,33.83131],[-84.13337,33.83345],[-84.13682,33.8367],[-84.13824,33.83704],[-84.14127,33.83894],[-84.1444,33.83919],[-84.14543,33.8399],[-84.14885,33.84313],[-84.14995,33.84588],[-84.15404,33.84811],[-84.15796,33.85329],[-84.16147,33.85392],[-84.16892,33.85741],[-84.17,33.8575],[-84.17139,33.85853],[-84.17284,33.85866],[-84.17494,33.85963],[-84.17931,33.86428],[-84.18104,33.86508],[-84.19332,33.86778],[-84.1968,33.87166],[-84.20061,33.8715],[-84.20301,33.8726],[-84.20494,33.87508],[-84.20502,33.87559],[-84.20465,33.87564],[-84.20509,33.8768],[-84.20565,33.87704],[-84.20552,33.8761],[-84.20591,33.87606],[-84.20586,33.87716],[-84.20716,33.87746],[-84.21724,33.8857],[-84.22272,33.8921],[-84.2247,33.89308],[-84.22573,33.89468],[-84.23108,33.89909],[-84.23307,33.90202],[-84.23812,33.9051],[-84.24402,33.9075],[-84.24687,33.90957],[-84.25242,33.9116],[-84.25602,33.9144],[-84.25922,33.9191],[-84.25982,33.9189],[-84.26352,33.927],[-84.26534,33.93258],[-84.26929,33.94015],[-84.26811,33.94068],[-84.26917,33.94113],[-84.27047,33.94401],[-84.26991,33.94591],[-84.26587,33.94792],[-84.27147,33.95589],[-84.27532,33.9541],[-84.2772,33.95783],[-84.2805,33.95602],[-84.28427,33.95638],[-84.29411,33.95972],[-84.3006,33.95942],[-84.31329,33.9654],[-84.31709,33.96613],[-84.32012,33.96737],[-84.32648,33.96755],[-84.33681,33.97091],[-84.3389,33.9697],[-84.33879,33.96938],[-84.33963,33.97001],[-84.34617,33.96598],[-84.34674,33.96632],[-84.34684,33.96811],[-84.34741,33.96811],[-84.34988,33.64794],[-84.24577,33.64692],[-84.24545,33.63073],[-84.22424,33.63066],[-84.22395,33.64657],[-84.17018,33.6459],[-84.17217,33.64437],[-84.17234,33.64323],[-84.17157,33.64222],[-84.17294,33.64158],[-84.17313,33.64097],[-84.16953,33.63913],[-84.16159,33.63775],[-84.16081,33.63803],[-84.16077,33.63948],[-84.15979,33.64008],[-84.15849,33.64246],[-84.15861,33.64448],[-84.15703,33.64438],[-84.15481,33.64582],[-84.15413,33.64537],[-84.15116,33.63877],[-84.14897,33.63872],[-84.1459,33.63763],[-84.14387,33.63632],[-84.14266,33.63637],[-84.1407,33.63766],[-84.13832,33.63767],[-84.13807,33.63716],[-84.13851,33.63637],[-84.14021,33.63543],[-84.14111,33.63412],[-84.14136,33.63261],[-84.14049,33.63147],[-84.13769,33.63062],[-84.13367,33.63148],[-84.12922,33.63137],[-84.12849,33.63016],[-84.12868,33.62796],[-84.12801,33.62677],[-84.12384,33.62561],[-84.1235,33.62366],[-84.11882,33.62219],[-84.11799,33.62024],[-84.11552,33.61889],[-84.11553,33.6183],[-84.117,33.6172],[-84.11579,33.61467],[-84.05661,33.72661],[-84.04553,33.73541],[-84.04123,33.73946],[-84.02371,33.75281],[-84.02641,33.75311],[-84.03241,33.75611],[-84.03822,33.7578],[-84.03841,33.75741],[-84.04031,33.75771],[-84.04312,33.76101],[-84.04331,33.76231],[-84.04719,33.76509],[-84.04861,33.76561],[-84.04961,33.76531],[-84.05212,33.76671],[-84.05481,33.77021],[-84.05819,33.77276],[-84.07051,33.77481],[-84.07591,33.77751],[-84.08731,33.79001],[-84.09131,33.79251],[-84.09333,33.79513],[-84.09621,33.79691],[-84.09722,33.79837]]]}},{"type":"Feature","properties":{"name":"Dodge"},"geometry":{"type":"Polygon","coordinates":[[[-83.30475,32.34196],[-83.28396,32.32431],[-83.31406,32.2998],[-83.33222,32.28403],[-83.33928,32.28977],[-83.3461,32.28382],[-83.3396,32.27824],[-83.37393,32.24974],[-83.34781,32.22759],[-83.32133,32.20411],[-83.29111,32.17882],[-83.30689,32.1654],[-83.31839,32.15633],[-83.31883,32.15538],[-83.3248,32.15037],[-83.30469,32.1332],[-83.31065,32.12829],[-83.30893,32.12571],[-83.32086,32.11956],[-83.33731,32.10589],[-83.33298,32.10074],[-83.3311,32.10011],[-83.33027,32.10054],[-83.33091,32.10266],[-83.33042,32.10333],[-83.32931,32.1036],[-83.32693,32.10273],[-83.32463,32.10398],[-83.32394,32.10388],[-83.32309,32.10152],[-83.32539,32.09846],[-83.32521,32.09723],[-83.32333,32.09367],[-83.31754,32.08553],[-83.31561,32.08507],[-83.31364,32.08608],[-83.31298,32.08772],[-83.31395,32.09],[-83.31322,32.09229],[-83.31164,32.09268],[-83.31033,32.09243],[-83.30831,32.0909],[-83.30586,32.09009],[-83.30498,32.08725],[-83.30224,32.08539],[-83.301,32.08356],[-83.30106,32.08226],[-83.30348,32.07917],[-83.30306,32.07745],[-83.30015,32.07661],[-83.29932,32.07693],[-83.29889,32.07838],[-83.29773,32.07954],[-83.29535,32.07923],[-83.29486,32.07876],[-83.29591,32.07532],[-83.29772,32.07377],[-83.30005,32.07385],[-83.30032,32.07531],[-83.30073,32.07547],[-83.30394,32.07438],[-83.3052,32.07329],[-83.30536,32.07188],[-83.30462,32.07096],[-83.30107,32.07104],[-83.29986,32.07031],[-83.2996,32.06739],[-83.30032,32.06628],[-83.30048,32.05566],[-83.30135,32.05385],[-83.30584,32.05211],[-83.30772,32.05092],[-83.30856,32.04977],[-83.30822,32.04847],[-83.30613,32.0476],[-83.30526,32.04554],[-83.30345,32.04378],[-83.29851,32.04184],[-83.2978,32.04095],[-83.29746,32.03927],[-83.29644,32.03852],[-83.29524,32.03908],[-83.29447,32.03874],[-83.29505,32.03662],[-83.29816,32.03507],[-83.29984,32.03261],[-83.29953,32.03119],[-83.29777,32.02973],[-83.29718,32.02725],[-83.29605,32.02685],[-83.29526,32.02807],[-83.2923,32.02827],[-83.2905,32.02773],[-83.28958,32.02638],[-83.2902,32.02182],[-83.28963,32.01842],[-83.29027,32.01783],[-83.29097,32.01792],[-83.292,32.01954],[-83.29222,32.02098],[-83.29392,32.0208],[-83.29626,32.01687],[-83.29563,32.01442],[-83.29692,32.01125],[-83.29649,32.00971],[-83.2934,32.00543],[-83.2919,32.00532],[-83.29144,32.00728],[-83.2907,32.00783],[-83.28981,32.00715],[-83.28978,32.00575],[-83.29058,32.00454],[-83.29345,32.00257],[-83.29561,32.00225],[-83.29595,32.00171],[-83.29374,32.00113],[-83.29212,32.00155],[-83.29073,32.00265],[-83.28567,32.00314],[-83.28371,32.00291],[-83.28305,32.00234],[-83.28288,32.0013],[-83.28383,32.00018],[-83.28591,31.99939],[-83.28619,31.99879],[-83.28585,31.99818],[-83.28431,31.99758],[-83.28247,31.99876],[-83.2816,31.99862],[-83.27997,31.99776],[-83.27827,31.99503],[-83.27838,31.99436],[-83.28043,31.99204],[-83.28039,31.98971],[-83.28105,31.98933],[-83.28237,31.98953],[-83.28537,31.99167],[-83.28596,31.99376],[-83.28714,31.99304],[-83.28751,31.99202],[-83.28905,31.99176],[-83.28961,31.99098],[-83.29001,31.98734],[-83.29206,31.98451],[-83.29209,31.98363],[-83.29178,31.98323],[-83.28972,31.98305],[-83.28593,31.98467],[-83.28455,31.98422],[-83.28354,31.98124],[-83.28452,31.97911],[-83.28487,31.97591],[-83.28169,31.97379],[-83.28007,31.9701],[-83.2785,31.96808],[-83.27244,31.9648],[-83.26987,31.96033],[-83.26495,31.9581],[-83.26384,31.95447],[-83.26153,31.95208],[-83.24883,31.94866],[-83.2473,31.94761],[-83.24538,31.94531],[-83.24444,31.94501],[-83.24318,31.94614],[-83.24334,31.94763],[-83.24234,31.95181],[-83.24173,31.95246],[-83.24045,31.95235],[-83.23942,31.95056],[-83.23864,31.95024],[-83.23637,31.95094],[-83.23551,31.95072],[-83.23544,31.94979],[-83.236,31.94903],[-83.2375,31.94823],[-83.23895,31.94814],[-83.2388,31.94432],[-83.24075,31.94245],[-83.2406,31.94157],[-83.23426,31.9404],[-83.23029,31.93803],[-83.22667,31.93835],[-83.22625,31.93771],[-83.22644,31.93593],[-83.22792,31.93447],[-83.22848,31.93298],[-83.22937,31.93282],[-83.23009,31.93409],[-83.23076,31.93436],[-83.23228,31.93269],[-83.23251,31.93084],[-83.23111,31.92966],[-83.22833,31.93141],[-83.22539,31.93029],[-83.21942,31.92693],[-83.21908,31.92553],[-83.21936,31.9246],[-83.22036,31.92377],[-83.22033,31.92268],[-83.21697,31.92138],[-83.21413,31.92177],[-83.21422,31.92035],[-83.2186,31.91825],[-83.21839,31.91573],[-83.21721,31.9141],[-83.2156,31.91334],[-83.21529,31.90948],[-83.214,31.90817],[-83.21199,31.9076],[-83.21031,31.90447],[-83.20908,31.90431],[-83.20516,31.90579],[-83.20478,31.90453],[-83.20574,31.90032],[-83.12603,31.96795],[-83.12341,31.97022],[-83.12114,31.973],[-83.10907,31.98215],[-83.03392,32.04551],[-83.03001,32.04958],[-83.01683,32.05966],[-82.94207,32.12407],[-82.94387,32.12518],[-82.95547,32.13527],[-82.93457,32.15327],[-82.92747,32.14717],[-82.93476,32.14097],[-82.92787,32.13527],[-82.87179,32.18273],[-82.88696,32.19797],[-82.94651,32.16827],[-82.95835,32.16313],[-82.99097,32.14727],[-83.13899,32.42307],[-83.17325,32.45253],[-83.2168,32.41561],[-83.24988,32.3883],[-83.283,32.35956],[-83.28343,32.35871],[-83.28416,32.35867],[-83.28698,32.35679],[-83.30475,32.34196]]]}},{"type":"Feature","properties":{"name":"Dooly"},"geometry":{"type":"Polygon","coordinates":[[[-83.60779,32.18496],[-83.60764,32.18935],[-83.60687,32.19091],[-83.60757,32.19331],[-83.60693,32.23828],[-83.60995,32.23801],[-83.61,32.24173],[-83.61585,32.24171],[-83.6158,32.25119],[-83.60637,32.25133],[-83.6064,32.28843],[-83.65244,32.28949],[-83.68334,32.28964],[-83.68953,32.29018],[-83.70036,32.28999],[-83.70033,32.28258],[-83.71876,32.28307],[-83.71843,32.29016],[-83.8365,32.29074],[-83.88089,32.29149],[-83.89478,32.29218],[-83.89569,32.29166],[-83.89641,32.29025],[-83.89783,32.28943],[-83.89705,32.28656],[-83.89755,32.2856],[-83.89725,32.28268],[-83.89775,32.28067],[-83.90176,32.27929],[-83.90788,32.2786],[-83.90804,32.27732],[-83.90902,32.27597],[-83.91162,32.27527],[-83.91254,32.27441],[-83.91256,32.27367],[-83.91483,32.27188],[-83.92325,32.26967],[-83.92552,32.26704],[-83.92609,32.26686],[-83.92659,32.26734],[-83.9282,32.26682],[-83.92887,32.26558],[-83.93153,32.26577],[-83.93178,32.26438],[-83.93333,32.26386],[-83.93407,32.26205],[-83.93584,32.26233],[-83.93818,32.26113],[-83.94184,32.26048],[-83.94486,32.25915],[-83.94739,32.25567],[-83.94732,32.25469],[-83.94774,32.2543],[-83.95124,32.25404],[-83.95241,32.25327],[-83.95415,32.2536],[-83.95616,32.2522],[-83.95882,32.25211],[-83.96174,32.25068],[-83.96277,32.24936],[-83.96512,32.24801],[-83.96557,32.24366],[-83.96689,32.24234],[-83.96873,32.24206],[-83.96876,32.24024],[-83.96829,32.23941],[-83.97035,32.23845],[-83.97003,32.23744],[-83.97102,32.23578],[-83.97237,32.23473],[-83.97312,32.23469],[-83.97314,32.2336],[-83.97548,32.23188],[-83.97519,32.23107],[-83.97589,32.22872],[-83.97778,32.22911],[-83.98136,32.22609],[-83.98274,32.22389],[-83.98292,32.22226],[-83.984,32.22129],[-83.98381,32.221],[-83.98522,32.22081],[-83.98626,32.21929],[-83.98741,32.21859],[-83.98867,32.21871],[-83.98954,32.21688],[-83.99114,32.21755],[-83.99281,32.216],[-83.99385,32.21613],[-83.99484,32.21563],[-83.99502,32.21421],[-83.99612,32.21328],[-83.99647,32.21209],[-83.99765,32.21154],[-83.99878,32.20963],[-84.0006,32.20923],[-84.00077,32.20855],[-84.00193,32.20828],[-84.00345,32.20569],[-84.00435,32.20535],[-84.0055,32.20563],[-84.0052,32.20501],[-84.00583,32.20411],[-84.00772,32.20418],[-84.00828,32.20324],[-84.00937,32.20315],[-84.00907,32.20222],[-84.00958,32.20164],[-84.01081,32.2018],[-84.01312,32.20099],[-84.01352,32.2001],[-84.01325,32.19956],[-84.0146,32.19896],[-84.01399,32.1981],[-84.0158,32.19764],[-84.01503,32.19641],[-84.01585,32.19609],[-84.01648,32.1964],[-84.01655,32.19548],[-84.01724,32.19563],[-84.01715,32.1951],[-84.01812,32.19409],[-84.01876,32.19272],[-84.01822,32.19254],[-84.01797,32.19137],[-84.01907,32.19073],[-84.01849,32.19031],[-84.01876,32.18924],[-84.02012,32.18863],[-84.02072,32.18705],[-84.02151,32.18715],[-84.02074,32.18633],[-84.02257,32.18605],[-84.02277,32.1847],[-84.02342,32.18465],[-84.02364,32.18408],[-84.02507,32.18446],[-84.02583,32.18343],[-84.0272,32.18279],[-84.02823,32.18296],[-84.02885,32.18235],[-84.02939,32.18266],[-84.02965,32.18188],[-84.02889,32.18137],[-84.02894,32.18037],[-84.02993,32.18016],[-84.02995,32.17945],[-84.03057,32.17959],[-84.03115,32.17873],[-84.03014,32.17807],[-84.0296,32.17585],[-84.02794,32.17552],[-84.02625,32.17341],[-84.0261,32.17258],[-84.0276,32.17116],[-84.02747,32.17053],[-84.02827,32.16926],[-84.0269,32.16787],[-84.02674,32.16711],[-84.02746,32.16656],[-84.02925,32.16652],[-84.02986,32.16141],[-84.03076,32.1612],[-84.03239,32.16173],[-84.03333,32.16118],[-84.03309,32.16004],[-84.03139,32.15909],[-84.03104,32.15811],[-84.03178,32.15639],[-84.03131,32.15438],[-84.03192,32.15384],[-84.03324,32.15388],[-84.03349,32.15308],[-84.03306,32.15206],[-84.02993,32.1506],[-84.02507,32.14534],[-84.02319,32.14205],[-84.02169,32.14105],[-84.02141,32.13936],[-84.0226,32.13796],[-84.02151,32.13601],[-84.01508,32.13123],[-84.01343,32.13098],[-84.01023,32.13186],[-84.00868,32.131],[-84.00853,32.12943],[-84.01185,32.12486],[-84.0114,32.12186],[-84.01181,32.11912],[-84.01058,32.11795],[-84.0069,32.11796],[-84.00659,32.11741],[-84.00699,32.11544],[-84.00385,32.11494],[-84.00241,32.11222],[-84.0014,32.11153],[-83.99942,32.11147],[-83.99744,32.11288],[-83.99655,32.11256],[-83.99662,32.11133],[-83.99758,32.1106],[-83.99841,32.10877],[-83.99917,32.10862],[-84.00019,32.10935],[-84.00083,32.10892],[-84.00015,32.10707],[-84.00062,32.1052],[-84.00003,32.10442],[-83.99777,32.10356],[-83.99712,32.10248],[-83.99817,32.10135],[-83.99808,32.10071],[-83.99607,32.10008],[-83.99338,32.10122],[-83.98877,32.10113],[-83.98828,32.10034],[-83.99028,32.09731],[-83.99067,32.09612],[-83.99036,32.09525],[-83.98889,32.09509],[-83.98695,32.09639],[-83.98581,32.09656],[-83.98487,32.09581],[-83.98517,32.09402],[-83.98472,32.09339],[-83.98357,32.09333],[-83.98243,32.09422],[-83.98062,32.09396],[-83.97959,32.09497],[-83.97876,32.095],[-83.97811,32.09468],[-83.9775,32.09241],[-83.97484,32.09219],[-83.975,32.091],[-83.97693,32.09019],[-83.97862,32.08723],[-83.97828,32.08541],[-83.98133,32.08179],[-83.98309,32.07575],[-83.98396,32.07459],[-83.98612,32.07337],[-83.98716,32.07163],[-83.98674,32.07069],[-83.98235,32.0682],[-83.978,32.06443],[-83.9772,32.06321],[-83.97681,32.06161],[-83.98039,32.04571],[-83.97989,32.04398],[-83.97803,32.04282],[-83.976,32.04291],[-83.97145,32.0459],[-83.97011,32.04631],[-83.96841,32.04606],[-83.9673,32.04485],[-83.96651,32.04267],[-83.96698,32.04105],[-83.96852,32.03995],[-83.96927,32.03867],[-83.96862,32.03771],[-83.96147,32.03588],[-83.96183,32.03176],[-83.96128,32.0306],[-83.94285,32.03019],[-83.87221,32.03059],[-83.74398,32.02916],[-83.71881,32.0285],[-83.60966,32.02794],[-83.60779,32.18496]]]}},{"type":"Feature","properties":{"name":"Dougherty"},"geometry":{"type":"Polygon","coordinates":[[[-84.13777,31.44268],[-84.1183,31.44248],[-83.9978,31.44375],[-83.99768,31.46277],[-83.98258,31.46268],[-83.98243,31.47581],[-83.99747,31.47601],[-83.99666,31.55166],[-83.98168,31.55162],[-83.98161,31.56332],[-83.99657,31.56352],[-83.99642,31.59053],[-83.99682,31.59792],[-83.99625,31.62517],[-84.0127,31.62459],[-84.01251,31.63362],[-84.00306,31.63363],[-84.00288,31.64171],[-83.99346,31.64142],[-83.99337,31.65003],[-84.0184,31.65027],[-84.01977,31.6496],[-84.02171,31.65001],[-84.02891,31.64836],[-84.0298,31.64726],[-84.02964,31.64473],[-84.0301,31.64325],[-84.03082,31.64282],[-84.03285,31.64371],[-84.03405,31.64321],[-84.03512,31.64165],[-84.03631,31.63778],[-84.03714,31.63684],[-84.03984,31.63535],[-84.04037,31.63446],[-84.04321,31.62357],[-84.07678,31.62384],[-84.10139,31.62307],[-84.25141,31.62257],[-84.34668,31.62107],[-84.4504,31.62187],[-84.45025,31.61951],[-84.44959,31.61851],[-84.45006,31.6173],[-84.44961,31.61673],[-84.45064,31.61479],[-84.44957,31.61417],[-84.44899,31.61291],[-84.44943,31.61065],[-84.44735,31.60695],[-84.44709,31.60445],[-84.44952,31.60218],[-84.45017,31.60081],[-84.44924,31.59743],[-84.4505,31.59562],[-84.45288,31.59391],[-84.45429,31.58977],[-84.45551,31.58768],[-84.45687,31.58652],[-84.45766,31.58425],[-84.45705,31.58273],[-84.45454,31.58106],[-84.45353,31.57549],[-84.45176,31.57273],[-84.45289,31.56628],[-84.45454,31.56278],[-84.45471,31.56013],[-84.45427,31.55777],[-84.45567,31.55555],[-84.45523,31.55452],[-84.45492,31.54833],[-84.44963,31.54568],[-84.44705,31.54377],[-84.44714,31.54216],[-84.44821,31.5405],[-84.44721,31.53972],[-84.44612,31.53776],[-84.4447,31.53461],[-84.44446,31.53134],[-84.44361,31.52985],[-84.44199,31.52851],[-84.44158,31.52749],[-84.44195,31.52607],[-84.44054,31.5246],[-84.43966,31.5223],[-84.43991,31.51906],[-84.43898,31.51763],[-84.43905,31.51257],[-84.43812,31.5098],[-84.43271,31.50745],[-84.43025,31.50396],[-84.42922,31.49972],[-84.42546,31.49715],[-84.42573,31.49468],[-84.42428,31.49427],[-84.42382,31.49345],[-84.41828,31.46963],[-84.41252,31.45693],[-84.41943,31.45088],[-84.41969,31.44965],[-84.42164,31.4484],[-84.42375,31.44867],[-84.42607,31.44789],[-84.42575,31.44632],[-84.42659,31.44588],[-84.4273,31.44229],[-84.42864,31.441],[-84.42814,31.43894],[-84.43009,31.43753],[-84.42988,31.43666],[-84.37435,31.43598],[-84.33707,31.4364],[-84.21159,31.43586],[-84.21112,31.44043],[-84.14112,31.44018],[-84.13777,31.44268]]]}},{"type":"Feature","properties":{"name":"Douglas"},"geometry":{"type":"Polygon","coordinates":[[[-84.78355,33.60388],[-84.77556,33.6097],[-84.77247,33.6113],[-84.76497,33.61363],[-84.76227,33.6152],[-84.75729,33.62269],[-84.75453,33.62578],[-84.75292,33.6287],[-84.75294,33.6307],[-84.75137,33.6319],[-84.74945,33.63198],[-84.74709,33.63053],[-84.74384,33.62707],[-84.74249,33.62398],[-84.74007,33.62321],[-84.73841,33.62329],[-84.73529,33.62502],[-84.73249,33.62895],[-84.73139,33.63138],[-84.73102,33.63493],[-84.72966,33.63685],[-84.72472,33.63952],[-84.71862,33.64123],[-84.71464,33.64293],[-84.7102,33.64672],[-84.70584,33.64787],[-84.68755,33.65047],[-84.67484,33.65637],[-84.66571,33.65702],[-84.66167,33.65688],[-84.65732,33.65863],[-84.65466,33.66159],[-84.65193,33.66791],[-84.65207,33.67075],[-84.65388,33.67553],[-84.65273,33.68361],[-84.65225,33.68415],[-84.65012,33.68566],[-84.64798,33.68599],[-84.64557,33.68556],[-84.64214,33.68388],[-84.64051,33.68395],[-84.63665,33.68559],[-84.63214,33.68837],[-84.63055,33.69112],[-84.63028,33.69277],[-84.63139,33.69659],[-84.63287,33.69899],[-84.63171,33.70098],[-84.62689,33.703],[-84.6214,33.7044],[-84.61523,33.70998],[-84.60748,33.71327],[-84.6053,33.71688],[-84.60259,33.71995],[-84.60183,33.72405],[-84.59945,33.72625],[-84.59369,33.72938],[-84.59117,33.7295],[-84.58802,33.72864],[-84.58543,33.73014],[-84.58321,33.73611],[-84.57928,33.7426],[-84.57793,33.74368],[-84.57785,33.7456],[-84.59473,33.76799],[-84.61625,33.7949],[-84.6176,33.79759],[-84.62185,33.80285],[-84.62207,33.80441],[-84.62448,33.80505],[-84.72414,33.80639],[-84.72412,33.7886],[-84.74135,33.78857],[-84.74144,33.78772],[-84.75067,33.78774],[-84.75469,33.78712],[-84.7638,33.78734],[-84.80026,33.78225],[-84.79985,33.77991],[-84.8327,33.77852],[-84.83271,33.77602],[-84.87915,33.77476],[-84.90169,33.7807],[-84.90135,33.76147],[-84.90213,33.74708],[-84.90233,33.7306],[-84.91085,33.73098],[-84.91098,33.72898],[-84.91102,33.7221],[-84.90156,33.72199],[-84.90143,33.71881],[-84.90263,33.65226],[-84.90361,33.63883],[-84.90579,33.57338],[-84.83004,33.57377],[-84.82998,33.57663],[-84.82427,33.57656],[-84.8243,33.57357],[-84.80918,33.57407],[-84.80813,33.58071],[-84.80555,33.58682],[-84.80131,33.5902],[-84.79585,33.59635],[-84.78827,33.59978],[-84.78513,33.60206],[-84.78355,33.60388]]]}},{"type":"Feature","properties":{"name":"Early"},"geometry":{"type":"Polygon","coordinates":[[[-84.78477,31.25313],[-84.74832,31.25249],[-84.74822,31.25845],[-84.73728,31.25829],[-84.73738,31.25231],[-84.72776,31.25211],[-84.70511,31.25192],[-84.7051,31.25772],[-84.69418,31.25765],[-84.69424,31.25167],[-84.68325,31.2514],[-84.68322,31.25718],[-84.67265,31.25711],[-84.67269,31.25944],[-84.66112,31.25936],[-84.6611,31.25686],[-84.64168,31.25653],[-84.64166,31.3125],[-84.63994,31.31258],[-84.63968,31.32287],[-84.63842,31.32288],[-84.63808,31.33208],[-84.62758,31.33212],[-84.62768,31.34158],[-84.63825,31.34168],[-84.638,31.3666],[-84.63814,31.37023],[-84.63951,31.37043],[-84.63969,31.37845],[-84.63881,31.37852],[-84.63758,31.43393],[-84.78903,31.43636],[-84.789,31.43931],[-84.79029,31.44077],[-84.79072,31.4434],[-84.792,31.44435],[-84.79228,31.4458],[-84.79217,31.44814],[-84.79128,31.44991],[-84.79137,31.45121],[-84.78962,31.45138],[-84.78938,31.45251],[-84.79019,31.45287],[-84.79119,31.45559],[-84.79392,31.45907],[-84.79855,31.46011],[-84.80185,31.4616],[-84.80303,31.46634],[-84.80362,31.46704],[-84.80428,31.46705],[-84.80486,31.46842],[-84.80583,31.4687],[-84.80705,31.47276],[-84.80755,31.47312],[-84.80502,31.47367],[-84.79709,31.47359],[-84.79661,31.50129],[-84.80712,31.50135],[-84.80689,31.49173],[-84.81977,31.49156],[-84.81981,31.50119],[-84.87723,31.50153],[-84.893,31.50213],[-84.93694,31.50258],[-84.9378,31.50327],[-84.93916,31.50207],[-84.94026,31.50237],[-84.94133,31.50196],[-84.94224,31.5024],[-84.94286,31.5014],[-84.94399,31.50106],[-84.94369,31.50061],[-84.94692,31.49877],[-84.9469,31.49918],[-84.94767,31.49933],[-84.94972,31.49894],[-84.9533,31.49676],[-84.95729,31.49577],[-84.95916,31.49429],[-84.95973,31.49266],[-84.96245,31.49397],[-84.96404,31.49348],[-84.96451,31.49411],[-84.96434,31.49525],[-84.96603,31.49527],[-84.96752,31.49626],[-84.97143,31.49731],[-84.97399,31.49692],[-84.97442,31.49621],[-84.97408,31.49555],[-84.977,31.49276],[-84.97868,31.49222],[-84.98085,31.4907],[-84.9854,31.48949],[-84.98634,31.48886],[-84.98872,31.48915],[-84.99786,31.48723],[-85.00189,31.48784],[-85.00653,31.48587],[-85.02923,31.48607],[-85.02939,31.51867],[-85.03071,31.51835],[-85.03361,31.51638],[-85.03608,31.5165],[-85.0376,31.5159],[-85.03987,31.51777],[-85.04248,31.51709],[-85.0455,31.51713],[-85.04845,31.51368],[-85.05057,31.50967],[-85.05295,31.50652],[-85.0545,31.50302],[-85.05693,31.50017],[-85.05713,31.49901],[-85.06021,31.49406],[-85.06098,31.49047],[-85.0621,31.48802],[-85.06526,31.48492],[-85.07162,31.46838],[-85.07034,31.46202],[-85.06929,31.45918],[-85.06927,31.45347],[-85.0667,31.44729],[-85.06595,31.44298],[-85.06564,31.43952],[-85.06619,31.43431],[-85.06601,31.43053],[-85.06704,31.42858],[-85.06855,31.42731],[-85.07015,31.42775],[-85.07189,31.42926],[-85.0737,31.42896],[-85.07589,31.42493],[-85.07675,31.41597],[-85.07982,31.41173],[-85.07998,31.41047],[-85.07739,31.40284],[-85.07763,31.39888],[-85.07864,31.39636],[-85.0804,31.39393],[-85.08243,31.38454],[-85.0847,31.38106],[-85.08763,31.37274],[-85.09217,31.36458],[-85.09249,31.36288],[-85.09262,31.35747],[-85.09179,31.35521],[-85.09099,31.35443],[-85.08741,31.35443],[-85.08592,31.35315],[-85.08588,31.35019],[-85.08709,31.34032],[-85.08783,31.33798],[-85.08942,31.33603],[-85.08899,31.33429],[-85.08415,31.32831],[-85.0837,31.32385],[-85.08404,31.32263],[-85.08378,31.31821],[-85.08447,31.31619],[-85.0874,31.31122],[-85.0877,31.30405],[-85.08977,31.29771],[-85.08977,31.29503],[-85.09316,31.28969],[-85.09871,31.28446],[-85.10156,31.28336],[-85.11036,31.28175],[-85.11288,31.28005],[-85.1146,31.27733],[-85.11455,31.2763],[-85.11255,31.27438],[-85.1119,31.27248],[-85.11198,31.26799],[-85.11326,31.26434],[-85.11246,31.26196],[-85.11235,31.25958],[-85.11171,31.25802],[-85.10915,31.25461],[-85.10746,31.25018],[-85.10546,31.24686],[-85.10426,31.24187],[-85.10247,31.23786],[-85.09884,31.23252],[-85.09676,31.22565],[-85.09871,31.21951],[-85.0987,31.21129],[-85.09977,31.20975],[-85.10563,31.20459],[-85.10696,31.20269],[-85.10813,31.19564],[-85.10744,31.19188],[-85.10768,31.18744],[-85.1073,31.18595],[-85.1065,31.18531],[-85.10442,31.18565],[-85.10205,31.18473],[-85.09851,31.18015],[-85.09843,31.17777],[-85.10053,31.16599],[-85.09965,31.16494],[-85.09211,31.16029],[-85.08358,31.15963],[-85.0778,31.15789],[-85.07663,31.15693],[-85.07567,31.15493],[-85.07082,31.15003],[-85.06933,31.14701],[-85.0672,31.14561],[-85.06403,31.1425],[-85.06243,31.13952],[-85.06043,31.1315],[-85.05622,31.12518],[-85.05568,31.12249],[-85.05468,31.12082],[-85.05287,31.11949],[-85.05018,31.11892],[-85.0469,31.1166],[-85.0442,31.11363],[-85.03617,31.10904],[-85.03538,31.10716],[-85.03546,31.10434],[-85.02974,31.09616],[-85.02811,31.08982],[-85.02607,31.08418],[-85.02856,31.07552],[-84.92242,31.07259],[-84.91742,31.25599],[-84.78477,31.25313]]]}},{"type":"Feature","properties":{"name":"Echols"},"geometry":{"type":"Polygon","coordinates":[[[-83.13662,30.62524],[-83.13661,30.62397],[-83.13137,30.62358],[-82.86833,30.60864],[-82.74985,30.60116],[-82.72791,30.60021],[-82.58401,30.59155],[-82.58278,30.65808],[-82.58236,30.65901],[-82.58143,30.65905],[-82.58073,30.65832],[-82.5799,30.6587],[-82.58089,30.65988],[-82.58102,30.66089],[-82.5824,30.66137],[-82.5847,30.66339],[-82.58498,30.66436],[-82.58448,30.66564],[-82.58556,30.66613],[-82.58601,30.66763],[-82.5854,30.6696],[-82.58649,30.67496],[-82.58496,30.67809],[-82.58545,30.67931],[-82.58314,30.68247],[-82.58146,30.68591],[-82.58113,30.68725],[-82.58154,30.68821],[-82.58064,30.69052],[-82.57966,30.69024],[-82.57877,30.69084],[-82.57963,30.69158],[-82.57928,30.69269],[-82.58126,30.6952],[-82.5812,30.69624],[-82.58817,30.70075],[-82.58984,30.70597],[-82.59321,30.70774],[-82.59504,30.708],[-82.59574,30.70904],[-82.59702,30.70927],[-82.59729,30.70998],[-82.59855,30.71067],[-82.60066,30.71126],[-82.60157,30.71231],[-82.60355,30.71287],[-82.60401,30.71368],[-82.60547,30.71343],[-82.60654,30.71426],[-82.6089,30.71328],[-82.60913,30.71372],[-82.61025,30.7133],[-82.61278,30.7153],[-82.61481,30.71451],[-82.6178,30.71604],[-82.61928,30.71593],[-82.62539,30.71859],[-82.62738,30.71851],[-82.62844,30.71779],[-82.6297,30.71824],[-82.63259,30.7174],[-82.63504,30.71753],[-82.63598,30.71712],[-82.63911,30.71767],[-82.64004,30.71844],[-82.64511,30.71832],[-82.64832,30.71998],[-82.65215,30.72104],[-82.65345,30.72076],[-82.65554,30.72264],[-82.65681,30.72223],[-82.65981,30.72293],[-82.66264,30.72233],[-82.66506,30.72407],[-82.66699,30.72425],[-82.67017,30.72549],[-82.67436,30.72437],[-82.67482,30.72532],[-82.67715,30.72631],[-82.67791,30.72726],[-82.6799,30.72791],[-82.68136,30.72901],[-82.68404,30.7292],[-82.68552,30.73128],[-82.68846,30.73198],[-82.68977,30.73323],[-82.69218,30.73399],[-82.69839,30.73415],[-82.70998,30.72923],[-82.71319,30.72909],[-82.71532,30.72979],[-82.71655,30.72952],[-82.71759,30.73036],[-82.71959,30.72989],[-82.72163,30.73021],[-82.72441,30.72945],[-82.72614,30.72989],[-82.72971,30.72909],[-82.73456,30.73224],[-82.73592,30.73199],[-82.73749,30.73263],[-82.73851,30.7322],[-82.73981,30.73245],[-82.74019,30.73302],[-82.74191,30.73295],[-82.74358,30.73353],[-82.74674,30.73312],[-82.74885,30.73217],[-82.75058,30.732],[-82.75109,30.73247],[-82.75261,30.73122],[-82.75399,30.73149],[-82.75481,30.73237],[-82.75712,30.73164],[-82.76096,30.73345],[-82.76203,30.73301],[-82.7654,30.73342],[-82.76659,30.73235],[-82.76749,30.7332],[-82.76912,30.73374],[-82.76991,30.73467],[-82.77039,30.73445],[-82.7701,30.73417],[-82.77072,30.73416],[-82.77417,30.73625],[-82.77724,30.73603],[-82.77859,30.73754],[-82.78008,30.73747],[-82.78226,30.73832],[-82.78456,30.73821],[-82.78938,30.73995],[-82.78957,30.74059],[-82.79206,30.74164],[-82.79536,30.74209],[-82.79626,30.74371],[-82.79958,30.74692],[-82.80241,30.74728],[-82.80529,30.74984],[-82.80737,30.75499],[-82.80689,30.75693],[-82.80743,30.75787],[-82.80716,30.75889],[-82.80761,30.76027],[-82.80698,30.76203],[-82.81046,30.76531],[-82.80987,30.76729],[-82.81248,30.76998],[-82.81304,30.77202],[-82.81563,30.77582],[-82.81786,30.7766],[-82.82038,30.77627],[-82.82199,30.77749],[-82.82347,30.7801],[-82.82546,30.78077],[-82.82877,30.78059],[-82.83079,30.78154],[-82.83207,30.78301],[-82.83234,30.78481],[-82.83315,30.78576],[-82.83302,30.78874],[-82.83434,30.79308],[-82.83418,30.79508],[-82.83483,30.79995],[-82.83048,30.80878],[-82.83025,30.81064],[-82.83228,30.81372],[-82.83789,30.81691],[-82.8391,30.81834],[-82.8399,30.82009],[-82.83968,30.82163],[-82.84108,30.82354],[-82.84129,30.82456],[-82.84215,30.82524],[-82.84351,30.82536],[-82.84591,30.8272],[-82.84661,30.82925],[-82.84661,30.83162],[-82.84753,30.83303],[-82.84635,30.83499],[-82.98215,30.87225],[-82.98313,30.87167],[-82.98472,30.86937],[-82.98697,30.86752],[-82.98917,30.86442],[-82.992,30.86173],[-82.99433,30.8607],[-82.99641,30.86152],[-82.99907,30.86123],[-83.0002,30.86006],[-83.00236,30.86021],[-83.00712,30.85914],[-83.01042,30.85364],[-83.0106,30.8498],[-83.01143,30.84747],[-83.01287,30.84703],[-83.01396,30.84471],[-83.01472,30.84545],[-83.01518,30.84861],[-83.01833,30.84835],[-83.01942,30.84945],[-83.08808,30.84866],[-83.0881,30.83119],[-83.10324,30.83143],[-83.10437,30.8037],[-83.12576,30.80341],[-83.12582,30.80217],[-83.12741,30.79905],[-83.12947,30.79702],[-83.1301,30.79545],[-83.13161,30.79393],[-83.1313,30.79347],[-83.13156,30.79148],[-83.13301,30.78965],[-83.13284,30.78714],[-83.1335,30.78549],[-83.13277,30.78359],[-83.13284,30.78099],[-83.13419,30.77934],[-83.13491,30.7792],[-83.13624,30.77523],[-83.13535,30.77044],[-83.13619,30.7699],[-83.13493,30.76781],[-83.13521,30.76692],[-83.13457,30.76303],[-83.13283,30.75853],[-83.13365,30.75569],[-83.13395,30.75165],[-83.1328,30.75021],[-83.13247,30.74895],[-83.13467,30.74352],[-83.13515,30.74029],[-83.1345,30.73839],[-83.13523,30.73684],[-83.13513,30.7351],[-83.13407,30.7334],[-83.13417,30.7312],[-83.13329,30.72999],[-83.13365,30.72827],[-83.13482,30.72757],[-83.13435,30.72722],[-83.13459,30.72578],[-83.13408,30.72552],[-83.13416,30.72493],[-83.13351,30.72436],[-83.1328,30.72454],[-83.13021,30.7221],[-83.13578,30.72197],[-83.13486,30.69569],[-83.1351,30.66544],[-83.13552,30.64485],[-83.13662,30.62524]]]}},{"type":"Feature","properties":{"name":"Effingham"},"geometry":{"type":"Polygon","coordinates":[[[-81.54801,32.48929],[-81.5474,32.48653],[-81.5451,32.48657],[-81.5438,32.48547],[-81.54196,32.48527],[-81.54148,32.48432],[-81.53902,32.48387],[-81.5368,32.4823],[-81.53593,32.48107],[-81.5359,32.47532],[-81.53757,32.47448],[-81.53857,32.47674],[-81.53979,32.47638],[-81.54147,32.47301],[-81.54021,32.46977],[-81.54061,32.46934],[-81.54159,32.46938],[-81.54297,32.46739],[-81.54293,32.46652],[-81.54239,32.46609],[-81.53872,32.46633],[-81.53801,32.46548],[-81.53679,32.46509],[-81.53618,32.46663],[-81.53331,32.46583],[-81.53259,32.46602],[-81.53241,32.46676],[-81.53146,32.46653],[-81.53134,32.46594],[-81.53268,32.46419],[-81.53232,32.46365],[-81.53029,32.4631],[-81.53083,32.46222],[-81.53056,32.46108],[-81.53142,32.45922],[-81.53119,32.45842],[-81.53009,32.45649],[-81.52727,32.45394],[-81.52573,32.44982],[-81.5271,32.44563],[-81.53054,32.44166],[-81.53185,32.43812],[-81.53261,32.43756],[-81.53783,32.43659],[-81.539,32.43561],[-81.5388,32.43447],[-81.53766,32.43367],[-81.53606,32.43093],[-81.53611,32.42993],[-81.53692,32.43003],[-81.53718,32.42951],[-81.53637,32.42735],[-81.53633,32.42581],[-81.53546,32.4246],[-81.53531,32.42227],[-81.5366,32.42083],[-81.53849,32.42049],[-81.53818,32.41902],[-81.54044,32.41835],[-81.54014,32.4201],[-81.54097,32.42085],[-81.54256,32.41918],[-81.54272,32.41745],[-81.54126,32.41583],[-81.54064,32.41384],[-81.53839,32.41289],[-81.53701,32.41051],[-81.53477,32.40826],[-81.53404,32.40842],[-81.53275,32.40687],[-81.53263,32.40566],[-81.53319,32.40551],[-81.53393,32.40348],[-81.53512,32.40236],[-81.53442,32.40116],[-81.53545,32.40079],[-81.53402,32.39902],[-81.53327,32.39634],[-81.53356,32.39576],[-81.53448,32.39637],[-81.5349,32.39358],[-81.5329,32.39126],[-81.53058,32.39033],[-81.52898,32.39173],[-81.52866,32.39258],[-81.52789,32.39252],[-81.52821,32.39124],[-81.52727,32.39084],[-81.52422,32.39156],[-81.52437,32.39281],[-81.52332,32.39294],[-81.52231,32.38997],[-81.52321,32.38949],[-81.52348,32.38866],[-81.52235,32.38753],[-81.52377,32.38537],[-81.5228,32.38289],[-81.52322,32.38041],[-81.52176,32.37923],[-81.52155,32.38077],[-81.52025,32.38075],[-81.52003,32.37934],[-81.52097,32.3778],[-81.52078,32.37687],[-81.51596,32.37669],[-81.51434,32.37558],[-81.51405,32.37167],[-81.51234,32.37034],[-81.51201,32.36942],[-81.51147,32.36931],[-81.5112,32.37017],[-81.50943,32.37146],[-81.50865,32.3714],[-81.50851,32.36993],[-81.50903,32.36872],[-81.50866,32.36829],[-81.50905,32.36749],[-81.50821,32.36351],[-81.50886,32.36135],[-81.50791,32.36015],[-81.5077,32.35794],[-81.5042,32.35542],[-81.50087,32.35378],[-81.49804,32.35128],[-81.4948,32.34985],[-81.49321,32.3499],[-81.49196,32.35076],[-81.49177,32.35193],[-81.49102,32.35192],[-81.48996,32.34798],[-81.49083,32.34677],[-81.49006,32.34494],[-81.49058,32.34307],[-81.48609,32.33826],[-81.48622,32.33756],[-81.48895,32.33673],[-81.48878,32.33538],[-81.48786,32.33391],[-81.48077,32.32892],[-81.4789,32.32938],[-81.47866,32.33057],[-81.47731,32.33148],[-81.47573,32.33057],[-81.47488,32.32916],[-81.47366,32.32827],[-81.47233,32.32834],[-81.47054,32.32961],[-81.4672,32.32784],[-81.46628,32.32888],[-81.46558,32.32888],[-81.46595,32.32647],[-81.46445,32.3252],[-81.46438,32.3238],[-81.46622,32.32423],[-81.46766,32.32323],[-81.4653,32.32153],[-81.46558,32.31952],[-81.46497,32.3175],[-81.46439,32.31716],[-81.46337,32.31741],[-81.4631,32.31702],[-81.46548,32.31409],[-81.46559,32.31293],[-81.46468,32.31269],[-81.46346,32.31369],[-81.46066,32.313],[-81.4601,32.31114],[-81.45894,32.31059],[-81.45936,32.30915],[-81.45808,32.30895],[-81.45747,32.30961],[-81.45666,32.30941],[-81.45476,32.30718],[-81.45289,32.30613],[-81.4527,32.30531],[-81.45457,32.30373],[-81.45464,32.30312],[-81.45314,32.30247],[-81.45179,32.30249],[-81.45161,32.302],[-81.45429,32.30067],[-81.45267,32.30007],[-81.45231,32.29898],[-81.44974,32.29699],[-81.44908,32.29573],[-81.44954,32.29482],[-81.45132,32.29415],[-81.45253,32.29489],[-81.45319,32.29471],[-81.45214,32.29268],[-81.45298,32.29218],[-81.4531,32.29143],[-81.4528,32.2909],[-81.45153,32.29078],[-81.45026,32.29002],[-81.44875,32.29073],[-81.4478,32.28954],[-81.44722,32.28739],[-81.44742,32.28647],[-81.4489,32.2856],[-81.44824,32.28524],[-81.44691,32.28551],[-81.44629,32.28488],[-81.44811,32.28281],[-81.44892,32.2828],[-81.44933,32.28372],[-81.44982,32.28273],[-81.44715,32.27858],[-81.44503,32.2783],[-81.44339,32.27719],[-81.4432,32.27639],[-81.44527,32.27611],[-81.44524,32.2752],[-81.44367,32.27524],[-81.44168,32.27434],[-81.44002,32.27511],[-81.43951,32.27285],[-81.43824,32.27159],[-81.43827,32.27067],[-81.43957,32.27012],[-81.44009,32.26857],[-81.44173,32.26835],[-81.4375,32.26548],[-81.43774,32.264],[-81.43658,32.26315],[-81.43637,32.26177],[-81.43514,32.2597],[-81.4353,32.25877],[-81.43672,32.25828],[-81.43726,32.25665],[-81.43853,32.25642],[-81.43898,32.25587],[-81.43879,32.25466],[-81.43685,32.25429],[-81.43648,32.25217],[-81.4352,32.25136],[-81.43528,32.25059],[-81.43739,32.24801],[-81.436,32.24712],[-81.43444,32.24704],[-81.43304,32.2453],[-81.43375,32.2438],[-81.43455,32.2437],[-81.43589,32.24454],[-81.43717,32.24363],[-81.43747,32.24274],[-81.4325,32.23777],[-81.43166,32.23536],[-81.43157,32.23333],[-81.43068,32.23324],[-81.42965,32.23454],[-81.4286,32.23434],[-81.42844,32.23304],[-81.43009,32.23125],[-81.42947,32.23076],[-81.42849,32.23127],[-81.42774,32.23112],[-81.42613,32.22832],[-81.42615,32.22607],[-81.42683,32.22475],[-81.42813,32.22392],[-81.42943,32.22457],[-81.43011,32.22393],[-81.43005,32.22226],[-81.42767,32.22081],[-81.42701,32.21918],[-81.42741,32.218],[-81.42951,32.21779],[-81.42947,32.21686],[-81.42781,32.21575],[-81.42626,32.21671],[-81.42565,32.21636],[-81.42512,32.21501],[-81.4231,32.21508],[-81.42299,32.2139],[-81.42157,32.21318],[-81.42265,32.21231],[-81.42132,32.21018],[-81.42038,32.21018],[-81.41969,32.2115],[-81.41738,32.21121],[-81.41674,32.21227],[-81.41608,32.21216],[-81.41572,32.21154],[-81.41601,32.20987],[-81.41489,32.20859],[-81.41337,32.20779],[-81.4145,32.20642],[-81.41397,32.20561],[-81.413,32.20567],[-81.41322,32.20485],[-81.41621,32.20379],[-81.41634,32.20273],[-81.41506,32.20252],[-81.41577,32.19953],[-81.41631,32.19857],[-81.41815,32.19773],[-81.41865,32.19691],[-81.41778,32.19518],[-81.41605,32.1935],[-81.41587,32.18961],[-81.4151,32.18788],[-81.41327,32.1868],[-81.41225,32.18536],[-81.41025,32.1857],[-81.40969,32.18528],[-81.41269,32.18361],[-81.41423,32.18455],[-81.41528,32.18308],[-81.41457,32.17657],[-81.41191,32.17625],[-81.41156,32.17567],[-81.41196,32.17433],[-81.41366,32.17354],[-81.41357,32.17254],[-81.41224,32.1713],[-81.41348,32.16975],[-81.41234,32.1694],[-81.4108,32.17017],[-81.41,32.16799],[-81.41084,32.16715],[-81.41146,32.16528],[-81.41094,32.16119],[-81.4119,32.16106],[-81.41262,32.16193],[-81.41336,32.16206],[-81.41383,32.16073],[-81.41189,32.15767],[-81.41012,32.15736],[-81.4081,32.15532],[-81.40769,32.15432],[-81.40847,32.15208],[-81.40773,32.15195],[-81.40639,32.15274],[-81.40562,32.1513],[-81.40395,32.15135],[-81.4015,32.14977],[-81.40201,32.14776],[-81.40343,32.14799],[-81.40387,32.14735],[-81.40332,32.14513],[-81.40192,32.14431],[-81.40195,32.14362],[-81.40387,32.14346],[-81.40594,32.14189],[-81.40495,32.14017],[-81.40703,32.13739],[-81.4063,32.13246],[-81.40716,32.1302],[-81.40694,32.12969],[-81.40559,32.12918],[-81.40665,32.12788],[-81.40783,32.12797],[-81.40819,32.12735],[-81.40533,32.125],[-81.40454,32.1208],[-81.40531,32.12071],[-81.40688,32.12156],[-81.40679,32.11952],[-81.40517,32.11866],[-81.40501,32.11564],[-81.40411,32.11373],[-81.40304,32.11314],[-81.40144,32.11348],[-81.40086,32.11273],[-81.40095,32.11201],[-81.40238,32.11119],[-81.40142,32.10993],[-81.40141,32.10901],[-81.40303,32.10842],[-81.40268,32.10793],[-81.40081,32.10745],[-81.40056,32.1064],[-81.40104,32.1063],[-81.40161,32.10728],[-81.40319,32.10763],[-81.40536,32.10381],[-81.40697,32.10248],[-81.40678,32.10193],[-81.40555,32.10232],[-81.40313,32.10717],[-81.40246,32.10718],[-81.40195,32.10629],[-81.40205,32.10474],[-81.40132,32.10415],[-81.39957,32.10461],[-81.39575,32.10222],[-81.39184,32.10052],[-81.3912,32.09926],[-81.3917,32.09589],[-81.19545,32.23759],[-81.14589,32.2268],[-81.14454,32.22617],[-81.14362,32.22855],[-81.14402,32.23022],[-81.14577,32.23234],[-81.152,32.23601],[-81.15399,32.23806],[-81.1563,32.24191],[-81.15662,32.24346],[-81.15628,32.24501],[-81.15528,32.24629],[-81.15305,32.24778],[-81.14728,32.24948],[-81.14591,32.25072],[-81.14589,32.25197],[-81.14799,32.2542],[-81.14812,32.25509],[-81.14745,32.2566],[-81.14474,32.25806],[-81.1448,32.25898],[-81.14664,32.26102],[-81.14632,32.26332],[-81.14471,32.26411],[-81.13937,32.2637],[-81.138,32.26457],[-81.13693,32.26611],[-81.13792,32.26889],[-81.14168,32.27017],[-81.14225,32.27078],[-81.14206,32.27163],[-81.13603,32.27266],[-81.13511,32.27206],[-81.13431,32.27033],[-81.13318,32.26968],[-81.13253,32.27025],[-81.13198,32.27308],[-81.12948,32.27622],[-81.12795,32.27647],[-81.12493,32.27493],[-81.12351,32.27514],[-81.12304,32.27594],[-81.12328,32.27698],[-81.12646,32.27925],[-81.12732,32.28124],[-81.12714,32.28225],[-81.12572,32.28366],[-81.12169,32.28452],[-81.12008,32.28589],[-81.11952,32.28738],[-81.12046,32.29088],[-81.12321,32.29363],[-81.12392,32.29519],[-81.12381,32.29693],[-81.12256,32.29986],[-81.12208,32.30446],[-81.12263,32.30699],[-81.12523,32.30908],[-81.12697,32.30746],[-81.12856,32.30687],[-81.13172,32.30735],[-81.13302,32.30855],[-81.13246,32.31006],[-81.13039,32.31144],[-81.12978,32.31329],[-81.12992,32.31474],[-81.13117,32.31657],[-81.13163,32.31864],[-81.13074,32.32576],[-81.13176,32.32646],[-81.13393,32.32415],[-81.13555,32.32432],[-81.13661,32.32542],[-81.13801,32.32824],[-81.13723,32.32968],[-81.13592,32.33012],[-81.13477,32.33126],[-81.1328,32.33475],[-81.13138,32.33587],[-81.12929,32.33614],[-81.12883,32.3366],[-81.12848,32.33806],[-81.12932,32.34141],[-81.1309,32.34202],[-81.13247,32.34094],[-81.13419,32.34131],[-81.13541,32.34309],[-81.13935,32.34508],[-81.14137,32.35015],[-81.14207,32.35091],[-81.14386,32.35154],[-81.14732,32.35013],[-81.14696,32.34863],[-81.14736,32.3476],[-81.14533,32.34604],[-81.14533,32.34516],[-81.14955,32.34508],[-81.15154,32.34342],[-81.15202,32.34165],[-81.15282,32.34132],[-81.15513,32.34137],[-81.15814,32.33988],[-81.16,32.34048],[-81.16049,32.34175],[-81.15998,32.34285],[-81.15693,32.34255],[-81.15561,32.34331],[-81.15463,32.34699],[-81.15461,32.35007],[-81.15912,32.34891],[-81.16093,32.34947],[-81.16163,32.3507],[-81.1605,32.35364],[-81.161,32.35591],[-81.1663,32.35787],[-81.16712,32.35872],[-81.1674,32.36136],[-81.1687,32.3611],[-81.17387,32.36277],[-81.17408,32.36337],[-81.17372,32.36367],[-81.169,32.36512],[-81.16791,32.36848],[-81.16881,32.36995],[-81.17082,32.37081],[-81.17379,32.3731],[-81.17673,32.37672],[-81.18185,32.37935],[-81.18164,32.38028],[-81.1797,32.38233],[-81.17778,32.38623],[-81.1773,32.38968],[-81.17828,32.39299],[-81.18156,32.39682],[-81.18623,32.40108],[-81.18972,32.40687],[-81.19601,32.41263],[-81.20082,32.4187],[-81.20541,32.42334],[-81.20511,32.42722],[-81.20847,32.43618],[-81.20839,32.43725],[-81.20782,32.43782],[-81.20522,32.4383],[-81.20257,32.44009],[-81.20058,32.44069],[-81.19964,32.44159],[-81.19929,32.44291],[-81.19962,32.44471],[-81.20075,32.44609],[-81.20199,32.44646],[-81.20509,32.44626],[-81.20632,32.44701],[-81.20666,32.44816],[-81.20577,32.45047],[-81.20458,32.4527],[-81.20329,32.45299],[-81.19889,32.44859],[-81.19787,32.44855],[-81.1973,32.45003],[-81.19798,32.45327],[-81.19767,32.45461],[-81.19644,32.45515],[-81.19407,32.45343],[-81.19201,32.45379],[-81.19162,32.45519],[-81.19433,32.45721],[-81.19441,32.45891],[-81.19344,32.45983],[-81.19065,32.46028],[-81.18825,32.46149],[-81.18697,32.46324],[-81.18735,32.46446],[-81.18861,32.46531],[-81.19226,32.46479],[-81.19477,32.46516],[-81.20041,32.46831],[-81.2103,32.47766],[-81.2175,32.48344],[-81.22484,32.49176],[-81.23311,32.49807],[-81.23383,32.49908],[-81.23425,32.50275],[-81.23547,32.50398],[-81.2378,32.50526],[-81.23882,32.50805],[-81.23839,32.51023],[-81.23716,32.5113],[-81.23232,32.51208],[-81.23211,32.51374],[-81.23379,32.51831],[-81.23526,32.51864],[-81.23778,32.51693],[-81.24086,32.51648],[-81.24176,32.51696],[-81.2428,32.51975],[-81.24394,32.5209],[-81.24745,32.51828],[-81.25009,32.51774],[-81.25206,32.51814],[-81.25432,32.51915],[-81.25923,32.52298],[-81.26347,32.52512],[-81.26681,32.52787],[-81.27192,32.52998],[-81.27298,32.53106],[-81.27346,32.53289],[-81.27465,32.53419],[-81.27966,32.53634],[-81.28015,32.53696],[-81.27992,32.53764],[-81.2765,32.53836],[-81.27524,32.53981],[-81.27486,32.54466],[-81.27585,32.54571],[-81.27971,32.5466],[-81.28087,32.5479],[-81.28103,32.54968],[-81.27908,32.55164],[-81.27874,32.55266],[-81.2795,32.555],[-81.28127,32.55647],[-81.28288,32.55681],[-81.28405,32.55636],[-81.28453,32.55342],[-81.28574,32.55186],[-81.28787,32.55109],[-81.28977,32.55172],[-81.28993,32.55243],[-81.28826,32.55639],[-81.28881,32.56003],[-81.29014,32.56228],[-81.2922,32.56273],[-81.29341,32.56188],[-81.29131,32.55836],[-81.29148,32.55571],[-81.29409,32.55386],[-81.29616,32.55334],[-81.29758,32.55379],[-81.29807,32.55534],[-81.29587,32.55852],[-81.2953,32.56081],[-81.29595,32.56195],[-81.29765,32.56293],[-81.2998,32.56305],[-81.30657,32.56121],[-81.3196,32.55956],[-81.32281,32.55966],[-81.3286,32.56109],[-81.33364,32.56369],[-81.33864,32.56515],[-81.35076,32.57017],[-81.35593,32.57161],[-81.35823,32.57352],[-81.35831,32.57445],[-81.3578,32.57519],[-81.35435,32.57724],[-81.35349,32.57877],[-81.35435,32.58012],[-81.35775,32.58212],[-81.35919,32.58224],[-81.36017,32.58178],[-81.36139,32.57912],[-81.36349,32.57691],[-81.3652,32.57657],[-81.36695,32.57702],[-81.36734,32.57782],[-81.36711,32.57861],[-81.36394,32.58112],[-81.36359,32.58298],[-81.3645,32.58403],[-81.3682,32.5842],[-81.36982,32.58505],[-81.37022,32.58709],[-81.36888,32.58975],[-81.36983,32.59117],[-81.37226,32.59204],[-81.37358,32.59199],[-81.37601,32.58926],[-81.37888,32.58891],[-81.38431,32.59167],[-81.38921,32.59542],[-81.49116,32.53596],[-81.53856,32.50906],[-81.54801,32.48929]]]}},{"type":"Feature","properties":{"name":"Elbert"},"geometry":{"type":"Polygon","coordinates":[[[-83.10329,34.17071],[-83.10237,34.16807],[-83.10078,34.16744],[-83.09848,34.1654],[-83.09627,34.16246],[-83.09454,34.16166],[-83.09187,34.16147],[-83.08888,34.15961],[-83.08607,34.15904],[-83.08286,34.15653],[-83.07638,34.15338],[-83.07298,34.15348],[-83.07154,34.1544],[-83.06993,34.15439],[-83.0688,34.15503],[-83.06731,34.15464],[-83.0666,34.15374],[-83.06668,34.15242],[-83.06087,34.14771],[-83.0609,34.14713],[-83.06257,34.14636],[-83.063,34.14567],[-83.06171,34.14384],[-83.06195,34.14201],[-83.06126,34.14089],[-83.05565,34.13724],[-83.0517,34.13156],[-83.04834,34.12957],[-83.04848,34.12846],[-83.05028,34.12715],[-83.05041,34.12624],[-83.04923,34.12501],[-83.04792,34.12109],[-83.0465,34.12009],[-83.04417,34.11985],[-83.03963,34.11795],[-83.03722,34.11776],[-83.034,34.11477],[-83.03078,34.11307],[-83.03261,34.10994],[-83.03049,34.10579],[-83.03004,34.10395],[-83.03319,34.10244],[-83.036,34.09933],[-83.03606,34.09827],[-83.0321,34.0966],[-83.01571,34.07937],[-83.01308,34.07735],[-83.01096,34.07649],[-83.00877,34.079],[-83.00697,34.07932],[-83.00501,34.07854],[-83.00452,34.07771],[-83.00478,34.07604],[-83.00217,34.0704],[-82.99706,34.06738],[-82.99313,34.06597],[-82.99008,34.06379],[-82.98957,34.06102],[-82.99053,34.05735],[-82.98856,34.05499],[-82.98776,34.05199],[-82.9863,34.05067],[-82.98298,34.0493],[-82.98066,34.04716],[-82.97907,34.0484],[-82.97788,34.04857],[-82.9759,34.04294],[-82.97405,34.0419],[-82.96561,34.04054],[-82.96398,34.03904],[-82.9628,34.03629],[-82.96148,34.03545],[-82.95963,34.03531],[-82.95747,34.03584],[-82.95547,34.03796],[-82.95381,34.03817],[-82.94975,34.03565],[-82.94791,34.03282],[-82.94314,34.02758],[-82.94156,34.02737],[-82.93642,34.02819],[-82.93412,34.02745],[-82.93366,34.02627],[-82.93526,34.02533],[-82.93795,34.0258],[-82.93999,34.02412],[-82.94385,34.0228],[-82.94276,34.02],[-82.94227,34.01496],[-82.94164,34.01451],[-82.93802,34.01503],[-82.93272,34.01282],[-82.92934,34.01059],[-82.92812,34.00798],[-82.92722,34.00731],[-82.9244,34.0081],[-82.92268,34.01004],[-82.92175,34.01025],[-82.92056,34.00962],[-82.91836,34.00679],[-82.91709,34.00622],[-82.91457,34.00765],[-82.91653,34.01069],[-82.91672,34.0118],[-82.91618,34.01249],[-82.91104,34.01172],[-82.9062,34.01201],[-82.90501,34.01114],[-82.90671,34.00789],[-82.90673,34.0054],[-82.90611,34.00444],[-82.90185,34.00318],[-82.89322,34.00234],[-82.88647,34.00014],[-82.88494,34.00018],[-82.8832,34.00114],[-82.88164,34.0006],[-82.88075,33.99957],[-82.88031,33.99677],[-82.87928,33.99517],[-82.87053,33.99316],[-82.86691,33.99054],[-82.86591,33.98904],[-82.86448,33.98397],[-82.86359,33.98304],[-82.85789,33.98386],[-82.85137,33.98215],[-82.84302,33.9837],[-82.84165,33.98465],[-82.84204,33.98598],[-82.84185,33.98994],[-82.84096,33.99207],[-82.84005,33.99289],[-82.83853,33.99199],[-82.83725,33.99269],[-82.83505,33.99084],[-82.83116,33.98916],[-82.82859,33.98655],[-82.82575,33.9845],[-82.82459,33.98438],[-82.82072,33.98592],[-82.81888,33.98606],[-82.81352,33.9816],[-82.80953,33.98072],[-82.80696,33.97959],[-82.79832,33.97802],[-82.78511,33.97213],[-82.7784,33.971],[-82.77245,33.97256],[-82.76502,33.97344],[-82.76001,33.97229],[-82.75437,33.97192],[-82.7494,33.9764],[-82.74625,33.97815],[-82.74263,33.97957],[-82.73456,33.98055],[-82.72977,33.98337],[-82.72643,33.98422],[-82.71872,33.98478],[-82.70286,33.98149],[-82.7005,33.98139],[-82.69554,33.98259],[-82.67938,33.98514],[-82.66834,33.98556],[-82.66577,33.98656],[-82.65946,33.99021],[-82.6562,33.9914],[-82.65488,33.99126],[-82.64987,33.9871],[-82.64596,33.98509],[-82.64545,33.9842],[-82.64211,33.98332],[-82.64111,33.98245],[-82.6398,33.97941],[-82.64068,33.97418],[-82.63937,33.97275],[-82.6367,33.97409],[-82.63258,33.97495],[-82.63176,33.97912],[-82.63056,33.9803],[-82.6266,33.98204],[-82.62292,33.98224],[-82.61465,33.98044],[-82.612,33.98142],[-82.6097,33.98151],[-82.6071,33.9803],[-82.60217,33.97944],[-82.60133,33.97861],[-82.6004,33.97648],[-82.59507,33.97371],[-82.59344,33.97161],[-82.5904,33.97101],[-82.58893,33.96902],[-82.58537,33.96786],[-82.58165,33.96749],[-82.57806,33.9659],[-82.57691,33.96453],[-82.57514,33.96071],[-82.57384,33.95927],[-82.5679,33.95749],[-82.56641,33.95619],[-82.56446,33.95573],[-82.56558,33.95772],[-82.5662,33.96477],[-82.56759,33.96788],[-82.5696,33.97042],[-82.57416,33.97355],[-82.57691,33.97615],[-82.58027,33.98129],[-82.5806,33.98433],[-82.58012,33.98645],[-82.57823,33.98852],[-82.57557,33.99024],[-82.57539,33.9919],[-82.57672,33.9933],[-82.58424,33.99573],[-82.58784,33.99869],[-82.58925,34.00118],[-82.59267,34.01037],[-82.59531,34.01522],[-82.59575,34.01749],[-82.5956,34.02007],[-82.59379,34.02674],[-82.59446,34.0293],[-82.59601,34.03093],[-82.60058,34.03321],[-82.60942,34.03991],[-82.61108,34.04231],[-82.61301,34.0469],[-82.61916,34.05135],[-82.62028,34.05342],[-82.62129,34.05783],[-82.62464,34.06026],[-82.62663,34.06334],[-82.63095,34.06541],[-82.63499,34.06495],[-82.63899,34.06678],[-82.64149,34.06889],[-82.64366,34.07211],[-82.6454,34.07562],[-82.64537,34.07826],[-82.64444,34.08003],[-82.64302,34.08112],[-82.6406,34.08556],[-82.64017,34.08733],[-82.64102,34.08919],[-82.64101,34.09091],[-82.64242,34.09326],[-82.64784,34.09855],[-82.65026,34.09965],[-82.65371,34.10028],[-82.6565,34.10289],[-82.65873,34.10377],[-82.66001,34.10675],[-82.66193,34.10787],[-82.66453,34.11126],[-82.66634,34.11275],[-82.66734,34.11477],[-82.66856,34.12043],[-82.67522,34.12978],[-82.67698,34.13143],[-82.67873,34.13239],[-82.68629,34.13445],[-82.69039,34.13829],[-82.69215,34.13899],[-82.69553,34.13881],[-82.69976,34.13932],[-82.70413,34.14102],[-82.71533,34.1482],[-82.71746,34.15055],[-82.7209,34.1605],[-82.72477,34.16869],[-82.73145,34.17709],[-82.73222,34.18055],[-82.7317,34.19073],[-82.73212,34.19332],[-82.73331,34.19618],[-82.74058,34.20727],[-82.74188,34.21021],[-82.74234,34.21343],[-82.74026,34.21945],[-82.74436,34.22541],[-82.7441,34.2266],[-82.74201,34.22933],[-82.74303,34.23439],[-82.74335,34.23925],[-82.74443,34.242],[-82.74487,34.24492],[-82.74467,34.24646],[-82.74309,34.24798],[-82.74292,34.25107],[-82.74557,34.25407],[-82.74583,34.25836],[-82.74771,34.2607],[-82.74854,34.26313],[-82.74848,34.26432],[-82.74681,34.26659],[-82.75272,34.27319],[-82.75424,34.27579],[-82.75613,34.27656],[-82.7606,34.27982],[-82.76185,34.2818],[-82.76492,34.28174],[-82.76675,34.28232],[-82.77152,34.28605],[-82.77341,34.28886],[-82.78418,34.28439],[-82.78736,34.28458],[-82.79177,34.28339],[-82.79988,34.27894],[-82.80472,34.27884],[-82.80871,34.2773],[-82.81166,34.27737],[-82.81578,34.2761],[-82.82066,34.27327],[-82.82401,34.27054],[-82.83122,34.26917],[-82.83642,34.26968],[-82.83917,34.26937],[-82.84903,34.26463],[-82.91554,34.24768],[-82.9588,34.21854],[-82.96612,34.22049],[-82.98091,34.2115],[-82.98002,34.21007],[-82.9844,34.21137],[-82.98692,34.21348],[-82.99328,34.21678],[-82.99638,34.21911],[-82.98837,34.22444],[-82.99986,34.23107],[-83.00347,34.23127],[-83.01879,34.23409],[-83.05654,34.22806],[-83.07689,34.22242],[-83.078,34.22361],[-83.07804,34.22161],[-83.07988,34.21747],[-83.08446,34.21144],[-83.08892,34.20872],[-83.09248,34.20491],[-83.09549,34.20249],[-83.0948,34.20004],[-83.0953,34.19702],[-83.0948,34.19487],[-83.09367,34.19226],[-83.09205,34.19016],[-83.10207,34.17379],[-83.10329,34.17071]]]}},{"type":"Feature","properties":{"name":"Emanuel"},"geometry":{"type":"Polygon","coordinates":[[[-82.64773,32.51251],[-82.64121,32.50959],[-82.63777,32.50859],[-82.63269,32.50739],[-82.62382,32.50658],[-82.61865,32.50497],[-82.59955,32.50553],[-82.586,32.50669],[-82.56305,32.50571],[-82.55742,32.50175],[-82.5542,32.50046],[-82.54792,32.49891],[-82.53935,32.49857],[-82.53452,32.49716],[-82.52703,32.49773],[-82.51707,32.4996],[-82.50493,32.4979],[-82.49932,32.4983],[-82.49639,32.49757],[-82.49405,32.49588],[-82.49055,32.4965],[-82.49063,32.49511],[-82.48894,32.49183],[-82.48598,32.49142],[-82.48523,32.49227],[-82.4828,32.49212],[-82.48086,32.49141],[-82.48004,32.49041],[-82.47924,32.49072],[-82.47646,32.48944],[-82.47532,32.48938],[-82.47394,32.48855],[-82.47478,32.48747],[-82.47451,32.48682],[-82.47341,32.48575],[-82.47154,32.48531],[-82.47201,32.48373],[-82.47144,32.48384],[-82.47129,32.48322],[-82.47045,32.48358],[-82.46926,32.48228],[-82.46853,32.48263],[-82.46759,32.48148],[-82.46478,32.48005],[-82.464,32.47861],[-82.46253,32.47887],[-82.46105,32.47833],[-82.4609,32.47763],[-82.45995,32.47731],[-82.45976,32.47666],[-82.45731,32.47532],[-82.45011,32.47466],[-82.44771,32.47137],[-82.4461,32.47039],[-82.44442,32.47044],[-82.44297,32.47108],[-82.44164,32.47081],[-82.43881,32.46858],[-82.43814,32.46886],[-82.43691,32.468],[-82.43419,32.46771],[-82.43251,32.46604],[-82.4316,32.46647],[-82.43095,32.4662],[-82.43086,32.46572],[-82.42815,32.46463],[-82.4261,32.46224],[-82.42505,32.46225],[-82.42341,32.4605],[-82.42259,32.45866],[-82.42057,32.45719],[-82.41882,32.45693],[-82.41678,32.45594],[-82.41514,32.45603],[-82.41417,32.45538],[-82.41238,32.45573],[-82.40926,32.45421],[-82.40701,32.45418],[-82.40463,32.45336],[-82.40409,32.45273],[-82.40192,32.45289],[-82.39917,32.45126],[-82.3982,32.45188],[-82.39752,32.45167],[-82.39577,32.44898],[-82.39507,32.44939],[-82.3922,32.44803],[-82.39246,32.44687],[-82.39182,32.44557],[-82.38986,32.44481],[-82.39079,32.44399],[-82.38978,32.44317],[-82.38992,32.44263],[-82.38782,32.44145],[-82.38691,32.44143],[-82.38562,32.44022],[-82.38421,32.43998],[-82.38343,32.44058],[-82.38194,32.4406],[-82.38905,32.4261],[-82.39426,32.41265],[-82.39347,32.39862],[-82.39429,32.39176],[-82.39694,32.3864],[-82.40192,32.38064],[-82.40553,32.37738],[-82.40757,32.37222],[-82.41111,32.36562],[-82.41117,32.35891],[-82.41017,32.35558],[-82.40912,32.35383],[-82.4055,32.35349],[-82.40538,32.35283],[-82.40467,32.35245],[-82.40326,32.35313],[-82.40303,32.35251],[-82.40165,32.35226],[-82.40003,32.34939],[-82.40017,32.34824],[-82.39882,32.34484],[-82.39652,32.34242],[-82.39498,32.33825],[-82.39283,32.33552],[-82.39168,32.33528],[-82.38451,32.33773],[-82.38328,32.3374],[-82.38265,32.33671],[-82.37894,32.3369],[-82.37655,32.33447],[-82.37516,32.33204],[-82.37356,32.33068],[-82.37316,32.33088],[-82.37282,32.32999],[-82.37059,32.32837],[-82.37034,32.3276],[-82.36724,32.3262],[-82.36599,32.32491],[-82.36579,32.32281],[-82.36422,32.32225],[-82.36355,32.32149],[-82.3618,32.32125],[-82.36137,32.32044],[-82.35879,32.31865],[-82.35831,32.31631],[-82.35638,32.31349],[-82.35549,32.31034],[-82.3553,32.30397],[-82.35564,32.30191],[-82.35526,32.30073],[-82.35569,32.29908],[-82.35455,32.29219],[-82.34615,32.29188],[-82.32865,32.29448],[-82.32315,32.29338],[-82.27984,32.29418],[-82.26854,32.29988],[-82.26134,32.30458],[-82.24984,32.31008],[-82.23249,32.31928],[-82.2327,32.32012],[-82.23378,32.31949],[-82.23461,32.31967],[-82.23436,32.32034],[-82.23485,32.32115],[-82.23432,32.32227],[-82.23581,32.32313],[-82.23765,32.32322],[-82.23884,32.32621],[-82.23949,32.32668],[-82.23833,32.32861],[-82.23662,32.32829],[-82.23606,32.32867],[-82.23724,32.33078],[-82.24,32.33261],[-82.23853,32.33336],[-82.23899,32.33461],[-82.2376,32.33544],[-82.23836,32.338],[-82.23966,32.33858],[-82.23931,32.33972],[-82.24018,32.34103],[-82.23891,32.34261],[-82.23913,32.34394],[-82.23819,32.34412],[-82.23822,32.34462],[-82.23992,32.34586],[-82.24239,32.34643],[-82.24205,32.34746],[-82.24387,32.34836],[-82.2447,32.34828],[-82.24426,32.34718],[-82.24491,32.34663],[-82.24602,32.3486],[-82.24752,32.34815],[-82.24941,32.3491],[-82.2496,32.34802],[-82.2503,32.34792],[-82.2513,32.34994],[-82.25257,32.35001],[-82.25246,32.35095],[-82.25381,32.35043],[-82.25457,32.3515],[-82.20024,32.41647],[-82.18794,32.43357],[-82.18114,32.47407],[-82.14834,32.52043],[-82.07984,32.56006],[-82.03023,32.53877],[-82.02684,32.55516],[-82.00124,32.60691],[-82.08287,32.66332],[-82.09963,32.70485],[-82.13064,32.77915],[-82.14498,32.81274],[-82.14644,32.81337],[-82.14673,32.8148],[-82.14943,32.81496],[-82.15122,32.81431],[-82.15224,32.8153],[-82.15468,32.81582],[-82.15528,32.81558],[-82.15417,32.81441],[-82.15462,32.81414],[-82.15777,32.81603],[-82.15851,32.81501],[-82.16029,32.8151],[-82.1603,32.81378],[-82.15957,32.81351],[-82.16006,32.81295],[-82.16166,32.81323],[-82.1641,32.81212],[-82.16488,32.81262],[-82.16596,32.81249],[-82.16662,32.81127],[-82.16817,32.81082],[-82.17126,32.8127],[-82.17339,32.81242],[-82.17488,32.8133],[-82.17563,32.81244],[-82.17701,32.81248],[-82.1767,32.81173],[-82.17705,32.81136],[-82.17817,32.81222],[-82.17865,32.81093],[-82.18148,32.81111],[-82.18315,32.80963],[-82.1846,32.80981],[-82.1854,32.80842],[-82.18703,32.80943],[-82.1877,32.80842],[-82.18739,32.80704],[-82.18769,32.80675],[-82.18874,32.80696],[-82.1913,32.80612],[-82.19418,32.80694],[-82.19425,32.80812],[-82.1958,32.80919],[-82.19611,32.80822],[-82.19909,32.80743],[-82.20142,32.80467],[-82.20297,32.80395],[-82.20384,32.80505],[-82.20645,32.80449],[-82.20693,32.80544],[-82.20785,32.80564],[-82.21034,32.80436],[-82.21123,32.80425],[-82.21154,32.80471],[-82.21417,32.80371],[-82.21584,32.80472],[-82.21522,32.80564],[-82.21593,32.80814],[-82.21801,32.80821],[-82.2198,32.80924],[-82.22036,32.80886],[-82.21985,32.80813],[-82.22056,32.80803],[-82.22227,32.80995],[-82.22198,32.8107],[-82.22267,32.81135],[-82.22254,32.81234],[-82.22295,32.81269],[-82.22491,32.81246],[-82.22633,32.8131],[-82.22729,32.81241],[-82.23501,32.8147],[-82.23966,32.81243],[-82.24284,32.81315],[-82.24535,32.81583],[-82.24744,32.8164],[-82.24785,32.8174],[-82.24878,32.81754],[-82.24991,32.81856],[-82.25057,32.81856],[-82.25201,32.81729],[-82.25323,32.81753],[-82.25532,32.82043],[-82.25504,32.82178],[-82.25418,32.82255],[-82.2563,32.82399],[-82.25853,32.82386],[-82.25959,32.82441],[-82.26178,32.82326],[-82.26464,32.82459],[-82.2653,32.82616],[-82.26588,32.82638],[-82.26633,32.82596],[-82.26636,32.8246],[-82.26725,32.82453],[-82.26748,32.82521],[-82.26806,32.82528],[-82.26962,32.82428],[-82.27001,32.8235],[-82.26889,32.82244],[-82.27038,32.82115],[-82.27112,32.82107],[-82.27246,32.82169],[-82.27482,32.82429],[-82.27823,32.8257],[-82.28273,32.8258],[-82.28545,32.82637],[-82.28714,32.82516],[-82.28878,32.82656],[-82.29151,32.82585],[-82.29599,32.82677],[-82.30013,32.82582],[-82.30083,32.82676],[-82.30427,32.82712],[-82.30503,32.828],[-82.30853,32.82831],[-82.30875,32.82921],[-82.30969,32.82979],[-82.31037,32.82954],[-82.31257,32.83016],[-82.31294,32.8315],[-82.31453,32.83315],[-82.31472,32.83424],[-82.31601,32.83461],[-82.31631,32.83587],[-82.31765,32.83567],[-82.31773,32.8377],[-82.31908,32.83883],[-82.31948,32.84018],[-82.32184,32.83946],[-82.32222,32.83999],[-82.32295,32.83982],[-82.32321,32.84048],[-82.32626,32.84133],[-82.32865,32.83933],[-82.32974,32.83634],[-82.33264,32.83634],[-82.33307,32.83523],[-82.3353,32.83324],[-82.34047,32.83307],[-82.34231,32.83123],[-82.3428,32.8296],[-82.34454,32.82924],[-82.34693,32.82698],[-82.34891,32.82641],[-82.352,32.82808],[-82.35482,32.82728],[-82.3597,32.82185],[-82.36185,32.82069],[-82.36218,32.81944],[-82.36154,32.81655],[-82.36284,32.81591],[-82.36487,32.81609],[-82.36883,32.81461],[-82.37577,32.81593],[-82.37817,32.81558],[-82.3801,32.816],[-82.38477,32.8152],[-82.38597,32.81616],[-82.38679,32.81621],[-82.38815,32.81526],[-82.3919,32.81757],[-82.39424,32.81693],[-82.39731,32.81512],[-82.39875,32.81348],[-82.3995,32.81366],[-82.40028,32.81305],[-82.40383,32.81422],[-82.40586,32.81369],[-82.40885,32.81508],[-82.41321,32.81338],[-82.41558,32.81342],[-82.41707,32.81202],[-82.41901,32.81116],[-82.41935,32.81009],[-82.41864,32.80805],[-82.41888,32.80634],[-82.41817,32.80506],[-82.41902,32.80099],[-82.41704,32.79896],[-82.41472,32.79892],[-82.4135,32.7983],[-82.41181,32.79629],[-82.41187,32.79545],[-82.41094,32.79485],[-82.41134,32.79405],[-82.41089,32.79265],[-82.40896,32.7916],[-82.40894,32.79025],[-82.40806,32.78813],[-82.40874,32.78581],[-82.4094,32.78529],[-82.40906,32.78424],[-82.40724,32.78399],[-82.40605,32.78288],[-82.40344,32.78299],[-82.40231,32.78238],[-82.40059,32.78358],[-82.39956,32.78371],[-82.39835,32.7826],[-82.39843,32.7771],[-82.39939,32.77698],[-82.40024,32.77593],[-82.40183,32.77571],[-82.40373,32.77274],[-82.40552,32.77249],[-82.40625,32.77131],[-82.41057,32.76846],[-82.41147,32.76833],[-82.41389,32.77022],[-82.41747,32.77035],[-82.41839,32.76999],[-82.41912,32.7688],[-82.42062,32.76812],[-82.42162,32.76663],[-82.4243,32.76476],[-82.42613,32.76456],[-82.42875,32.76329],[-82.42984,32.76149],[-82.43415,32.76226],[-82.45275,32.72866],[-82.45305,32.72726],[-82.45275,32.71926],[-82.47076,32.71061],[-82.49943,32.68634],[-82.49814,32.68386],[-82.49717,32.68341],[-82.49725,32.68286],[-82.49671,32.68254],[-82.49688,32.6807],[-82.49615,32.67882],[-82.49545,32.6782],[-82.49538,32.67728],[-82.49383,32.67621],[-82.49328,32.67508],[-82.49185,32.67083],[-82.4911,32.66386],[-82.49032,32.66203],[-82.48526,32.65903],[-82.4788,32.65695],[-82.47767,32.6551],[-82.47598,32.6545],[-82.47583,32.65386],[-82.47435,32.65307],[-82.47422,32.65257],[-82.47335,32.65293],[-82.47047,32.65069],[-82.46982,32.65088],[-82.46935,32.64837],[-82.46872,32.64822],[-82.46771,32.64694],[-82.46662,32.64671],[-82.46385,32.64724],[-82.49292,32.63405],[-82.49892,32.64273],[-82.51772,32.63368],[-82.512,32.62516],[-82.59444,32.57916],[-82.59303,32.57629],[-82.59326,32.57508],[-82.59178,32.57395],[-82.59292,32.57325],[-82.5928,32.57211],[-82.59202,32.57162],[-82.59286,32.5701],[-82.59373,32.5699],[-82.59473,32.56678],[-82.59349,32.56557],[-82.59394,32.56436],[-82.59318,32.56377],[-82.59307,32.5618],[-82.59146,32.55935],[-82.59119,32.55769],[-82.59067,32.55758],[-82.58976,32.55613],[-82.58676,32.55511],[-82.58467,32.55071],[-82.583,32.54941],[-82.58066,32.54868],[-82.57883,32.54584],[-82.57599,32.54424],[-82.57527,32.54243],[-82.57169,32.53992],[-82.56927,32.53758],[-82.56799,32.53722],[-82.56655,32.53464],[-82.56444,32.53351],[-82.56436,32.53245],[-82.58532,32.52523],[-82.58688,32.52609],[-82.58749,32.52731],[-82.58902,32.52849],[-82.58944,32.52946],[-82.58929,32.53106],[-82.59047,32.5311],[-82.59338,32.5351],[-82.59785,32.53287],[-82.60011,32.517],[-82.60256,32.50947],[-82.60295,32.52147],[-82.62226,32.51797],[-82.62306,32.52157],[-82.62936,32.52057],[-82.63376,32.51847],[-82.63746,32.51827],[-82.64773,32.51251]]]}},{"type":"Feature","properties":{"name":"Evans"},"geometry":{"type":"Polygon","coordinates":[[[-82.02534,32.27888],[-82.01951,32.25114],[-81.9958,32.14979],[-81.99571,32.14619],[-81.99475,32.14539],[-81.98004,32.0815],[-81.91013,32.057],[-81.88894,32.0504],[-81.76174,32.0479],[-81.71866,32.08935],[-81.72213,32.09071],[-81.72353,32.09315],[-81.72379,32.09448],[-81.72704,32.09504],[-81.72701,32.09609],[-81.72582,32.09758],[-81.72713,32.09896],[-81.72938,32.09862],[-81.72999,32.09653],[-81.73166,32.09622],[-81.73241,32.09666],[-81.73335,32.09913],[-81.73573,32.10199],[-81.74002,32.10366],[-81.74126,32.10461],[-81.74555,32.10464],[-81.74834,32.10348],[-81.74964,32.10364],[-81.75056,32.10477],[-81.75235,32.10514],[-81.75272,32.10404],[-81.7533,32.10372],[-81.75486,32.10461],[-81.75681,32.10478],[-81.75696,32.10703],[-81.75765,32.10838],[-81.75411,32.11113],[-81.75407,32.11175],[-81.75788,32.11198],[-81.75803,32.11245],[-81.75705,32.11325],[-81.75675,32.11416],[-81.75742,32.11519],[-81.76083,32.11448],[-81.76204,32.11626],[-81.76405,32.11628],[-81.76397,32.11716],[-81.76121,32.11957],[-81.76278,32.12079],[-81.76614,32.12199],[-81.76518,32.12435],[-81.76725,32.12505],[-81.76802,32.12634],[-81.76725,32.12736],[-81.76879,32.12834],[-81.7712,32.13142],[-81.77306,32.13119],[-81.774,32.13223],[-81.77459,32.13162],[-81.77607,32.13142],[-81.77729,32.13194],[-81.77711,32.13272],[-81.77561,32.13277],[-81.7766,32.13382],[-81.77691,32.13549],[-81.77609,32.13668],[-81.77753,32.13739],[-81.77837,32.13908],[-81.77821,32.13972],[-81.77722,32.1402],[-81.7771,32.14137],[-81.78156,32.14774],[-81.78125,32.15135],[-81.78171,32.15227],[-81.78076,32.15315],[-81.78154,32.15393],[-81.78133,32.15429],[-81.77987,32.15394],[-81.77938,32.15441],[-81.78041,32.15642],[-81.78108,32.15679],[-81.78019,32.15703],[-81.78058,32.15791],[-81.77941,32.15862],[-81.78097,32.15932],[-81.7812,32.16054],[-81.77984,32.16224],[-81.77951,32.16208],[-81.77988,32.1613],[-81.77948,32.16116],[-81.77844,32.16244],[-81.77912,32.16424],[-81.78019,32.16464],[-81.78187,32.1666],[-81.78196,32.16787],[-81.78269,32.16863],[-81.78179,32.16962],[-81.78273,32.17184],[-81.78114,32.17182],[-81.78155,32.17248],[-81.78087,32.17534],[-81.7814,32.17585],[-81.78131,32.1765],[-81.78223,32.17609],[-81.783,32.17738],[-81.78544,32.17785],[-81.78544,32.17859],[-81.78603,32.17915],[-81.7856,32.17983],[-81.78658,32.1801],[-81.78521,32.181],[-81.78713,32.18181],[-81.78748,32.18432],[-81.78816,32.18426],[-81.78812,32.18523],[-81.78935,32.18551],[-81.78957,32.18646],[-81.79063,32.18628],[-81.78885,32.18771],[-81.78945,32.18872],[-81.79027,32.1889],[-81.79044,32.18992],[-81.79105,32.19017],[-81.79092,32.19078],[-81.79202,32.19155],[-81.79185,32.19204],[-81.79256,32.19233],[-81.79237,32.1932],[-81.79352,32.19313],[-81.79468,32.19426],[-81.79505,32.19394],[-81.7945,32.19329],[-81.7961,32.19298],[-81.79644,32.19315],[-81.79622,32.19371],[-81.79735,32.19347],[-81.79729,32.19488],[-81.79768,32.19435],[-81.7982,32.19486],[-81.79876,32.19473],[-81.79951,32.19558],[-81.79903,32.19618],[-81.80068,32.19576],[-81.8014,32.19619],[-81.80199,32.19791],[-81.8034,32.19906],[-81.8023,32.19964],[-81.80305,32.20098],[-81.80416,32.20088],[-81.80464,32.2023],[-81.804,32.20313],[-81.80469,32.20339],[-81.80484,32.20428],[-81.80614,32.20422],[-81.80662,32.20491],[-81.8066,32.20526],[-81.8056,32.20546],[-81.80676,32.20617],[-81.80562,32.20761],[-81.80692,32.20756],[-81.80604,32.20993],[-81.80442,32.21041],[-81.80429,32.2118],[-81.80552,32.21288],[-81.80443,32.21463],[-81.80556,32.21544],[-81.80586,32.21741],[-81.80501,32.21742],[-81.80533,32.21817],[-81.80478,32.21807],[-81.80374,32.21962],[-81.80558,32.22061],[-81.8068,32.22271],[-81.80914,32.22494],[-81.80969,32.22666],[-81.81132,32.22703],[-81.81211,32.22895],[-81.81393,32.23008],[-81.81387,32.23113],[-81.81193,32.23305],[-81.81628,32.23747],[-81.81783,32.23722],[-81.81852,32.238],[-81.82063,32.23849],[-81.82901,32.23849],[-81.83176,32.24038],[-81.83224,32.24139],[-81.83334,32.24209],[-81.83835,32.24196],[-81.84064,32.24109],[-81.84201,32.24106],[-81.8439,32.24353],[-81.8465,32.24487],[-81.84918,32.24847],[-81.85126,32.24803],[-81.85227,32.25087],[-81.85526,32.25299],[-81.85531,32.25502],[-81.85634,32.25709],[-81.85739,32.25739],[-81.85945,32.25591],[-81.85967,32.25512],[-81.86089,32.25536],[-81.86059,32.25675],[-81.8617,32.25778],[-81.8652,32.2595],[-81.86791,32.25923],[-81.86848,32.25999],[-81.87151,32.2615],[-81.87279,32.26289],[-81.87308,32.26427],[-81.87423,32.26502],[-81.87866,32.26672],[-81.88644,32.27169],[-81.89273,32.27478],[-81.90957,32.27505],[-81.91835,32.27464],[-81.93452,32.26973],[-81.9394,32.26932],[-81.95373,32.26682],[-81.95899,32.27033],[-81.96223,32.27181],[-81.9634,32.27174],[-81.96752,32.2676],[-81.96959,32.26936],[-81.99984,32.27619],[-82.02534,32.27888]]]}},{"type":"Feature","properties":{"name":"Fannin"},"geometry":{"type":"Polygon","coordinates":[[[-84.26106,34.98845],[-84.37491,34.98798],[-84.62148,34.98833],[-84.62275,34.85713],[-84.62059,34.85543],[-84.61864,34.8554],[-84.42275,34.85479],[-84.42259,34.85746],[-84.42139,34.85495],[-84.41968,34.85442],[-84.41742,34.84982],[-84.41589,34.85014],[-84.41218,34.84917],[-84.41168,34.84817],[-84.39812,34.84197],[-84.39717,34.84103],[-84.39575,34.84191],[-84.39494,34.84175],[-84.39498,34.84045],[-84.3957,34.83925],[-84.3935,34.8381],[-84.39087,34.83434],[-84.39053,34.83493],[-84.38973,34.83498],[-84.38618,34.83918],[-84.38491,34.83954],[-84.38417,34.83916],[-84.38141,34.83939],[-84.38281,34.83891],[-84.38235,34.83815],[-84.38314,34.83763],[-84.383,34.83702],[-84.38367,34.83625],[-84.38214,34.83562],[-84.38329,34.83467],[-84.38214,34.83345],[-84.37864,34.83292],[-84.37825,34.83379],[-84.37662,34.83357],[-84.37238,34.83129],[-84.37063,34.82925],[-84.36947,34.8299],[-84.36674,34.83035],[-84.36288,34.82644],[-84.36235,34.82842],[-84.36066,34.82698],[-84.36011,34.8277],[-84.35855,34.82718],[-84.35684,34.82544],[-84.35582,34.82633],[-84.35422,34.82502],[-84.34366,34.82478],[-84.343,34.82337],[-84.34443,34.82316],[-84.34427,34.82075],[-84.33973,34.82077],[-84.33679,34.81932],[-84.33459,34.81749],[-84.33148,34.81794],[-84.3308,34.81703],[-84.33092,34.8163],[-84.33191,34.81447],[-84.33427,34.81283],[-84.33414,34.81107],[-84.33176,34.80877],[-84.33012,34.80837],[-84.32807,34.8064],[-84.32595,34.80728],[-84.32515,34.80666],[-84.32318,34.80661],[-84.32084,34.80529],[-84.31465,34.80733],[-84.25731,34.72542],[-84.26092,34.72545],[-84.26091,34.71811],[-84.25217,34.71816],[-84.25229,34.66461],[-84.24897,34.66791],[-84.24645,34.66957],[-84.24262,34.67091],[-84.2397,34.66807],[-84.23595,34.66582],[-84.23459,34.66567],[-84.23326,34.6663],[-84.23183,34.66238],[-84.23071,34.66101],[-84.22965,34.65753],[-84.2271,34.65645],[-84.22647,34.65388],[-84.22132,34.65277],[-84.21647,34.64887],[-84.21352,34.64904],[-84.21199,34.64848],[-84.21143,34.64639],[-84.20868,34.64487],[-84.20658,34.64467],[-84.20446,34.6433],[-84.20407,34.64241],[-84.2022,34.64188],[-84.19742,34.64273],[-84.19746,34.64148],[-84.19389,34.63883],[-84.19524,34.63724],[-84.19517,34.63643],[-84.19701,34.63611],[-84.1967,34.63426],[-84.19455,34.6313],[-84.19348,34.6252],[-84.19591,34.62293],[-84.19675,34.61792],[-84.19354,34.61341],[-84.19188,34.61181],[-84.19138,34.6105],[-84.18933,34.60886],[-84.18903,34.60811],[-84.18995,34.60659],[-84.18988,34.60473],[-84.18856,34.60269],[-84.17036,34.62924],[-84.14262,34.67113],[-84.10363,34.72784],[-84.09317,34.72778],[-84.09279,34.75957],[-84.09319,34.80141],[-84.09477,34.80111],[-84.10001,34.80173],[-84.10227,34.80075],[-84.10462,34.79889],[-84.1075,34.79893],[-84.11096,34.79795],[-84.11223,34.79872],[-84.11397,34.79881],[-84.12399,34.79604],[-84.12827,34.7985],[-84.13247,34.80234],[-84.13497,34.80301],[-84.13806,34.80585],[-84.14173,34.80734],[-84.1411,34.80795],[-84.14104,34.80984],[-84.13989,34.81033],[-84.14053,34.81257],[-84.14073,34.81678],[-84.14147,34.81836],[-84.1412,34.81946],[-84.14239,34.82073],[-84.14289,34.82258],[-84.1446,34.82318],[-84.14601,34.82623],[-84.14569,34.82723],[-84.14465,34.82793],[-84.14561,34.82935],[-84.14529,34.83261],[-84.146,34.83475],[-84.14564,34.83601],[-84.1471,34.8368],[-84.14761,34.83787],[-84.14654,34.8405],[-84.14735,34.84224],[-84.14708,34.84375],[-84.14751,34.84464],[-84.14599,34.84572],[-84.1421,34.85006],[-84.14291,34.85266],[-84.14247,34.85404],[-84.13649,34.85752],[-84.13531,34.85898],[-84.13247,34.85979],[-84.13187,34.86102],[-84.12919,34.86354],[-84.12902,34.86474],[-84.12654,34.86383],[-84.11921,34.86517],[-84.11886,34.86614],[-84.11374,34.87037],[-84.11266,34.87389],[-84.11054,34.87726],[-84.11034,34.88003],[-84.10742,34.8869],[-84.10813,34.88811],[-84.1123,34.88821],[-84.11461,34.88972],[-84.11466,34.89099],[-84.11917,34.89543],[-84.12155,34.90147],[-84.12355,34.90317],[-84.12585,34.90607],[-84.12554,34.90888],[-84.12717,34.91027],[-84.1294,34.91123],[-84.13046,34.91371],[-84.13354,34.91647],[-84.1354,34.91531],[-84.13834,34.91536],[-84.13949,34.91636],[-84.14108,34.91644],[-84.14408,34.91779],[-84.14617,34.91968],[-84.14912,34.91961],[-84.14934,34.92124],[-84.15034,34.92247],[-84.15031,34.92355],[-84.15104,34.92478],[-84.1523,34.92555],[-84.15542,34.9267],[-84.16082,34.9269],[-84.16346,34.93124],[-84.16309,34.93279],[-84.16359,34.93482],[-84.16327,34.93614],[-84.16771,34.93595],[-84.17026,34.9366],[-84.17181,34.93812],[-84.17235,34.94124],[-84.17409,34.94352],[-84.17651,34.94464],[-84.17875,34.94683],[-84.17808,34.94812],[-84.1791,34.95021],[-84.17883,34.95209],[-84.17762,34.9525],[-84.17523,34.95447],[-84.17487,34.95674],[-84.17284,34.95834],[-84.1724,34.95933],[-84.17012,34.95948],[-84.16803,34.96034],[-84.16589,34.96337],[-84.16313,34.96442],[-84.16212,34.96528],[-84.16016,34.96561],[-84.15916,34.96759],[-84.1567,34.96818],[-84.15496,34.97012],[-84.15268,34.97034],[-84.1514,34.97148],[-84.15103,34.97375],[-84.14985,34.97444],[-84.14859,34.97609],[-84.14711,34.97667],[-84.14343,34.9766],[-84.14191,34.97847],[-84.14165,34.97956],[-84.13763,34.98085],[-84.13576,34.98263],[-84.13368,34.98319],[-84.1322,34.98462],[-84.1315,34.9865],[-84.12945,34.98751],[-84.23586,34.98791],[-84.26106,34.98845]]]}},{"type":"Feature","properties":{"name":"Fayette"},"geometry":{"type":"Polygon","coordinates":[[[-84.38994,33.38572],[-84.39053,33.38651],[-84.39174,33.38718],[-84.39274,33.38714],[-84.39472,33.38862],[-84.39331,33.38936],[-84.39279,33.39095],[-84.39413,33.3912],[-84.39479,33.39447],[-84.39346,33.39592],[-84.39186,33.39654],[-84.39094,33.39628],[-84.39055,33.39679],[-84.38862,33.39605],[-84.38716,33.39825],[-84.38702,33.40081],[-84.38444,33.4015],[-84.38409,33.40247],[-84.38437,33.4029],[-84.38508,33.40273],[-84.387,33.40459],[-84.38724,33.40551],[-84.38687,33.40614],[-84.3875,33.40711],[-84.38671,33.4098],[-84.3881,33.41165],[-84.39307,33.41201],[-84.39307,33.42004],[-84.40232,33.42013],[-84.4022,33.43637],[-84.39867,33.43592],[-84.39695,33.43656],[-84.39262,33.43652],[-84.39252,33.44451],[-84.38373,33.44442],[-84.38357,33.44563],[-84.38472,33.44571],[-84.38537,33.44733],[-84.38768,33.44613],[-84.3887,33.44781],[-84.38881,33.45027],[-84.38804,33.45184],[-84.38712,33.45203],[-84.38654,33.45374],[-84.38432,33.45441],[-84.38371,33.45511],[-84.3837,33.45585],[-84.38494,33.45652],[-84.38487,33.45857],[-84.38183,33.46123],[-84.38167,33.46326],[-84.38585,33.46639],[-84.38652,33.46735],[-84.38649,33.4689],[-84.38529,33.46975],[-84.38494,33.47134],[-84.38632,33.47289],[-84.38713,33.47657],[-84.3897,33.47845],[-84.39207,33.47938],[-84.39247,33.48077],[-84.39439,33.482],[-84.39617,33.48495],[-84.40614,33.49113],[-84.40974,33.49391],[-84.42065,33.49401],[-84.42043,33.50961],[-84.42563,33.51491],[-84.43353,33.52427],[-84.43378,33.52646],[-84.43319,33.53095],[-84.43476,33.54114],[-84.43945,33.55072],[-84.45867,33.55093],[-84.47283,33.54811],[-84.48782,33.54452],[-84.50787,33.54076],[-84.52951,33.53533],[-84.5306,33.5351],[-84.53064,33.53612],[-84.53165,33.53591],[-84.5317,33.53481],[-84.57611,33.52334],[-84.5828,33.52233],[-84.59422,33.51944],[-84.59566,33.51815],[-84.59755,33.5143],[-84.60004,33.51323],[-84.6019,33.5134],[-84.60385,33.5128],[-84.60656,33.51047],[-84.60758,33.50668],[-84.60664,33.50487],[-84.60993,33.50222],[-84.60955,33.50074],[-84.61106,33.50022],[-84.61261,33.49391],[-84.6149,33.48953],[-84.61676,33.48736],[-84.6169,33.48698],[-84.61641,33.48698],[-84.61789,33.48386],[-84.62016,33.48169],[-84.62243,33.48092],[-84.62417,33.4783],[-84.62511,33.47818],[-84.62618,33.47675],[-84.62677,33.47467],[-84.62572,33.47365],[-84.62453,33.47109],[-84.62326,33.47013],[-84.62322,33.46837],[-84.62461,33.46585],[-84.62674,33.46449],[-84.62644,33.46363],[-84.62539,33.46336],[-84.62507,33.46264],[-84.62702,33.46099],[-84.62681,33.4597],[-84.62556,33.45934],[-84.62515,33.45867],[-84.62667,33.45732],[-84.62616,33.45513],[-84.62661,33.45467],[-84.62686,33.45097],[-84.62614,33.44995],[-84.62505,33.44991],[-84.62441,33.44895],[-84.62483,33.44809],[-84.62604,33.4477],[-84.62632,33.44703],[-84.62632,33.44529],[-84.62571,33.44349],[-84.62649,33.44201],[-84.62628,33.44081],[-84.62722,33.44008],[-84.62579,33.43874],[-84.62557,33.43776],[-84.62603,33.43729],[-84.62524,33.43637],[-84.62355,33.43563],[-84.62277,33.4333],[-84.62304,33.43264],[-84.62248,33.43189],[-84.62276,33.43011],[-84.62142,33.42792],[-84.62109,33.42635],[-84.62019,33.42555],[-84.61968,33.42407],[-84.61999,33.42374],[-84.61921,33.42247],[-84.6197,33.4216],[-84.61925,33.41996],[-84.61979,33.4193],[-84.61969,33.41773],[-84.61889,33.41654],[-84.61844,33.41457],[-84.61969,33.41419],[-84.61908,33.41348],[-84.62009,33.41277],[-84.61903,33.41169],[-84.61847,33.40843],[-84.61718,33.40722],[-84.61549,33.40717],[-84.6131,33.40153],[-84.60912,33.40041],[-84.61034,33.39871],[-84.61018,33.39777],[-84.60945,33.39671],[-84.6067,33.39526],[-84.60876,33.39417],[-84.60909,33.39308],[-84.60782,33.39242],[-84.60734,33.39336],[-84.60618,33.39333],[-84.60687,33.3918],[-84.60429,33.39119],[-84.60149,33.38815],[-84.60127,33.38698],[-84.59911,33.38696],[-84.59784,33.38557],[-84.59762,33.38506],[-84.59833,33.38396],[-84.59729,33.38138],[-84.59676,33.38145],[-84.59672,33.38254],[-84.5948,33.38231],[-84.59407,33.38178],[-84.59351,33.37986],[-84.59273,33.37971],[-84.59281,33.37907],[-84.59214,33.3783],[-84.59235,33.37652],[-84.59289,33.37604],[-84.59277,33.37306],[-84.59176,33.37232],[-84.59232,33.37156],[-84.59148,33.37104],[-84.59177,33.37057],[-84.59085,33.37042],[-84.59122,33.36946],[-84.58999,33.36866],[-84.59132,33.36858],[-84.59127,33.3679],[-84.58916,33.3673],[-84.58779,33.36628],[-84.587,33.36487],[-84.58705,33.36413],[-84.58878,33.36264],[-84.58637,33.36063],[-84.58612,33.35795],[-84.58371,33.35669],[-84.58186,33.35662],[-84.57861,33.35899],[-84.57701,33.35856],[-84.57543,33.3572],[-84.57478,33.35494],[-84.57515,33.35436],[-84.57455,33.35324],[-84.57296,33.35177],[-84.57302,33.35099],[-84.57177,33.35064],[-84.57146,33.34856],[-84.56888,33.34823],[-84.56823,33.34702],[-84.56779,33.34704],[-84.568,33.34638],[-84.56671,33.34602],[-84.56722,33.34551],[-84.56646,33.34562],[-84.56578,33.34486],[-84.56476,33.3446],[-84.56367,33.34321],[-84.56371,33.34249],[-84.56233,33.3424],[-84.56176,33.3413],[-84.56067,33.34068],[-84.55671,33.34137],[-84.55445,33.34125],[-84.55359,33.34195],[-84.55185,33.34228],[-84.55114,33.34017],[-84.54977,33.34012],[-84.54979,33.33937],[-84.54908,33.33925],[-84.54953,33.33824],[-84.54584,33.33827],[-84.54549,33.33878],[-84.5444,33.33841],[-84.54374,33.33747],[-84.5446,33.3366],[-84.5437,33.33616],[-84.54377,33.33544],[-84.5421,33.33551],[-84.54249,33.33461],[-84.54069,33.33332],[-84.539,33.33356],[-84.53828,33.33428],[-84.53854,33.3351],[-84.53804,33.33565],[-84.53616,33.33579],[-84.53528,33.33537],[-84.53519,33.33585],[-84.53468,33.33576],[-84.53456,33.33444],[-84.5354,33.33285],[-84.53536,33.33136],[-84.53164,33.32762],[-84.53074,33.32763],[-84.5305,33.32859],[-84.52818,33.32694],[-84.5265,33.32156],[-84.52537,33.3207],[-84.52452,33.32138],[-84.52322,33.31954],[-84.52158,33.3186],[-84.51824,33.31833],[-84.51794,33.31579],[-84.52016,33.31543],[-84.52146,33.31432],[-84.52191,33.31326],[-84.52043,33.31264],[-84.52071,33.31089],[-84.52007,33.3085],[-84.51857,33.30795],[-84.5166,33.3058],[-84.51634,33.30474],[-84.51468,33.30367],[-84.51552,33.30007],[-84.51704,33.29859],[-84.51738,33.29713],[-84.51862,33.29702],[-84.51823,33.29631],[-84.51708,33.296],[-84.51717,33.29523],[-84.51787,33.29514],[-84.51718,33.29398],[-84.51748,33.29316],[-84.51643,33.29175],[-84.51554,33.29169],[-84.51555,33.2908],[-84.5147,33.29036],[-84.51286,33.28639],[-84.51286,33.28583],[-84.51349,33.28569],[-84.5126,33.28294],[-84.51355,33.28281],[-84.51258,33.28086],[-84.51221,33.28063],[-84.51205,33.28166],[-84.51128,33.28201],[-84.50854,33.28104],[-84.50737,33.28193],[-84.50709,33.28276],[-84.50619,33.28291],[-84.50531,33.28233],[-84.5051,33.28114],[-84.50443,33.28097],[-84.50468,33.27984],[-84.50614,33.2786],[-84.50746,33.27881],[-84.50734,33.27809],[-84.50651,33.2779],[-84.50708,33.27705],[-84.50672,33.27523],[-84.50597,33.27411],[-84.50493,33.27445],[-84.50424,33.27325],[-84.50307,33.27284],[-84.50295,33.27216],[-84.50361,33.27144],[-84.50387,33.27004],[-84.50312,33.27023],[-84.50257,33.26973],[-84.50134,33.26772],[-84.50081,33.26557],[-84.50015,33.26504],[-84.50199,33.2631],[-84.50217,33.26142],[-84.50052,33.25943],[-84.49908,33.25915],[-84.49753,33.25742],[-84.43291,33.2565],[-84.43326,33.25728],[-84.43232,33.25822],[-84.43338,33.26161],[-84.43282,33.26338],[-84.43131,33.26317],[-84.43071,33.26581],[-84.43115,33.26695],[-84.43041,33.2685],[-84.43177,33.27171],[-84.4316,33.27234],[-84.43046,33.2724],[-84.42998,33.27292],[-84.43085,33.27351],[-84.43033,33.27501],[-84.4308,33.27582],[-84.42851,33.27568],[-84.42925,33.27677],[-84.42778,33.27751],[-84.42646,33.27892],[-84.42687,33.27941],[-84.4259,33.2799],[-84.42657,33.2807],[-84.42461,33.28244],[-84.42289,33.28645],[-84.42197,33.2868],[-84.42035,33.28654],[-84.4191,33.28727],[-84.42042,33.29075],[-84.42016,33.29194],[-84.41886,33.29156],[-84.41846,33.29189],[-84.41934,33.29263],[-84.4191,33.29355],[-84.41586,33.29264],[-84.41499,33.29322],[-84.41332,33.29232],[-84.41346,33.29357],[-84.41284,33.29458],[-84.41182,33.29367],[-84.41074,33.29384],[-84.41052,33.29457],[-84.40859,33.29406],[-84.40852,33.29552],[-84.40747,33.29655],[-84.40837,33.29842],[-84.4064,33.29935],[-84.40546,33.30229],[-84.40273,33.30544],[-84.3985,33.30423],[-84.39793,33.30275],[-84.39838,33.30143],[-84.39703,33.30157],[-84.39674,33.30294],[-84.39488,33.3041],[-84.39552,33.3055],[-84.3945,33.30769],[-84.39281,33.30806],[-84.39317,33.30853],[-84.39284,33.31278],[-84.39366,33.31455],[-84.39326,33.31686],[-84.39227,33.31715],[-84.39173,33.31638],[-84.39024,33.31625],[-84.38893,33.31536],[-84.38757,33.31576],[-84.3868,33.31628],[-84.38595,33.3185],[-84.38403,33.31961],[-84.38552,33.32171],[-84.38442,33.32412],[-84.38561,33.32483],[-84.38479,33.32729],[-84.38548,33.3278],[-84.38584,33.32952],[-84.38718,33.33016],[-84.38721,33.33086],[-84.3866,33.33142],[-84.38902,33.33188],[-84.38904,33.33303],[-84.39011,33.33334],[-84.39053,33.33438],[-84.38851,33.33578],[-84.38932,33.33624],[-84.3896,33.33717],[-84.38873,33.33934],[-84.38737,33.33878],[-84.38585,33.33891],[-84.38677,33.33987],[-84.38596,33.34125],[-84.38528,33.34087],[-84.38442,33.33921],[-84.38341,33.33897],[-84.38304,33.34021],[-84.38378,33.34078],[-84.38276,33.34179],[-84.38277,33.34313],[-84.38433,33.34588],[-84.38583,33.35027],[-84.38679,33.3508],[-84.38907,33.35364],[-84.38855,33.3546],[-84.38858,33.35634],[-84.39015,33.35668],[-84.39148,33.35845],[-84.39507,33.36026],[-84.3948,33.36221],[-84.39357,33.36377],[-84.39344,33.36608],[-84.39258,33.36615],[-84.39247,33.3666],[-84.39618,33.36866],[-84.39447,33.36974],[-84.39623,33.37352],[-84.39453,33.37412],[-84.39106,33.37424],[-84.38655,33.37596],[-84.38653,33.37664],[-84.38718,33.37702],[-84.38725,33.37993],[-84.3878,33.38003],[-84.38802,33.3792],[-84.38845,33.37918],[-84.39046,33.3819],[-84.38994,33.38572]]]}},{"type":"Feature","properties":{"name":"Floyd"},"geometry":{"type":"Polygon","coordinates":[[[-85.02322,34.30526],[-85.0231,34.34711],[-85.00524,34.34708],[-85.00578,34.39245],[-85.01893,34.39232],[-85.02056,34.3911],[-85.02389,34.39179],[-85.02361,34.39224],[-85.02703,34.39399],[-85.02687,34.39964],[-85.03172,34.39965],[-85.03171,34.40135],[-85.08676,34.40126],[-85.10028,34.40424],[-85.10382,34.40405],[-85.10535,34.40534],[-85.10777,34.41094],[-85.1074,34.41511],[-85.10612,34.41686],[-85.10378,34.41804],[-85.10106,34.42093],[-85.09913,34.42218],[-85.09302,34.42325],[-85.08951,34.42447],[-85.08871,34.42502],[-85.08883,34.42555],[-85.09011,34.4257],[-85.09016,34.42642],[-85.08831,34.42713],[-85.08975,34.42769],[-85.08987,34.42833],[-85.08924,34.42875],[-85.0906,34.42948],[-85.09134,34.4314],[-85.09325,34.43242],[-85.09319,34.43316],[-85.09222,34.4336],[-85.09386,34.43663],[-85.09569,34.43798],[-85.09438,34.44008],[-85.09554,34.44133],[-85.09638,34.44122],[-85.09777,34.44258],[-85.09901,34.44234],[-85.10187,34.44438],[-85.10192,34.44634],[-85.1,34.44802],[-85.09984,34.44896],[-85.10175,34.4512],[-85.10223,34.45309],[-85.1066,34.45657],[-85.10731,34.45644],[-85.10777,34.45709],[-85.10767,34.45811],[-85.1088,34.45864],[-85.10912,34.45984],[-85.11011,34.45975],[-85.11232,34.4617],[-85.1114,34.46338],[-85.09007,34.46353],[-85.09,34.54191],[-85.06351,34.54255],[-85.06417,34.57489],[-85.06929,34.57504],[-85.06916,34.58718],[-85.10775,34.58748],[-85.10975,34.58238],[-85.11455,34.57478],[-85.11505,34.57158],[-85.11645,34.56998],[-85.11965,34.56348],[-85.12465,34.55088],[-85.12915,34.54429],[-85.12995,34.54189],[-85.13225,34.53919],[-85.14495,34.51999],[-85.14585,34.51739],[-85.14765,34.51498],[-85.15225,34.50139],[-85.15656,34.49554],[-85.15914,34.48927],[-85.16115,34.48049],[-85.161,34.47864],[-85.16285,34.47232],[-85.1644,34.46943],[-85.17009,34.45465],[-85.17717,34.44503],[-85.17881,34.44095],[-85.17894,34.43853],[-85.18034,34.43734],[-85.18055,34.436],[-85.20279,34.43153],[-85.2047,34.42933],[-85.21508,34.42959],[-85.21457,34.42281],[-85.21805,34.42265],[-85.22231,34.42081],[-85.22244,34.41553],[-85.24134,34.41552],[-85.24145,34.40826],[-85.24909,34.4082],[-85.24921,34.40173],[-85.2508,34.40153],[-85.25126,34.40243],[-85.25221,34.40261],[-85.25748,34.40047],[-85.25927,34.39898],[-85.26366,34.39865],[-85.2654,34.39564],[-85.2674,34.3949],[-85.26884,34.39501],[-85.27229,34.39335],[-85.27391,34.39378],[-85.27693,34.39216],[-85.28021,34.38954],[-85.28143,34.38973],[-85.28365,34.38851],[-85.28661,34.388],[-85.28751,34.38735],[-85.28806,34.3877],[-85.29015,34.38719],[-85.29068,34.3866],[-85.29196,34.3865],[-85.29448,34.38535],[-85.29946,34.3847],[-85.3017,34.38271],[-85.30591,34.38181],[-85.3085,34.38015],[-85.31385,34.3784],[-85.31712,34.37645],[-85.32263,34.37566],[-85.33488,34.36975],[-85.33709,34.36755],[-85.33887,34.36383],[-85.34155,34.36108],[-85.34367,34.35973],[-85.34898,34.35368],[-85.35199,34.348],[-85.35369,34.3461],[-85.36062,34.33942],[-85.3632,34.33902],[-85.36639,34.33173],[-85.36948,34.32756],[-85.36929,34.32637],[-85.37285,34.3226],[-85.37324,34.319],[-85.37526,34.31708],[-85.37561,34.31481],[-85.37711,34.31148],[-85.37939,34.30906],[-85.38282,34.30328],[-85.3828,34.30144],[-85.38239,34.30091],[-85.37896,34.2988],[-85.37839,34.29736],[-85.37881,34.29622],[-85.38303,34.29192],[-85.38735,34.2861],[-85.46221,34.28639],[-85.42947,34.1251],[-85.42822,34.1144],[-85.42185,34.08082],[-85.25807,34.07913],[-85.25762,34.10067],[-85.21004,34.10032],[-85.21003,34.09762],[-85.15736,34.09727],[-85.15752,34.08346],[-85.12247,34.08314],[-85.12196,34.09675],[-85.04687,34.09641],[-85.04466,34.21362],[-85.02381,34.21339],[-85.02395,34.2512],[-85.01561,34.25113],[-85.01553,34.25821],[-85.02389,34.25829],[-85.02322,34.30526]]]}},{"type":"Feature","properties":{"name":"Forsyth"},"geometry":{"type":"Polygon","coordinates":[[[-84.25858,34.28821],[-84.25901,34.10956],[-84.25534,34.10802],[-84.25409,34.10429],[-84.2502,34.10464],[-84.24165,34.10153],[-84.23541,34.10135],[-84.23358,34.09847],[-84.23054,34.09665],[-84.22899,34.09666],[-84.22524,34.0979],[-84.22277,34.09982],[-84.22116,34.10039],[-84.2181,34.10027],[-84.21376,34.09914],[-84.21204,34.09792],[-84.20971,34.09409],[-84.20599,34.09069],[-84.19985,34.08999],[-84.19123,34.08675],[-84.18562,34.08258],[-84.18435,34.07903],[-84.17999,34.0734],[-84.17888,34.07106],[-84.17765,34.06994],[-84.17058,34.06866],[-84.16285,34.06645],[-84.1592,34.06267],[-84.14362,34.05537],[-84.14112,34.0551],[-84.13543,34.05688],[-84.13315,34.05706],[-84.12318,34.05269],[-84.11716,34.05126],[-84.09784,34.05071],[-84.09814,34.05158],[-84.10036,34.05326],[-84.10386,34.05366],[-84.10689,34.0553],[-84.10868,34.05717],[-84.11129,34.06264],[-84.11496,34.06525],[-84.1178,34.06531],[-84.11786,34.06744],[-84.11566,34.07308],[-84.11331,34.07663],[-84.11382,34.0852],[-84.1133,34.08704],[-84.1099,34.09254],[-84.11039,34.09622],[-84.11011,34.09805],[-84.10681,34.10031],[-84.1054,34.10222],[-84.10261,34.10379],[-84.10163,34.10508],[-84.10133,34.1068],[-84.10207,34.11251],[-84.10162,34.11643],[-84.09801,34.11878],[-84.09761,34.12284],[-84.0947,34.12428],[-84.09334,34.12624],[-84.09328,34.12822],[-84.09481,34.13222],[-84.09158,34.13442],[-84.08848,34.13908],[-84.08591,34.1418],[-84.08512,34.14339],[-84.08652,34.14634],[-84.08615,34.14769],[-84.07928,34.15596],[-84.07615,34.1581],[-84.0762,34.16124],[-84.07539,34.16294],[-84.07397,34.16403],[-84.06606,34.16639],[-84.06243,34.1682],[-84.06116,34.17115],[-84.06067,34.17365],[-84.05899,34.17686],[-84.05891,34.18198],[-84.05786,34.18314],[-84.05415,34.1855],[-84.05225,34.18848],[-84.04871,34.19122],[-84.03902,34.19426],[-84.02992,34.19533],[-84.02307,34.19478],[-84.01561,34.19179],[-84.01146,34.19102],[-84.00685,34.19233],[-84.00389,34.19544],[-84.00274,34.19582],[-84.00123,34.19587],[-83.99621,34.19385],[-83.99439,34.19373],[-83.99152,34.19442],[-83.98906,34.19573],[-83.98484,34.20022],[-83.9824,34.2044],[-83.98002,34.21121],[-83.97835,34.2136],[-83.97725,34.21401],[-83.97267,34.21409],[-83.96793,34.2152],[-83.96633,34.21664],[-83.9646,34.21998],[-83.96457,34.22155],[-83.9656,34.22221],[-83.96876,34.22205],[-83.97025,34.22274],[-83.97235,34.22598],[-83.97181,34.22813],[-83.96837,34.23],[-83.96104,34.23265],[-83.95782,34.23531],[-83.95049,34.23929],[-83.94936,34.24051],[-83.94897,34.24384],[-83.95008,34.24786],[-83.95113,34.25011],[-83.95311,34.25175],[-83.95359,34.25323],[-83.9528,34.2573],[-83.95048,34.26188],[-83.95086,34.26312],[-83.95402,34.26686],[-83.95332,34.26904],[-83.95149,34.27038],[-83.9426,34.27476],[-83.93722,34.27591],[-83.93217,34.27849],[-83.92743,34.27929],[-83.92624,34.28177],[-83.92553,34.28571],[-83.92597,34.28704],[-83.92816,34.28965],[-83.93117,34.29111],[-83.93215,34.29008],[-83.93122,34.28747],[-83.93137,34.28562],[-83.93262,34.28493],[-83.93415,34.28605],[-83.93475,34.28775],[-83.9349,34.29161],[-83.93629,34.2947],[-83.93457,34.296],[-83.93156,34.29652],[-83.93136,34.2978],[-83.93178,34.29826],[-83.93645,34.29942],[-83.93957,34.29877],[-83.9403,34.29747],[-83.93966,34.29274],[-83.93996,34.29214],[-83.941,34.29179],[-83.9417,34.29208],[-83.94348,34.29472],[-83.94686,34.29779],[-83.94604,34.29922],[-83.9428,34.30119],[-83.94262,34.30202],[-83.94508,34.3068],[-83.95263,34.31538],[-83.95335,34.31763],[-83.95066,34.32305],[-83.94576,34.32422],[-83.94563,34.32479],[-83.94659,34.32668],[-83.94547,34.32873],[-83.94557,34.3294],[-83.94755,34.33033],[-83.95281,34.33101],[-83.95619,34.33272],[-83.95708,34.33401],[-83.9741,34.33416],[-84.25807,34.33516],[-84.25858,34.28821]]]}},{"type":"Feature","properties":{"name":"Franklin"},"geometry":{"type":"Polygon","coordinates":[[[-83.16625,34.24234],[-83.11578,34.27204],[-83.10593,34.27891],[-83.09471,34.34702],[-83.10706,34.34467],[-83.09424,34.4159],[-83.05138,34.49398],[-83.05286,34.49533],[-83.05327,34.49635],[-83.05306,34.5009],[-83.05367,34.50231],[-83.05552,34.50332],[-83.05799,34.50367],[-83.0658,34.50104],[-83.06881,34.50186],[-83.0721,34.50373],[-83.07645,34.50779],[-83.07751,34.50955],[-83.07841,34.51308],[-83.07925,34.51412],[-83.08724,34.51618],[-83.08705,34.51715],[-83.08585,34.51851],[-83.08178,34.52174],[-83.07791,34.52377],[-83.07826,34.52524],[-83.08469,34.53069],[-83.08782,34.53208],[-83.09032,34.53214],[-83.0927,34.53289],[-83.09749,34.53154],[-83.1021,34.5321],[-83.10305,34.53297],[-83.10367,34.53662],[-83.1518,34.49847],[-83.17784,34.47702],[-83.20955,34.47609],[-83.25759,34.4738],[-83.37305,34.47022],[-83.38574,34.46516],[-83.39805,34.461],[-83.39671,34.46064],[-83.39795,34.45962],[-83.39032,34.44506],[-83.38848,34.44073],[-83.38698,34.43518],[-83.38256,34.42904],[-83.38279,34.39273],[-83.38394,34.39123],[-83.38429,34.38953],[-83.3851,34.38839],[-83.38712,34.37948],[-83.38756,34.3707],[-83.39392,34.3248],[-83.36953,34.29742],[-83.36457,34.29121],[-83.33962,34.26431],[-83.33794,34.26155],[-83.33921,34.25597],[-83.34126,34.25201],[-83.34096,34.24896],[-83.34406,34.24564],[-83.34317,34.23909],[-83.34443,34.23826],[-83.34697,34.23811],[-83.35066,34.23479],[-83.35406,34.22792],[-83.35527,34.22374],[-83.35237,34.22403],[-83.35135,34.22543],[-83.35018,34.22611],[-83.34943,34.22831],[-83.34726,34.23041],[-83.34571,34.23274],[-83.34446,34.2362],[-83.33794,34.23746],[-83.33641,34.23829],[-83.3339,34.24115],[-83.33176,34.24565],[-83.32845,34.24883],[-83.32599,34.24933],[-83.32439,34.24882],[-83.31959,34.25257],[-83.31698,34.25278],[-83.3139,34.25451],[-83.31356,34.25505],[-83.31446,34.25615],[-83.31353,34.2592],[-83.31238,34.2593],[-83.31174,34.25856],[-83.31003,34.25956],[-83.30952,34.25881],[-83.3083,34.25883],[-83.30552,34.26002],[-83.30303,34.26236],[-83.29758,34.26457],[-83.29569,34.26259],[-83.29379,34.263],[-83.29296,34.26265],[-83.28974,34.25964],[-83.28933,34.25756],[-83.28649,34.25331],[-83.28383,34.25392],[-83.2764,34.25445],[-83.27561,34.2535],[-83.27604,34.25172],[-83.27503,34.25098],[-83.27527,34.25013],[-83.27386,34.24993],[-83.27326,34.24896],[-83.2706,34.24913],[-83.26755,34.24866],[-83.26518,34.24718],[-83.26195,34.24801],[-83.25465,34.24755],[-83.25211,34.24666],[-83.25189,34.24461],[-83.25075,34.24337],[-83.25021,34.2436],[-83.24988,34.24499],[-83.24811,34.24414],[-83.24619,34.24474],[-83.24312,34.24371],[-83.24088,34.24181],[-83.23737,34.24191],[-83.23702,34.24238],[-83.23904,34.24642],[-83.23787,34.24775],[-83.23668,34.24814],[-83.2342,34.24659],[-83.22701,34.24582],[-83.22407,34.24385],[-83.22197,34.24427],[-83.2215,34.24553],[-83.21912,34.24562],[-83.21652,34.24653],[-83.21422,34.24548],[-83.21454,34.24384],[-83.21401,34.24315],[-83.21333,34.24377],[-83.21128,34.24421],[-83.20899,34.24403],[-83.20597,34.24655],[-83.20283,34.24834],[-83.20033,34.24703],[-83.19747,34.24665],[-83.1947,34.24705],[-83.19381,34.24604],[-83.19135,34.24466],[-83.18035,34.2399],[-83.17545,34.23967],[-83.17275,34.23852],[-83.16625,34.24234]]]}},{"type":"Feature","properties":{"name":"Fulton"},"geometry":{"type":"Polygon","coordinates":[[[-84.45808,33.61618],[-84.45788,33.64887],[-84.45309,33.64887],[-84.4531,33.6411],[-84.4483,33.6411],[-84.4484,33.6467],[-84.4458,33.6467],[-84.44577,33.64881],[-84.34988,33.64794],[-84.34741,33.96811],[-84.34684,33.96811],[-84.34674,33.96632],[-84.34617,33.96598],[-84.33963,33.97001],[-84.33879,33.96938],[-84.3389,33.9697],[-84.33681,33.97091],[-84.32648,33.96755],[-84.32012,33.96737],[-84.31709,33.96613],[-84.31329,33.9654],[-84.30086,33.95948],[-84.29411,33.95972],[-84.28427,33.95638],[-84.28037,33.95605],[-84.2772,33.95783],[-84.27412,33.9583],[-84.27302,33.9594],[-84.2725,33.95884],[-84.26874,33.9616],[-84.26762,33.96378],[-84.26022,33.96755],[-84.25809,33.96818],[-84.26085,33.9707],[-84.26274,33.97353],[-84.26193,33.97455],[-84.26156,33.97648],[-84.26334,33.9833],[-84.26317,33.98639],[-84.26228,33.9874],[-84.26094,33.98766],[-84.25671,33.98602],[-84.25407,33.98642],[-84.24975,33.99213],[-84.24975,33.9962],[-84.24832,33.99826],[-84.23804,33.99986],[-84.22732,34.00406],[-84.21957,34.00347],[-84.21292,34.0039],[-84.20654,33.99982],[-84.20363,33.99861],[-84.20209,33.99704],[-84.20164,33.9941],[-84.20282,33.99284],[-84.20496,33.99189],[-84.20507,33.99067],[-84.20441,33.98975],[-84.20284,33.98935],[-84.19267,33.99084],[-84.18581,33.99411],[-84.18088,33.99871],[-84.17995,34.00099],[-84.17996,34.00654],[-84.17506,34.02093],[-84.17295,34.02431],[-84.16898,34.0284],[-84.16206,34.02964],[-84.15713,34.03243],[-84.15323,34.03072],[-84.14753,34.02984],[-84.14277,34.02966],[-84.13495,34.03113],[-84.12865,34.03313],[-84.12283,34.03353],[-84.11665,34.03618],[-84.11543,34.03723],[-84.11388,34.04024],[-84.11189,34.04201],[-84.10535,34.04601],[-84.10064,34.04727],[-84.09767,34.05005],[-84.09769,34.05071],[-84.1178,34.05138],[-84.12318,34.05269],[-84.13292,34.05703],[-84.13543,34.05688],[-84.14112,34.0551],[-84.14362,34.05537],[-84.1592,34.06267],[-84.16285,34.06645],[-84.17058,34.06866],[-84.17765,34.06994],[-84.17888,34.07106],[-84.17999,34.0734],[-84.18435,34.07903],[-84.18562,34.08258],[-84.19123,34.08675],[-84.19985,34.08999],[-84.20599,34.09069],[-84.20971,34.09409],[-84.21204,34.09792],[-84.21376,34.09914],[-84.2181,34.10027],[-84.22116,34.10039],[-84.22277,34.09982],[-84.22524,34.0979],[-84.23026,34.09661],[-84.2333,34.0982],[-84.23541,34.10135],[-84.24165,34.10153],[-84.2502,34.10464],[-84.25409,34.10429],[-84.25534,34.10802],[-84.25901,34.10956],[-84.25869,34.18591],[-84.32864,34.18617],[-84.33114,34.18465],[-84.33736,34.17874],[-84.34111,34.17767],[-84.34236,34.17644],[-84.34532,34.17655],[-84.34709,34.17601],[-84.35227,34.17689],[-84.35617,34.17457],[-84.35521,34.1722],[-84.35636,34.16825],[-84.35832,34.16482],[-84.36074,34.16235],[-84.35904,34.15762],[-84.35691,34.15491],[-84.35771,34.15362],[-84.36013,34.15287],[-84.36047,34.15165],[-84.35885,34.14857],[-84.36017,34.14561],[-84.36,34.1437],[-84.35885,34.1409],[-84.35956,34.13865],[-84.36065,34.13791],[-84.36144,34.13652],[-84.3601,34.13498],[-84.35977,34.13186],[-84.36029,34.12933],[-84.36111,34.1287],[-84.36073,34.12751],[-84.36192,34.12431],[-84.3653,34.1224],[-84.36919,34.12294],[-84.37091,34.12255],[-84.37682,34.11946],[-84.38024,34.1189],[-84.38814,34.11987],[-84.38858,34.11803],[-84.39207,34.11747],[-84.39225,34.11573],[-84.39295,34.11491],[-84.39386,34.1146],[-84.3941,34.11544],[-84.39495,34.11539],[-84.39584,34.11309],[-84.39858,34.11206],[-84.39964,34.11092],[-84.39937,34.10986],[-84.39985,34.10957],[-84.40232,34.10962],[-84.40423,34.1104],[-84.40593,34.10969],[-84.40644,34.10892],[-84.4088,34.10898],[-84.41097,34.1079],[-84.41166,34.10811],[-84.41271,34.10974],[-84.41431,34.11036],[-84.41843,34.10904],[-84.41913,34.05517],[-84.41855,34.05447],[-84.41853,34.05341],[-84.4168,34.05163],[-84.41481,34.05075],[-84.41418,34.04995],[-84.41311,34.05014],[-84.41315,34.04928],[-84.41222,34.04939],[-84.41216,34.05009],[-84.41098,34.04954],[-84.41049,34.04639],[-84.41165,34.04392],[-84.41161,34.04285],[-84.41118,34.04187],[-84.41052,34.04184],[-84.40937,34.04068],[-84.40896,34.0387],[-84.4071,34.03637],[-84.40668,34.03609],[-84.40539,34.03741],[-84.40214,34.03512],[-84.40391,34.03337],[-84.40399,34.03228],[-84.40289,34.03223],[-84.40276,34.03186],[-84.40325,34.03171],[-84.40253,34.03165],[-84.40121,34.03017],[-84.40056,34.02719],[-84.40079,34.02606],[-84.40167,34.02534],[-84.40134,34.02425],[-84.39986,34.02443],[-84.39816,34.02198],[-84.3997,34.02007],[-84.39909,34.01731],[-84.39798,34.01642],[-84.39842,34.0165],[-84.39848,34.01581],[-84.40124,34.01423],[-84.39999,34.01335],[-84.401,34.01282],[-84.40102,34.01194],[-84.39937,34.01061],[-84.39915,34.00993],[-84.40061,34.00959],[-84.40083,34.00826],[-84.40026,34.00774],[-84.39797,34.00836],[-84.39631,34.00812],[-84.39717,34.0073],[-84.39717,34.00629],[-84.39641,34.00512],[-84.39531,34.00487],[-84.39398,34.00193],[-84.39246,34.00102],[-84.39245,34.00012],[-84.39292,33.99968],[-84.38952,33.99831],[-84.38762,33.99685],[-84.38997,33.99537],[-84.38979,33.99483],[-84.38743,33.99383],[-84.38678,33.99267],[-84.38347,33.99283],[-84.38017,33.99161],[-84.37581,33.98848],[-84.37467,33.98618],[-84.37544,33.98403],[-84.37512,33.97854],[-84.37626,33.97541],[-84.37801,33.97319],[-84.37931,33.97257],[-84.38278,33.97216],[-84.38446,33.97108],[-84.38458,33.9691],[-84.38387,33.96799],[-84.38375,33.96629],[-84.38278,33.96574],[-84.38304,33.96383],[-84.38948,33.95704],[-84.39342,33.95405],[-84.39776,33.95156],[-84.40209,33.94667],[-84.41775,33.93208],[-84.42757,33.92695],[-84.43111,33.92448],[-84.43666,33.92278],[-84.43946,33.91717],[-84.44722,33.91127],[-84.44754,33.90784],[-84.44579,33.90604],[-84.44169,33.89996],[-84.44387,33.89541],[-84.44306,33.89283],[-84.44153,33.89132],[-84.44155,33.89079],[-84.44224,33.88908],[-84.44431,33.88718],[-84.4443,33.88597],[-84.44316,33.88356],[-84.44345,33.87886],[-84.44747,33.87655],[-84.45169,33.87257],[-84.45204,33.86921],[-84.45514,33.86645],[-84.45618,33.86449],[-84.45604,33.8634],[-84.45423,33.86019],[-84.45447,33.85873],[-84.45887,33.85451],[-84.46022,33.85254],[-84.45885,33.8489],[-84.4587,33.84701],[-84.46045,33.84228],[-84.4607,33.8398],[-84.45863,33.8344],[-84.45519,33.82889],[-84.45502,33.82792],[-84.45638,33.82532],[-84.4576,33.82465],[-84.45908,33.82471],[-84.46275,33.8269],[-84.46563,33.82759],[-84.46972,33.82704],[-84.47184,33.82563],[-84.47848,33.81979],[-84.48076,33.81705],[-84.48356,33.81502],[-84.48578,33.81383],[-84.48967,33.81302],[-84.49151,33.81208],[-84.50005,33.80376],[-84.50296,33.79935],[-84.50955,33.79382],[-84.51661,33.78963],[-84.52487,33.78593],[-84.53104,33.78211],[-84.53406,33.77847],[-84.53768,33.77157],[-84.53884,33.77028],[-84.5452,33.76719],[-84.55489,33.76106],[-84.56155,33.75589],[-84.57284,33.74588],[-84.5751,33.74445],[-84.57756,33.74395],[-84.57896,33.74293],[-84.58321,33.73611],[-84.58495,33.73097],[-84.58609,33.72945],[-84.58802,33.72864],[-84.59117,33.7295],[-84.59369,33.72938],[-84.59945,33.72625],[-84.60183,33.72405],[-84.60259,33.71995],[-84.6053,33.71688],[-84.60748,33.71327],[-84.61523,33.70998],[-84.6214,33.7044],[-84.62689,33.703],[-84.63171,33.70098],[-84.63287,33.69899],[-84.63139,33.69659],[-84.63028,33.69277],[-84.63055,33.69112],[-84.63214,33.68837],[-84.63665,33.68559],[-84.64051,33.68395],[-84.64214,33.68388],[-84.64557,33.68556],[-84.64798,33.68599],[-84.65012,33.68566],[-84.65196,33.68441],[-84.65273,33.68361],[-84.65388,33.67553],[-84.65207,33.67075],[-84.65193,33.66791],[-84.65466,33.66159],[-84.65732,33.65863],[-84.66167,33.65688],[-84.66571,33.65702],[-84.67484,33.65637],[-84.68755,33.65047],[-84.70584,33.64787],[-84.7102,33.64672],[-84.71464,33.64293],[-84.71862,33.64123],[-84.72472,33.63952],[-84.72966,33.63685],[-84.73102,33.63493],[-84.73139,33.63138],[-84.73249,33.62895],[-84.73529,33.62502],[-84.73841,33.62329],[-84.74007,33.62321],[-84.74249,33.62398],[-84.74391,33.62716],[-84.74837,33.63152],[-84.75044,33.63207],[-84.75227,33.63138],[-84.75298,33.63058],[-84.75336,33.62761],[-84.75729,33.62269],[-84.76227,33.6152],[-84.76497,33.61363],[-84.77247,33.6113],[-84.77556,33.6097],[-84.78243,33.60478],[-84.78665,33.60082],[-84.79056,33.59849],[-84.79585,33.59635],[-84.80131,33.5902],[-84.80618,33.58594],[-84.80813,33.58071],[-84.80898,33.57468],[-84.81016,33.57189],[-84.81166,33.57068],[-84.81553,33.56926],[-84.82222,33.56538],[-84.82558,33.5623],[-84.82803,33.55359],[-84.83265,33.54846],[-84.83317,33.5471],[-84.83306,33.54575],[-84.83118,33.54352],[-84.8261,33.54014],[-84.82144,33.5309],[-84.81752,33.52742],[-84.81528,33.52452],[-84.81475,33.52283],[-84.81552,33.52105],[-84.82034,33.51716],[-84.82805,33.51338],[-84.83275,33.51316],[-84.84175,33.51479],[-84.84447,33.51476],[-84.84913,33.51308],[-84.85116,33.51106],[-84.72876,33.51068],[-84.71109,33.51075],[-84.71109,33.51141],[-84.68994,33.51161],[-84.67999,33.51149],[-84.67999,33.51092],[-84.67239,33.51096],[-84.67229,33.50973],[-84.67098,33.50977],[-84.67088,33.51099],[-84.67001,33.51102],[-84.66999,33.51154],[-84.66654,33.51161],[-84.66565,33.51108],[-84.66563,33.51165],[-84.664,33.51166],[-84.62131,33.51129],[-84.62113,33.50313],[-84.61637,33.50315],[-84.61634,33.50252],[-84.60907,33.50266],[-84.60664,33.50487],[-84.60758,33.50668],[-84.60656,33.51047],[-84.60385,33.5128],[-84.6019,33.5134],[-84.60004,33.51323],[-84.59755,33.5143],[-84.59566,33.51815],[-84.59422,33.51944],[-84.5828,33.52233],[-84.57611,33.52334],[-84.5317,33.53481],[-84.53165,33.53591],[-84.53064,33.53612],[-84.5306,33.5351],[-84.50787,33.54076],[-84.48782,33.54452],[-84.45867,33.55093],[-84.45808,33.61618]]]}},{"type":"Feature","properties":{"name":"Gilmer"},"geometry":{"type":"Polygon","coordinates":[[[-84.30237,34.57832],[-84.29736,34.57524],[-84.29464,34.56997],[-84.29218,34.56901],[-84.28838,34.56871],[-84.28592,34.5694],[-84.27888,34.56961],[-84.27835,34.57097],[-84.27906,34.5726],[-84.27576,34.57375],[-84.2752,34.57279],[-84.27108,34.57061],[-84.2674,34.57049],[-84.26661,34.56988],[-84.26533,34.5706],[-84.26361,34.5704],[-84.25952,34.56892],[-84.25782,34.56918],[-84.25511,34.56833],[-84.25468,34.5975],[-84.22391,34.59699],[-84.22355,34.59965],[-84.22225,34.60026],[-84.2188,34.60046],[-84.2182,34.60388],[-84.21609,34.60497],[-84.2141,34.61006],[-84.21114,34.61105],[-84.2088,34.61341],[-84.20636,34.61382],[-84.20444,34.61334],[-84.1999,34.61501],[-84.19695,34.61759],[-84.19591,34.62293],[-84.19348,34.6252],[-84.19455,34.6313],[-84.1967,34.63426],[-84.19701,34.63611],[-84.19517,34.63643],[-84.19524,34.63724],[-84.19389,34.63883],[-84.19746,34.64148],[-84.19742,34.64273],[-84.2022,34.64188],[-84.20407,34.64241],[-84.20446,34.6433],[-84.20658,34.64467],[-84.20868,34.64487],[-84.21143,34.64639],[-84.21199,34.64848],[-84.21352,34.64904],[-84.21647,34.64887],[-84.22132,34.65277],[-84.22647,34.65388],[-84.2271,34.65645],[-84.22965,34.65753],[-84.23071,34.66101],[-84.23183,34.66238],[-84.23326,34.6663],[-84.23459,34.66567],[-84.23595,34.66582],[-84.2397,34.66807],[-84.24262,34.67091],[-84.24645,34.66957],[-84.24897,34.66791],[-84.25229,34.66461],[-84.25217,34.71816],[-84.26091,34.71811],[-84.26092,34.72545],[-84.25731,34.72542],[-84.31465,34.80733],[-84.32084,34.80529],[-84.32318,34.80661],[-84.32515,34.80666],[-84.32595,34.80728],[-84.32807,34.8064],[-84.33012,34.80837],[-84.33176,34.80877],[-84.33414,34.81107],[-84.33427,34.81283],[-84.33191,34.81447],[-84.33092,34.8163],[-84.3308,34.81703],[-84.33148,34.81794],[-84.33459,34.81749],[-84.33679,34.81932],[-84.33973,34.82077],[-84.34427,34.82075],[-84.34443,34.82316],[-84.343,34.82337],[-84.34366,34.82478],[-84.35422,34.82502],[-84.35582,34.82633],[-84.35684,34.82544],[-84.35855,34.82718],[-84.36011,34.8277],[-84.36066,34.82698],[-84.36235,34.82842],[-84.36288,34.82644],[-84.36674,34.83035],[-84.36947,34.8299],[-84.37063,34.82925],[-84.37238,34.83129],[-84.37662,34.83357],[-84.37825,34.83379],[-84.37864,34.83292],[-84.38214,34.83345],[-84.38329,34.83467],[-84.38214,34.83562],[-84.38367,34.83625],[-84.383,34.83702],[-84.38314,34.83763],[-84.38235,34.83815],[-84.38281,34.83891],[-84.38141,34.83939],[-84.38417,34.83916],[-84.38491,34.83954],[-84.38618,34.83918],[-84.38973,34.83498],[-84.39053,34.83493],[-84.39087,34.83434],[-84.3935,34.8381],[-84.3957,34.83925],[-84.39498,34.84045],[-84.39494,34.84175],[-84.39575,34.84191],[-84.39717,34.84103],[-84.39812,34.84197],[-84.41168,34.84817],[-84.41218,34.84917],[-84.41589,34.85014],[-84.41742,34.84982],[-84.41968,34.85442],[-84.42139,34.85495],[-84.42259,34.85746],[-84.42275,34.85479],[-84.61864,34.8554],[-84.61677,34.85374],[-84.61243,34.85129],[-84.61136,34.84982],[-84.61091,34.84817],[-84.60931,34.84691],[-84.60899,34.84556],[-84.60741,34.8445],[-84.60643,34.8431],[-84.60642,34.84132],[-84.60232,34.83852],[-84.5985,34.83816],[-84.59525,34.8391],[-84.59473,34.83961],[-84.59449,34.84115],[-84.59289,34.84018],[-84.5936,34.8383],[-84.59256,34.8372],[-84.5903,34.83628],[-84.59211,34.83384],[-84.59053,34.83108],[-84.58917,34.82975],[-84.58721,34.82907],[-84.58664,34.82808],[-84.58545,34.82752],[-84.58503,34.8248],[-84.58389,34.82606],[-84.58386,34.82699],[-84.58447,34.82782],[-84.58408,34.82812],[-84.58297,34.82606],[-84.58353,34.82425],[-84.58294,34.82423],[-84.58253,34.82526],[-84.5822,34.82459],[-84.58314,34.8229],[-84.58294,34.82173],[-84.58473,34.82141],[-84.58582,34.82029],[-84.58655,34.81706],[-84.58794,34.81646],[-84.58788,34.81504],[-84.58966,34.81519],[-84.5938,34.81327],[-84.59299,34.81086],[-84.59339,34.80906],[-84.59603,34.80582],[-84.6014,34.80645],[-84.60158,34.80442],[-84.60314,34.80189],[-84.60264,34.79948],[-84.6072,34.79687],[-84.60975,34.79094],[-84.61809,34.7904],[-84.62198,34.78913],[-84.62267,34.78602],[-84.62625,34.78469],[-84.62764,34.78474],[-84.63183,34.78261],[-84.63267,34.78171],[-84.63757,34.78033],[-84.64135,34.77771],[-84.64063,34.77535],[-84.63838,34.77311],[-84.63623,34.77271],[-84.63531,34.77093],[-84.63575,34.76795],[-84.63697,34.76614],[-84.63826,34.76516],[-84.63846,34.7639],[-84.63729,34.76319],[-84.63754,34.7602],[-84.63903,34.75633],[-84.63899,34.75443],[-84.63999,34.75342],[-84.64157,34.75399],[-84.64229,34.75333],[-84.64335,34.7534],[-84.64368,34.75182],[-84.64753,34.74782],[-84.64832,34.74766],[-84.64891,34.74618],[-84.64871,34.74483],[-84.65083,34.74014],[-84.65158,34.73997],[-84.65103,34.73906],[-84.65114,34.738],[-84.65271,34.73638],[-84.65271,34.73569],[-84.65391,34.73427],[-84.65397,34.73158],[-84.65623,34.73098],[-84.6571,34.7289],[-84.65536,34.68691],[-84.65458,34.64955],[-84.65409,34.64532],[-84.65456,34.64469],[-84.65403,34.62496],[-84.65446,34.61677],[-84.65452,34.58319],[-84.65406,34.54895],[-84.61039,34.54955],[-84.57385,34.54946],[-84.57372,34.55073],[-84.52139,34.55046],[-84.52064,34.55096],[-84.52052,34.55667],[-84.51169,34.55675],[-84.51152,34.56365],[-84.50261,34.56368],[-84.50281,34.55048],[-84.47673,34.55013],[-84.47653,34.55665],[-84.48566,34.55671],[-84.4858,34.56327],[-84.46799,34.56349],[-84.46786,34.54997],[-84.43243,34.54944],[-84.429,34.55367],[-84.42871,34.55749],[-84.4244,34.55741],[-84.42456,34.54933],[-84.37135,34.5485],[-84.3715,34.56291],[-84.34555,34.56274],[-84.3465,34.56571],[-84.34612,34.56682],[-84.34389,34.56758],[-84.34232,34.56739],[-84.34081,34.56962],[-84.33763,34.56986],[-84.33744,34.5717],[-84.33323,34.5714],[-84.3324,34.57255],[-84.3315,34.57253],[-84.33325,34.57387],[-84.33377,34.57484],[-84.336,34.57623],[-84.33675,34.57748],[-84.33658,34.57922],[-84.33511,34.58015],[-84.33279,34.5799],[-84.33135,34.58142],[-84.32959,34.58204],[-84.32878,34.58359],[-84.32639,34.58363],[-84.32303,34.58241],[-84.32029,34.58223],[-84.31867,34.5805],[-84.31802,34.57881],[-84.31657,34.57895],[-84.31324,34.57771],[-84.31123,34.57769],[-84.3102,34.57954],[-84.30727,34.58145],[-84.30596,34.58054],[-84.30414,34.58013],[-84.3038,34.57916],[-84.30421,34.57817],[-84.30374,34.57772],[-84.30237,34.57832]]]}},{"type":"Feature","properties":{"name":"Glascock"},"geometry":{"type":"Polygon","coordinates":[[[-82.68563,33.27212],[-82.68879,33.27191],[-82.69858,33.27318],[-82.70337,33.27271],[-82.70516,33.27184],[-82.7077,33.26952],[-82.71258,33.26802],[-82.71842,33.26492],[-82.72447,33.25979],[-82.73307,33.25636],[-82.73554,33.25606],[-82.74349,33.25738],[-82.74691,33.25585],[-82.74987,33.25613],[-82.75378,33.25547],[-82.75521,33.25473],[-82.75585,33.25344],[-82.75238,33.25174],[-82.75144,33.24921],[-82.74714,33.24762],[-82.74622,33.24646],[-82.74646,33.24563],[-82.74838,33.24504],[-82.74874,33.24033],[-82.74829,33.23816],[-82.74606,33.23407],[-82.74294,33.23366],[-82.74091,33.23204],[-82.74173,33.23089],[-82.74156,33.22983],[-82.74381,33.22706],[-82.74477,33.22669],[-82.74481,33.22591],[-82.74369,33.22505],[-82.74006,33.22491],[-82.73864,33.2242],[-82.73714,33.22242],[-82.73668,33.21916],[-82.73553,33.21734],[-82.73842,33.21522],[-82.74114,33.21552],[-82.74181,33.2148],[-82.73931,33.21023],[-82.73667,33.20883],[-82.7336,33.20838],[-82.73293,33.20555],[-82.73322,33.20344],[-82.73408,33.20215],[-82.73743,33.20163],[-82.73998,33.19978],[-82.74115,33.19627],[-82.74098,33.19485],[-82.74165,33.19277],[-82.74125,33.19123],[-82.74033,33.19005],[-82.74082,33.18838],[-82.73767,33.18609],[-82.73817,33.18275],[-82.73716,33.18147],[-82.73896,33.18073],[-82.73823,33.17936],[-82.73948,33.17437],[-82.73492,33.17323],[-82.73284,33.17371],[-82.73268,33.17459],[-82.73062,33.17446],[-82.72917,33.17327],[-82.72833,33.17355],[-82.72694,33.17204],[-82.72519,33.17195],[-82.72463,33.17094],[-82.72259,33.1716],[-82.71882,33.16992],[-82.71744,33.168],[-82.71567,33.16689],[-82.71615,33.16636],[-82.71601,33.16507],[-82.71333,33.16441],[-82.71324,33.16403],[-82.71418,33.16373],[-82.71305,33.16283],[-82.7137,33.16219],[-82.71122,33.16194],[-82.70974,33.16091],[-82.71003,33.16029],[-82.71089,33.15998],[-82.71001,33.15889],[-82.70868,33.1583],[-82.70933,33.15728],[-82.70885,33.15618],[-82.70951,33.15581],[-82.70816,33.15469],[-82.70871,33.15204],[-82.7061,33.15088],[-82.70714,33.15063],[-82.70662,33.14971],[-82.70203,33.14746],[-82.70265,33.14656],[-82.70227,33.14598],[-82.70078,33.14547],[-82.70058,33.14491],[-82.69961,33.14504],[-82.69871,33.1444],[-82.69627,33.14403],[-82.69521,33.14533],[-82.69348,33.14506],[-82.69292,33.14612],[-82.6925,33.1459],[-82.69251,33.14471],[-82.69144,33.14481],[-82.69158,33.14404],[-82.69033,33.14464],[-82.69018,33.14367],[-82.69071,33.14321],[-82.68882,33.14318],[-82.68898,33.14264],[-82.6876,33.14215],[-82.68627,33.1427],[-82.68552,33.14161],[-82.68558,33.14063],[-82.6836,33.13973],[-82.6838,33.13861],[-82.68514,33.13737],[-82.68395,33.1357],[-82.68204,33.13613],[-82.68124,33.13493],[-82.67975,33.13473],[-82.67933,33.13348],[-82.67874,33.13398],[-82.67751,33.13374],[-82.67715,33.13468],[-82.67571,33.1339],[-82.67171,33.13487],[-82.66905,33.13323],[-82.66911,33.13234],[-82.66602,33.13117],[-82.6655,33.13033],[-82.66314,33.13018],[-82.66309,33.12966],[-82.66174,33.12944],[-82.66158,33.12835],[-82.66091,33.12892],[-82.66094,33.12743],[-82.66192,33.12633],[-82.65194,33.12606],[-82.64185,33.12127],[-82.64018,33.12551],[-82.62485,33.12449],[-82.60587,33.12417],[-82.60439,33.12361],[-82.60048,33.12484],[-82.59802,33.12349],[-82.59577,33.12401],[-82.5891,33.12356],[-82.5852,33.12129],[-82.5825,33.11888],[-82.57882,33.11984],[-82.5795,33.12191],[-82.57697,33.12463],[-82.57703,33.12698],[-82.57887,33.12865],[-82.57945,33.13005],[-82.5781,33.13081],[-82.57743,33.13202],[-82.5799,33.13446],[-82.57963,33.13548],[-82.5788,33.13546],[-82.57929,33.1371],[-82.57783,33.13829],[-82.57929,33.13938],[-82.57983,33.14093],[-82.57893,33.14186],[-82.57813,33.14597],[-82.57548,33.14687],[-82.575,33.14804],[-82.57424,33.14838],[-82.57443,33.15106],[-82.57383,33.15255],[-82.57465,33.15584],[-82.5743,33.15615],[-82.57632,33.15835],[-82.57923,33.15876],[-82.57973,33.15948],[-82.58176,33.1598],[-82.5833,33.16081],[-82.5836,33.16154],[-82.58289,33.16159],[-82.58242,33.16351],[-82.58284,33.16422],[-82.58211,33.16489],[-82.58306,33.16579],[-82.5829,33.16744],[-82.58374,33.16793],[-82.58444,33.16964],[-82.58545,33.17011],[-82.58424,33.17006],[-82.58519,33.17109],[-82.58494,33.17145],[-82.52363,33.21321],[-82.4709,33.25012],[-82.43196,33.27483],[-82.49685,33.30299],[-82.50473,33.30499],[-82.55975,33.32727],[-82.56858,33.32533],[-82.5726,33.32288],[-82.57391,33.32255],[-82.58654,33.32282],[-82.5903,33.32189],[-82.5917,33.32098],[-82.59733,33.31371],[-82.59898,33.31269],[-82.60343,33.3113],[-82.61,33.31055],[-82.61483,33.30724],[-82.6164,33.30665],[-82.62756,33.30828],[-82.63091,33.30777],[-82.63737,33.30336],[-82.64616,33.30123],[-82.64791,33.29968],[-82.6495,33.29638],[-82.65444,33.2919],[-82.65938,33.28994],[-82.66335,33.28607],[-82.67587,33.2758],[-82.67916,33.27393],[-82.68563,33.27212]]]}},{"type":"Feature","properties":{"name":"Glynn"},"geometry":{"type":"Polygon","coordinates":[[[-81.40153,31.29518],[-81.40299,31.29245],[-81.40395,31.29171],[-81.40517,31.29112],[-81.40747,31.29095],[-81.40892,31.29131],[-81.41092,31.29265],[-81.41231,31.29473],[-81.41171,31.29669],[-81.40349,31.30728],[-81.40437,31.30924],[-81.40572,31.31043],[-81.40868,31.31111],[-81.4105,31.31054],[-81.41131,31.30972],[-81.41257,31.30652],[-81.41379,31.3058],[-81.4152,31.30572],[-81.41774,31.30641],[-81.42544,31.31105],[-81.42894,31.31209],[-81.43446,31.31268],[-81.43619,31.31352],[-81.43762,31.31596],[-81.43754,31.31853],[-81.4357,31.32407],[-81.43503,31.32915],[-81.43569,31.3305],[-81.43703,31.33159],[-81.43951,31.33224],[-81.44114,31.33206],[-81.44659,31.32853],[-81.45337,31.32631],[-81.45566,31.32731],[-81.45834,31.33098],[-81.46138,31.3326],[-81.46396,31.33514],[-81.46643,31.33617],[-81.46811,31.33872],[-81.4694,31.3396],[-81.47069,31.33967],[-81.47251,31.33836],[-81.47233,31.3371],[-81.47035,31.33402],[-81.47097,31.33301],[-81.47294,31.33258],[-81.47396,31.33334],[-81.47464,31.33519],[-81.47504,31.3393],[-81.47803,31.33824],[-81.47675,31.33544],[-81.47744,31.33442],[-81.47836,31.33427],[-81.47885,31.33506],[-81.479,31.33755],[-81.48016,31.33738],[-81.48128,31.33594],[-81.48315,31.33711],[-81.48309,31.33822],[-81.48154,31.33943],[-81.4817,31.33994],[-81.48262,31.34026],[-81.48477,31.33963],[-81.48531,31.34221],[-81.48587,31.3426],[-81.48932,31.34184],[-81.4898,31.34277],[-81.48925,31.34434],[-81.48972,31.34487],[-81.49076,31.34484],[-81.49334,31.34351],[-81.49338,31.34436],[-81.49136,31.34583],[-81.49185,31.34722],[-81.49553,31.34795],[-81.50397,31.35489],[-81.50638,31.35576],[-81.51304,31.35593],[-81.51749,31.35674],[-81.52116,31.35958],[-81.52434,31.36475],[-81.52592,31.36616],[-81.53364,31.36761],[-81.53499,31.36823],[-81.53615,31.37008],[-81.53645,31.37235],[-81.53539,31.37557],[-81.53709,31.37719],[-81.53962,31.37817],[-81.54243,31.37827],[-81.54433,31.37787],[-81.54857,31.37551],[-81.55098,31.37572],[-81.55172,31.37663],[-81.55144,31.37811],[-81.54682,31.37999],[-81.54544,31.38142],[-81.54514,31.38325],[-81.5462,31.38554],[-81.54932,31.38711],[-81.55624,31.38686],[-81.55911,31.3876],[-81.56553,31.3925],[-81.5694,31.39413],[-81.57758,31.39943],[-81.57929,31.40141],[-81.57946,31.40394],[-81.58012,31.40563],[-81.58352,31.40918],[-81.58467,31.40961],[-81.58725,31.40951],[-81.58896,31.41051],[-81.58912,31.41182],[-81.58673,31.41496],[-81.58675,31.41616],[-81.59029,31.41512],[-81.59342,31.4156],[-81.59443,31.41656],[-81.5957,31.41949],[-81.59707,31.42119],[-81.60461,31.42555],[-81.60519,31.42729],[-81.6047,31.42992],[-81.60528,31.43132],[-81.6102,31.43409],[-81.61134,31.4353],[-81.61083,31.43646],[-81.60793,31.43752],[-81.60686,31.43883],[-81.60719,31.44011],[-81.60993,31.44222],[-81.61139,31.44614],[-81.61249,31.44671],[-81.61616,31.44619],[-81.61786,31.44675],[-81.62414,31.44991],[-81.62505,31.45142],[-81.62429,31.45298],[-81.62599,31.45302],[-81.66503,31.3999],[-81.69198,31.40054],[-81.69721,31.39237],[-81.70086,31.38517],[-81.70483,31.37487],[-81.69813,31.36788],[-81.69903,31.363],[-81.70713,31.3493],[-81.72524,31.32721],[-81.73169,31.33005],[-81.73299,31.32578],[-81.73252,31.30246],[-81.73369,31.29727],[-81.73739,31.28964],[-81.74601,31.283],[-81.7472,31.28146],[-81.75075,31.27121],[-81.75719,31.24585],[-81.75867,31.23785],[-81.76201,31.22719],[-81.76439,31.22316],[-81.76687,31.20148],[-81.77596,31.17648],[-81.78068,31.17313],[-81.78263,31.1725],[-81.78243,31.1669],[-81.78183,31.16581],[-81.78033,31.16521],[-81.77601,31.16447],[-81.77203,31.16651],[-81.76843,31.1694],[-81.76573,31.16951],[-81.76363,31.16811],[-81.76289,31.16573],[-81.76303,31.16391],[-81.76503,31.1582],[-81.76413,31.1545],[-81.76243,31.15331],[-81.7562,31.15149],[-81.75403,31.15031],[-81.73732,31.15191],[-81.72813,31.14941],[-81.72543,31.14971],[-81.72243,31.14901],[-81.71703,31.145],[-81.71473,31.14061],[-81.71192,31.13781],[-81.71053,31.13681],[-81.70223,31.13391],[-81.69463,31.12781],[-81.68622,31.12242],[-81.6621,31.12563],[-81.66167,31.1248],[-81.65877,31.12407],[-81.65733,31.12319],[-81.6584,31.1218],[-81.65791,31.12135],[-81.65187,31.12089],[-81.64907,31.11676],[-81.64715,31.11527],[-81.64624,31.1155],[-81.64327,31.11804],[-81.64198,31.11791],[-81.6404,31.11521],[-81.63506,31.11063],[-81.63354,31.10805],[-81.63288,31.10779],[-81.6318,31.10798],[-81.62955,31.10996],[-81.62559,31.11494],[-81.62302,31.11661],[-81.62159,31.11689],[-81.61684,31.117],[-81.61356,31.11399],[-81.60976,31.11289],[-81.60767,31.11321],[-81.60018,31.11585],[-81.59386,31.11557],[-81.59071,31.1178],[-81.58924,31.11829],[-81.58772,31.11808],[-81.58289,31.11515],[-81.58021,31.11544],[-81.57837,31.1163],[-81.57699,31.1177],[-81.57468,31.12524],[-81.57172,31.12828],[-81.56636,31.13059],[-81.56447,31.13078],[-81.56261,31.13028],[-81.55899,31.12748],[-81.55783,31.12409],[-81.55793,31.12136],[-81.56012,31.11719],[-81.56156,31.1107],[-81.56409,31.1055],[-81.56644,31.10327],[-81.57036,31.1011],[-81.5723,31.09867],[-81.57273,31.09608],[-81.57195,31.09418],[-81.57033,31.09314],[-81.56654,31.09257],[-81.56472,31.09166],[-81.56291,31.08946],[-81.55928,31.08333],[-81.5563,31.0806],[-81.55473,31.08013],[-81.55287,31.08038],[-81.54746,31.08321],[-81.54262,31.08406],[-81.53976,31.08378],[-81.53455,31.08152],[-81.53128,31.0771],[-81.52971,31.06642],[-81.5284,31.06453],[-81.52656,31.06319],[-81.50855,31.05751],[-81.49945,31.05647],[-81.4949,31.0556],[-81.49267,31.05464],[-81.49065,31.05229],[-81.48972,31.05006],[-81.48899,31.04211],[-81.48675,31.03568],[-81.4863,31.03459],[-81.4838,31.03308],[-81.48106,31.03225],[-81.47891,31.03219],[-81.47181,31.03323],[-81.45689,31.0372],[-81.4547,31.03713],[-81.45252,31.03639],[-81.44684,31.03179],[-81.44507,31.0294],[-81.44423,31.02585],[-81.44278,31.01364],[-81.44022,31.00841],[-81.43076,30.99419],[-81.4269,30.99163],[-81.4251,30.99103],[-81.42121,30.99086],[-81.30643,30.99064],[-81.31303,31.00023],[-81.3204,31.00651],[-81.33794,31.01631],[-81.3445,31.01811],[-81.35342,31.03712],[-81.34531,31.05936],[-81.33507,31.06052],[-81.32617,31.06266],[-81.3225,31.0638],[-81.31364,31.06785],[-81.30891,31.07131],[-81.29787,31.08095],[-81.2902,31.09349],[-81.28746,31.09921],[-81.28632,31.10308],[-81.28588,31.10944],[-81.28653,31.11669],[-81.28987,31.13116],[-81.29401,31.13567],[-81.29263,31.14021],[-81.29273,31.14283],[-81.29642,31.15188],[-81.29215,31.15541],[-81.28707,31.15547],[-81.27963,31.15674],[-81.27255,31.15637],[-81.26697,31.15703],[-81.25729,31.15845],[-81.24982,31.16109],[-81.24791,31.16081],[-81.24229,31.16359],[-81.23434,31.17026],[-81.22511,31.18323],[-81.22216,31.18797],[-81.21758,31.19952],[-81.21626,31.20465],[-81.21435,31.20546],[-81.20914,31.21313],[-81.20614,31.21817],[-81.20245,31.22768],[-81.18768,31.24626],[-81.18612,31.25023],[-81.18277,31.26585],[-81.18256,31.26899],[-81.18294,31.28669],[-81.18372,31.29428],[-81.24985,31.29489],[-81.27772,31.29433],[-81.28822,31.29263],[-81.29177,31.29164],[-81.29578,31.29168],[-81.29919,31.29298],[-81.30518,31.29707],[-81.30914,31.30062],[-81.31481,31.30808],[-81.31602,31.30889],[-81.31912,31.30917],[-81.32819,31.30767],[-81.33102,31.30621],[-81.33219,31.3061],[-81.33381,31.30718],[-81.33593,31.3118],[-81.33786,31.31298],[-81.35657,31.3138],[-81.3595,31.31467],[-81.36715,31.31835],[-81.36959,31.31871],[-81.37485,31.31765],[-81.3821,31.31737],[-81.38719,31.31488],[-81.38965,31.31298],[-81.39697,31.30509],[-81.39916,31.30127],[-81.40153,31.29518]]]}},{"type":"Feature","properties":{"name":"Gordon"},"geometry":{"type":"Polygon","coordinates":[[[-84.86286,34.3966],[-84.83706,34.39772],[-84.73412,34.39649],[-84.73388,34.41297],[-84.65323,34.41259],[-84.65373,34.45579],[-84.64443,34.45579],[-84.64453,34.46299],[-84.65329,34.4632],[-84.65415,34.48796],[-84.65401,34.55057],[-84.65452,34.58319],[-84.68196,34.58334],[-84.682,34.58983],[-84.70526,34.59077],[-84.70554,34.59846],[-84.73122,34.59861],[-84.73129,34.61273],[-84.72307,34.61277],[-84.7228,34.60505],[-84.71438,34.60509],[-84.71412,34.61901],[-84.71555,34.62],[-84.71514,34.62221],[-84.7159,34.62292],[-84.72152,34.62187],[-84.72591,34.62166],[-84.73342,34.62278],[-84.73762,34.62405],[-84.7402,34.62416],[-84.74178,34.62367],[-84.74432,34.62393],[-84.74535,34.62303],[-84.74571,34.62201],[-84.74617,34.61059],[-84.74831,34.60914],[-84.75628,34.61001],[-84.76198,34.61439],[-84.76632,34.61548],[-84.77654,34.61276],[-84.77906,34.61294],[-84.77947,34.60833],[-84.78508,34.60829],[-84.86379,34.6086],[-84.86391,34.61576],[-84.90825,34.61579],[-84.9083,34.63406],[-84.91346,34.63413],[-84.91357,34.63129],[-84.91509,34.62976],[-84.91829,34.62925],[-84.92747,34.62605],[-84.92788,34.6254],[-84.92737,34.62529],[-84.92773,34.6251],[-84.92736,34.62397],[-84.92538,34.62023],[-84.92636,34.61572],[-85.05045,34.61598],[-85.05045,34.62248],[-85.06038,34.62245],[-85.0605,34.58718],[-85.06916,34.58718],[-85.06929,34.57504],[-85.06417,34.57489],[-85.06351,34.54255],[-85.09,34.54191],[-85.09007,34.46353],[-85.1114,34.46338],[-85.11233,34.46193],[-85.11011,34.45975],[-85.10912,34.45984],[-85.1088,34.45864],[-85.10767,34.45811],[-85.10777,34.45709],[-85.10731,34.45644],[-85.1066,34.45657],[-85.10223,34.45309],[-85.10175,34.4512],[-85.09984,34.44896],[-85.1,34.44802],[-85.10192,34.44634],[-85.10187,34.44438],[-85.09901,34.44234],[-85.09777,34.44258],[-85.09638,34.44122],[-85.09554,34.44133],[-85.09438,34.44008],[-85.09569,34.43798],[-85.09386,34.43663],[-85.09222,34.4336],[-85.09319,34.43316],[-85.09325,34.43242],[-85.09134,34.4314],[-85.0906,34.42948],[-85.0894,34.42897],[-85.08931,34.42857],[-85.08987,34.42833],[-85.08964,34.42754],[-85.08832,34.42723],[-85.09016,34.42642],[-85.09011,34.4257],[-85.08883,34.42555],[-85.08871,34.42502],[-85.08951,34.42447],[-85.09302,34.42325],[-85.09913,34.42218],[-85.10106,34.42093],[-85.10378,34.41804],[-85.10688,34.41613],[-85.1074,34.41511],[-85.10777,34.41094],[-85.10481,34.40461],[-85.10382,34.40405],[-85.10028,34.40424],[-85.08676,34.40126],[-85.03171,34.40135],[-85.03172,34.39965],[-85.02687,34.39964],[-85.02703,34.39399],[-85.02361,34.39224],[-85.02389,34.39179],[-85.02238,34.39129],[-85.02056,34.3911],[-85.01893,34.39232],[-84.99088,34.39247],[-84.98879,34.38458],[-84.9539,34.38419],[-84.95573,34.39182],[-84.94734,34.39154],[-84.94722,34.39889],[-84.89619,34.3986],[-84.89628,34.3963],[-84.86286,34.3966]]]}},{"type":"Feature","properties":{"name":"Grady"},"geometry":{"type":"Polygon","coordinates":[[[-84.1166,30.97534],[-84.11667,30.97691],[-84.11828,30.97859],[-84.11906,30.98096],[-84.11924,30.9895],[-84.11889,31.02498],[-84.11708,31.05304],[-84.11664,31.07797],[-84.20999,31.0788],[-84.37661,31.07888],[-84.37624,31.07317],[-84.37596,31.01764],[-84.37621,30.94345],[-84.37941,30.80077],[-84.38071,30.68999],[-84.3137,30.68659],[-84.25036,30.68413],[-84.08376,30.6758],[-84.08306,30.72662],[-84.08065,30.83359],[-84.08113,30.83636],[-84.08063,30.83744],[-84.07983,30.83794],[-84.08051,30.83888],[-84.08006,30.83958],[-84.08097,30.83986],[-84.08039,30.84129],[-84.08074,30.84199],[-84.07987,30.84228],[-84.08004,30.84334],[-84.07947,30.84406],[-84.08028,30.84481],[-84.08055,30.84671],[-84.08121,30.84759],[-84.08182,30.85048],[-84.08161,30.85199],[-84.08255,30.85413],[-84.08214,30.85498],[-84.08015,30.85566],[-84.07936,30.85783],[-84.07578,30.86049],[-84.07291,30.86515],[-84.07315,30.86645],[-84.07452,30.86819],[-84.07457,30.86914],[-84.07522,30.8696],[-84.07608,30.87188],[-84.07754,30.87279],[-84.07903,30.87285],[-84.08057,30.8756],[-84.07993,30.87605],[-84.0804,30.87694],[-84.07946,30.87823],[-84.07953,30.87899],[-84.08021,30.87927],[-84.0788,30.88077],[-84.07955,30.88114],[-84.07841,30.8814],[-84.07867,30.88224],[-84.07706,30.88221],[-84.07764,30.88379],[-84.07632,30.8842],[-84.07668,30.88439],[-84.07648,30.8854],[-84.07566,30.88644],[-84.07689,30.88742],[-84.07635,30.8892],[-84.07726,30.89043],[-84.07623,30.89186],[-84.07835,30.89443],[-84.0773,30.89525],[-84.07778,30.8961],[-84.07648,30.89849],[-84.0772,30.8999],[-84.07728,30.90217],[-84.07632,30.90381],[-84.076,30.90733],[-84.07673,30.90834],[-84.07605,30.909],[-84.07583,30.91192],[-84.07712,30.91496],[-84.07698,30.91564],[-84.07989,30.91671],[-84.0804,30.91714],[-84.0804,30.91799],[-84.08302,30.91921],[-84.08448,30.92209],[-84.08551,30.92279],[-84.08706,30.92499],[-84.08849,30.92573],[-84.08885,30.92713],[-84.09037,30.92834],[-84.09034,30.92953],[-84.09319,30.93212],[-84.09513,30.93315],[-84.09758,30.93603],[-84.09855,30.93629],[-84.09819,30.93813],[-84.0987,30.93914],[-84.09985,30.93986],[-84.10162,30.94212],[-84.10256,30.94467],[-84.10371,30.94568],[-84.10456,30.94767],[-84.10588,30.94833],[-84.10817,30.9509],[-84.10774,30.95219],[-84.10895,30.95292],[-84.10991,30.95429],[-84.11069,30.95628],[-84.11071,30.95822],[-84.1131,30.96227],[-84.11261,30.96347],[-84.11407,30.96434],[-84.11461,30.96618],[-84.11602,30.96774],[-84.11851,30.9694],[-84.1188,30.9715],[-84.11639,30.97325],[-84.1166,30.97534]]]}},{"type":"Feature","properties":{"name":"Greene"},"geometry":{"type":"Polygon","coordinates":[[[-83.01087,33.5856],[-83.0005,33.59127],[-82.9899,33.60328],[-82.99331,33.60489],[-82.9942,33.613],[-83.00161,33.62024],[-82.99725,33.62537],[-82.98772,33.62894],[-82.98607,33.62503],[-82.9801,33.61472],[-82.97372,33.62171],[-82.97051,33.64173],[-82.95114,33.65803],[-82.95202,33.659],[-82.95083,33.66027],[-82.95075,33.66107],[-82.95212,33.66176],[-82.95319,33.66156],[-82.95217,33.66314],[-82.95298,33.66517],[-82.95493,33.66691],[-82.9565,33.66695],[-82.95786,33.66923],[-82.9596,33.66979],[-82.95979,33.67018],[-82.95899,33.67086],[-82.96082,33.67169],[-82.96096,33.67298],[-82.96218,33.67317],[-82.96305,33.67476],[-82.96295,33.67576],[-82.96376,33.67682],[-82.96481,33.67666],[-82.96545,33.67762],[-82.96639,33.67708],[-82.96733,33.67778],[-82.9696,33.67829],[-82.97167,33.67824],[-82.97247,33.6777],[-82.97388,33.67862],[-82.97493,33.67853],[-82.97757,33.67943],[-82.98043,33.68243],[-82.98325,33.68455],[-82.98838,33.68622],[-82.99065,33.68905],[-82.993,33.69075],[-82.99365,33.6927],[-82.99665,33.69404],[-82.99907,33.69373],[-83.00141,33.69201],[-83.0052,33.69138],[-83.00788,33.68987],[-83.01028,33.69101],[-83.01564,33.6912],[-83.02098,33.6943],[-83.02393,33.69724],[-83.02611,33.70087],[-83.03015,33.70148],[-83.03438,33.70552],[-83.03753,33.70634],[-83.04086,33.71067],[-83.04302,33.71186],[-83.0459,33.71266],[-83.04825,33.71415],[-83.04914,33.71556],[-83.11873,33.69882],[-83.28034,33.76177],[-83.28034,33.75953],[-83.28251,33.75957],[-83.28378,33.75713],[-83.28382,33.75629],[-83.28288,33.7548],[-83.28513,33.75283],[-83.28887,33.75263],[-83.29041,33.75183],[-83.29143,33.75034],[-83.29152,33.74522],[-83.29622,33.74313],[-83.29731,33.73817],[-83.29447,33.73781],[-83.29145,33.73431],[-83.40619,33.69831],[-83.40465,33.69659],[-83.40182,33.69669],[-83.4008,33.69622],[-83.39963,33.69326],[-83.40027,33.69205],[-83.3998,33.69113],[-83.39632,33.69107],[-83.39491,33.69051],[-83.39559,33.68773],[-83.39646,33.68687],[-83.39533,33.68509],[-83.39508,33.68376],[-83.39076,33.68092],[-83.38994,33.67957],[-83.38865,33.67892],[-83.38834,33.67731],[-83.38864,33.67576],[-83.38725,33.6748],[-83.38686,33.67267],[-83.38296,33.67015],[-83.3829,33.66769],[-83.38406,33.66633],[-83.38279,33.66525],[-83.38249,33.66421],[-83.38017,33.66122],[-83.37912,33.66033],[-83.37791,33.66079],[-83.37605,33.66001],[-83.3746,33.65636],[-83.37134,33.65633],[-83.37042,33.65583],[-83.37057,33.65529],[-83.36934,33.65406],[-83.3689,33.6525],[-83.37054,33.65161],[-83.37055,33.65052],[-83.36752,33.64886],[-83.36736,33.64815],[-83.36882,33.64802],[-83.36881,33.64727],[-83.36771,33.64598],[-83.36512,33.64436],[-83.36573,33.64008],[-83.36377,33.64037],[-83.36238,33.63977],[-83.36304,33.63808],[-83.36312,33.63609],[-83.36438,33.63547],[-83.36369,33.63337],[-83.36192,33.63242],[-83.36127,33.63149],[-83.36094,33.63048],[-83.36131,33.62934],[-83.35968,33.62779],[-83.35954,33.62499],[-83.36006,33.62396],[-83.3595,33.62325],[-83.35954,33.62233],[-83.35762,33.61998],[-83.35587,33.62039],[-83.35443,33.62008],[-83.35509,33.61904],[-83.35445,33.61795],[-83.35183,33.61704],[-83.34972,33.61425],[-83.34948,33.61206],[-83.34776,33.60846],[-83.34842,33.60519],[-83.34687,33.6005],[-83.3472,33.59939],[-83.34892,33.59806],[-83.34887,33.59729],[-83.34255,33.59599],[-83.34111,33.59635],[-83.33987,33.5973],[-83.33784,33.59735],[-83.33901,33.59582],[-83.3392,33.59458],[-83.33726,33.59426],[-83.33759,33.59099],[-83.33622,33.58839],[-83.33276,33.58576],[-83.33079,33.58327],[-83.32985,33.58326],[-83.32837,33.58418],[-83.32626,33.58415],[-83.3271,33.58173],[-83.32623,33.58076],[-83.32623,33.57989],[-83.32317,33.57994],[-83.32096,33.57662],[-83.32036,33.57431],[-83.31721,33.5734],[-83.31681,33.57212],[-83.31743,33.57037],[-83.31623,33.5701],[-83.31327,33.56765],[-83.31336,33.56641],[-83.31196,33.56546],[-83.31229,33.56416],[-83.31057,33.56294],[-83.30942,33.56418],[-83.30834,33.56457],[-83.30757,33.56444],[-83.30579,33.56245],[-83.30322,33.56311],[-83.30295,33.56016],[-83.30431,33.55733],[-83.30361,33.55501],[-83.30181,33.55564],[-83.29909,33.55373],[-83.2951,33.55229],[-83.2912,33.54658],[-83.28866,33.54392],[-83.28659,33.54267],[-83.28047,33.54294],[-83.27835,33.54455],[-83.27668,33.54286],[-83.27458,33.54162],[-83.27045,33.53608],[-83.26921,33.53323],[-83.26953,33.53182],[-83.27062,33.53096],[-83.27673,33.52854],[-83.28061,33.52277],[-83.28098,33.52102],[-83.2801,33.5169],[-83.28347,33.51061],[-83.28402,33.50794],[-83.28302,33.5032],[-83.28,33.50011],[-83.27681,33.4942],[-83.27759,33.49113],[-83.27965,33.48883],[-83.28033,33.48646],[-83.27826,33.47662],[-83.27777,33.46888],[-83.2746,33.46392],[-83.26724,33.46159],[-83.25726,33.45623],[-83.25701,33.45082],[-83.25855,33.44944],[-83.26113,33.4488],[-83.26308,33.44585],[-83.26306,33.44394],[-83.25845,33.44098],[-83.25755,33.43992],[-83.25682,33.43775],[-83.2529,33.43474],[-83.25078,33.43091],[-83.24856,33.42901],[-83.2485,33.42607],[-83.2466,33.4232],[-83.24439,33.42124],[-83.24133,33.4206],[-83.23969,33.41915],[-83.24056,33.4168],[-83.24025,33.41519],[-83.24095,33.41135],[-83.24367,33.40456],[-83.24431,33.40136],[-83.24408,33.39896],[-83.24279,33.39808],[-83.24103,33.39839],[-83.2382,33.39943],[-83.23676,33.40144],[-83.23549,33.40231],[-83.23028,33.40251],[-83.22765,33.40429],[-83.22606,33.40458],[-83.21748,33.40296],[-83.21311,33.40085],[-83.21242,33.39997],[-83.21249,33.39924],[-83.21448,33.39673],[-83.21651,33.3951],[-83.21845,33.3951],[-83.22041,33.39369],[-83.21938,33.39203],[-83.21989,33.39029],[-83.22324,33.38695],[-83.22477,33.38377],[-83.22456,33.38042],[-83.22333,33.37961],[-83.21988,33.38012],[-83.21732,33.37958],[-83.21448,33.38076],[-83.21352,33.38192],[-83.21324,33.38327],[-83.21445,33.38489],[-83.21202,33.38783],[-83.2107,33.38824],[-83.20806,33.38714],[-83.20287,33.38876],[-83.20035,33.39247],[-83.19717,33.39581],[-83.1879,33.39248],[-83.18687,33.38926],[-83.188,33.38709],[-83.18752,33.3861],[-83.18473,33.38336],[-83.18208,33.38264],[-83.17961,33.38282],[-83.17791,33.38234],[-83.17827,33.37799],[-83.17477,33.37562],[-83.17327,33.37536],[-83.17334,33.3734],[-83.16972,33.37039],[-83.16952,33.36901],[-83.17042,33.36676],[-83.17002,33.36518],[-83.16918,33.36401],[-83.16683,33.36243],[-83.16682,33.3605],[-83.16563,33.35849],[-83.16479,33.35556],[-83.16421,33.35503],[-82.98559,33.48984],[-82.98706,33.51946],[-82.98604,33.52036],[-83.01404,33.58038],[-83.01087,33.5856]]]}},{"type":"Feature","properties":{"name":"Gwinnett"},"geometry":{"type":"Polygon","coordinates":[[[-84.11389,34.0844],[-84.11331,34.07663],[-84.11699,34.0703],[-84.11786,34.06744],[-84.11793,34.06556],[-84.1173,34.0651],[-84.11496,34.06525],[-84.1118,34.06314],[-84.11065,34.06166],[-84.10868,34.05717],[-84.10621,34.05479],[-84.10386,34.05366],[-84.10036,34.05326],[-84.09814,34.05158],[-84.09767,34.05005],[-84.09946,34.04816],[-84.10143,34.04692],[-84.10447,34.04637],[-84.10677,34.04526],[-84.11365,34.04052],[-84.11543,34.03723],[-84.11665,34.03618],[-84.12346,34.03335],[-84.12865,34.03313],[-84.13495,34.03113],[-84.14277,34.02966],[-84.14753,34.02984],[-84.15323,34.03072],[-84.15713,34.03243],[-84.16206,34.02964],[-84.16898,34.0284],[-84.17295,34.02431],[-84.17506,34.02093],[-84.17996,34.00654],[-84.17995,34.00099],[-84.18088,33.99871],[-84.18581,33.99411],[-84.19267,33.99084],[-84.20284,33.98935],[-84.20441,33.98975],[-84.20507,33.99067],[-84.20496,33.99189],[-84.20282,33.99284],[-84.20164,33.9941],[-84.20209,33.99704],[-84.20363,33.99861],[-84.20654,33.99982],[-84.21292,34.0039],[-84.21957,34.00347],[-84.22732,34.00406],[-84.23804,33.99986],[-84.24832,33.99826],[-84.24975,33.9962],[-84.24975,33.99213],[-84.25407,33.98642],[-84.25671,33.98602],[-84.26094,33.98766],[-84.26228,33.9874],[-84.26317,33.98639],[-84.26334,33.9833],[-84.26156,33.97648],[-84.26193,33.97455],[-84.26274,33.97353],[-84.26085,33.9707],[-84.25809,33.96818],[-84.26022,33.96755],[-84.26762,33.96378],[-84.26874,33.9616],[-84.2725,33.95884],[-84.27302,33.9594],[-84.27412,33.9583],[-84.27709,33.95761],[-84.27532,33.9541],[-84.27147,33.95589],[-84.26587,33.94792],[-84.26991,33.94591],[-84.27047,33.94401],[-84.26917,33.94113],[-84.26811,33.94068],[-84.26929,33.94015],[-84.26534,33.93258],[-84.26352,33.927],[-84.26013,33.91951],[-84.25982,33.9189],[-84.25922,33.9191],[-84.25867,33.91843],[-84.25602,33.9144],[-84.25242,33.9116],[-84.24687,33.90957],[-84.24402,33.9075],[-84.23812,33.9051],[-84.23307,33.90202],[-84.23108,33.89909],[-84.22573,33.89468],[-84.2247,33.89308],[-84.22272,33.8921],[-84.21724,33.8857],[-84.20716,33.87746],[-84.20586,33.87716],[-84.20591,33.87606],[-84.20552,33.8761],[-84.20565,33.87704],[-84.20509,33.8768],[-84.20465,33.87564],[-84.20502,33.87559],[-84.20494,33.87508],[-84.20301,33.8726],[-84.20061,33.8715],[-84.1968,33.87166],[-84.19332,33.86778],[-84.18104,33.86508],[-84.17931,33.86428],[-84.17494,33.85963],[-84.17284,33.85866],[-84.17139,33.85853],[-84.17,33.8575],[-84.16892,33.85741],[-84.16147,33.85392],[-84.15796,33.85329],[-84.15404,33.84811],[-84.14995,33.84588],[-84.14885,33.84313],[-84.14543,33.8399],[-84.1444,33.83919],[-84.14127,33.83894],[-84.13824,33.83704],[-84.13682,33.8367],[-84.13337,33.83345],[-84.13338,33.83131],[-84.13212,33.82935],[-84.12792,33.8253],[-84.12268,33.8188],[-84.12303,33.81853],[-84.12018,33.81707],[-84.1206,33.8168],[-84.11342,33.80751],[-84.10499,33.80314],[-84.10354,33.80144],[-84.09792,33.79951],[-84.09621,33.79691],[-84.09333,33.79513],[-84.09131,33.79251],[-84.08731,33.79001],[-84.07591,33.77751],[-84.07051,33.77481],[-84.05802,33.77268],[-84.05481,33.77021],[-84.05212,33.76671],[-84.04961,33.76531],[-84.04861,33.76561],[-84.04719,33.76509],[-84.04331,33.76231],[-84.04312,33.76101],[-84.04031,33.75771],[-84.03841,33.75741],[-84.03822,33.7578],[-84.03241,33.75611],[-84.02641,33.75311],[-84.02371,33.75281],[-83.96562,33.79953],[-83.90194,33.84779],[-83.7991,33.92984],[-83.80041,33.93173],[-83.80178,33.93156],[-83.80264,33.93222],[-83.80405,33.9358],[-83.8059,33.93737],[-83.80445,33.94071],[-83.80493,33.94223],[-83.80734,33.94363],[-83.80875,33.94645],[-83.81109,33.94677],[-83.81338,33.94913],[-83.81283,33.95048],[-83.8132,33.9515],[-83.81287,33.95237],[-83.81369,33.95449],[-83.81868,33.95842],[-83.82049,33.961],[-83.82262,33.96234],[-83.82442,33.9644],[-83.82577,33.96515],[-83.83195,33.96629],[-83.83435,33.97253],[-83.83424,33.97368],[-83.83521,33.97519],[-83.83477,33.97606],[-83.83672,33.97926],[-83.83722,33.98206],[-83.83827,33.98361],[-83.84227,33.98594],[-83.84354,33.98764],[-83.84873,33.98994],[-83.85034,33.99139],[-83.85281,33.99183],[-83.8558,33.9932],[-83.85714,33.99492],[-83.86068,33.9971],[-83.86352,34.00131],[-83.8666,34.00408],[-83.86912,34.00432],[-83.86581,34.01072],[-83.81768,34.12749],[-83.81912,34.12654],[-83.82025,34.12655],[-83.84247,34.11316],[-83.86784,34.09865],[-83.90758,34.11257],[-83.97398,34.13709],[-83.97828,34.13798],[-83.98984,34.14269],[-84.02315,34.1544],[-84.04959,34.16473],[-84.06219,34.16854],[-84.06606,34.16639],[-84.07462,34.16369],[-84.07614,34.16148],[-84.07615,34.1581],[-84.07928,34.15596],[-84.0824,34.15246],[-84.08385,34.15009],[-84.08581,34.14831],[-84.08652,34.14634],[-84.08519,34.14382],[-84.08553,34.14241],[-84.08848,34.13908],[-84.09158,34.13442],[-84.09481,34.13222],[-84.09328,34.12822],[-84.0935,34.12579],[-84.0947,34.12428],[-84.09761,34.12284],[-84.09801,34.11878],[-84.10162,34.11643],[-84.10207,34.11251],[-84.10133,34.1068],[-84.10163,34.10508],[-84.10261,34.10379],[-84.1054,34.10222],[-84.10714,34.10003],[-84.10997,34.09835],[-84.11042,34.09698],[-84.1099,34.09254],[-84.1133,34.08704],[-84.11389,34.0844]]]}},{"type":"Feature","properties":{"name":"Habersham"},"geometry":{"type":"Polygon","coordinates":[[[-83.41466,34.57403],[-83.36504,34.67531],[-83.33823,34.68719],[-83.33837,34.68854],[-83.34013,34.69148],[-83.3426,34.69361],[-83.35181,34.6964],[-83.35362,34.69779],[-83.35393,34.69948],[-83.35299,34.70084],[-83.35146,34.70186],[-83.3472,34.70319],[-83.34665,34.70422],[-83.35049,34.70969],[-83.35103,34.71273],[-83.35245,34.71613],[-83.35689,34.71641],[-83.36577,34.72121],[-83.36984,34.72472],[-83.3743,34.7297],[-83.37484,34.73199],[-83.37588,34.73223],[-83.3781,34.73133],[-83.38104,34.7313],[-83.38238,34.73169],[-83.38399,34.73325],[-83.38611,34.73345],[-83.38493,34.73491],[-83.38738,34.73739],[-83.39286,34.73439],[-83.39535,34.73209],[-83.39867,34.73115],[-83.40366,34.72892],[-83.40527,34.7311],[-83.40671,34.73189],[-83.41341,34.73309],[-83.41596,34.73297],[-83.41859,34.73463],[-83.42244,34.73566],[-83.42326,34.73642],[-83.42291,34.73766],[-83.42452,34.73922],[-83.42464,34.74015],[-83.42284,34.74351],[-83.42373,34.74494],[-83.42625,34.7468],[-83.43135,34.74733],[-83.43577,34.74247],[-83.43661,34.74213],[-83.43791,34.74206],[-83.4397,34.74302],[-83.44608,34.74305],[-83.44748,34.74156],[-83.4462,34.73846],[-83.44637,34.73686],[-83.44794,34.7362],[-83.45019,34.73435],[-83.45756,34.73185],[-83.46094,34.73308],[-83.46344,34.73253],[-83.46472,34.73352],[-83.46612,34.73357],[-83.46915,34.73111],[-83.46904,34.73006],[-83.4699,34.72918],[-83.47746,34.72509],[-83.47862,34.72395],[-83.48032,34.72392],[-83.48169,34.7251],[-83.48365,34.72551],[-83.48473,34.72669],[-83.48635,34.7262],[-83.48844,34.72692],[-83.49203,34.72699],[-83.49395,34.7289],[-83.49683,34.72904],[-83.4994,34.73138],[-83.50025,34.73294],[-83.50222,34.73295],[-83.50349,34.73429],[-83.50971,34.73319],[-83.51181,34.73177],[-83.51279,34.73168],[-83.5151,34.73286],[-83.51673,34.73524],[-83.52107,34.73586],[-83.52162,34.73658],[-83.52636,34.73905],[-83.52953,34.73857],[-83.53295,34.73905],[-83.53422,34.74002],[-83.53538,34.73983],[-83.53529,34.74147],[-83.53723,34.7456],[-83.53693,34.74634],[-83.53513,34.74742],[-83.53697,34.74864],[-83.54133,34.74858],[-83.54298,34.74989],[-83.54555,34.74996],[-83.54842,34.74939],[-83.55096,34.74993],[-83.55202,34.75115],[-83.55229,34.75275],[-83.55441,34.75447],[-83.55681,34.75765],[-83.55609,34.75893],[-83.55627,34.76117],[-83.55505,34.7634],[-83.55566,34.76457],[-83.55483,34.76562],[-83.55487,34.76627],[-83.55614,34.76772],[-83.5578,34.76824],[-83.55827,34.7701],[-83.5604,34.77177],[-83.55897,34.77388],[-83.55893,34.77559],[-83.55997,34.77834],[-83.56225,34.78128],[-83.55923,34.78351],[-83.55661,34.78446],[-83.55664,34.78506],[-83.5605,34.78784],[-83.56244,34.78807],[-83.56316,34.78918],[-83.5656,34.79004],[-83.56685,34.79116],[-83.57089,34.79134],[-83.57365,34.795],[-83.57634,34.79557],[-83.57527,34.79956],[-83.57776,34.80101],[-83.57751,34.80324],[-83.58121,34.80501],[-83.58146,34.80643],[-83.58245,34.80729],[-83.58215,34.8082],[-83.58304,34.80921],[-83.58207,34.80965],[-83.58171,34.81079],[-83.58431,34.81262],[-83.58462,34.81396],[-83.58414,34.81525],[-83.58517,34.81623],[-83.58682,34.81687],[-83.58758,34.81797],[-83.58773,34.81908],[-83.5869,34.81999],[-83.58792,34.82068],[-83.589,34.82061],[-83.58992,34.82138],[-83.59217,34.82163],[-83.5965,34.82479],[-83.60103,34.82608],[-83.60157,34.82662],[-83.60589,34.8277],[-83.60762,34.82759],[-83.61141,34.82582],[-83.6113,34.82408],[-83.61231,34.8223],[-83.61308,34.82202],[-83.61877,34.82366],[-83.62199,34.82282],[-83.62497,34.82302],[-83.6298,34.82538],[-83.63349,34.82454],[-83.63554,34.82316],[-83.63945,34.82277],[-83.64888,34.82533],[-83.65219,34.82299],[-83.65276,34.82154],[-83.656,34.81901],[-83.6576,34.81452],[-83.6585,34.81339],[-83.66343,34.8109],[-83.66637,34.80705],[-83.6767,34.80431],[-83.6816,34.80088],[-83.6814,34.79979],[-83.6783,34.79589],[-83.6786,34.79399],[-83.677,34.79249],[-83.6759,34.78929],[-83.6748,34.78829],[-83.673,34.78799],[-83.6702,34.78919],[-83.6689,34.78899],[-83.6667,34.78749],[-83.6656,34.78589],[-83.664,34.78549],[-83.6576,34.78039],[-83.6562,34.77989],[-83.6511,34.77639],[-83.64729,34.77229],[-83.64439,34.77179],[-83.6417,34.77289],[-83.63929,34.77269],[-83.6333,34.77049],[-83.63259,34.76959],[-83.6333,34.76919],[-83.63379,34.76749],[-83.6315,34.76649],[-83.6309,34.76459],[-83.62829,34.76339],[-83.62889,34.76199],[-83.62809,34.76049],[-83.62849,34.75949],[-83.62939,34.75889],[-83.62959,34.75749],[-83.6325,34.75449],[-83.6325,34.75189],[-83.6322,34.75129],[-83.62955,34.75009],[-83.629,34.74719],[-83.6252,34.74599],[-83.6249,34.74524],[-83.6256,34.74369],[-83.6255,34.74239],[-83.6267,34.74089],[-83.6267,34.73989],[-83.6252,34.73489],[-83.6236,34.73379],[-83.6233,34.73219],[-83.6242,34.73119],[-83.6246,34.72929],[-83.6253,34.72959],[-83.62909,34.72759],[-83.63159,34.72399],[-83.6329,34.72319],[-83.63339,34.72219],[-83.63259,34.72059],[-83.6345,34.71819],[-83.63509,34.71619],[-83.6362,34.71479],[-83.63738,34.71414],[-83.63709,34.71279],[-83.638,34.71149],[-83.6392,34.71149],[-83.6394,34.71099],[-83.6394,34.7067],[-83.6365,34.6996],[-83.6406,34.67991],[-83.64315,34.67984],[-83.64439,34.67933],[-83.64427,34.67773],[-83.64542,34.67679],[-83.64584,34.6753],[-83.64844,34.67345],[-83.64782,34.67258],[-83.6459,34.67238],[-83.64549,34.67099],[-83.64583,34.66996],[-83.64525,34.66962],[-83.64529,34.66901],[-83.64693,34.66884],[-83.64993,34.66652],[-83.654,34.66687],[-83.65433,34.66625],[-83.65414,34.66399],[-83.65476,34.66353],[-83.65485,34.66255],[-83.65617,34.66242],[-83.65608,34.66185],[-83.65873,34.65963],[-83.66115,34.6606],[-83.66282,34.6598],[-83.66236,34.65695],[-83.66266,34.6554],[-83.66508,34.65358],[-83.6646,34.65299],[-83.66161,34.65322],[-83.66108,34.65194],[-83.66143,34.65041],[-83.66111,34.6496],[-83.65703,34.64946],[-83.65663,34.64874],[-83.65683,34.64787],[-83.65498,34.64458],[-83.65317,34.64343],[-83.65168,34.64166],[-83.64953,34.64124],[-83.64684,34.63755],[-83.64724,34.6348],[-83.64673,34.63316],[-83.64261,34.62874],[-83.6412,34.62571],[-83.63817,34.62226],[-83.63776,34.61885],[-83.63867,34.61641],[-83.6419,34.6148],[-83.64426,34.61288],[-83.64652,34.61221],[-83.64661,34.60845],[-83.645,34.60201],[-83.64198,34.59782],[-83.64078,34.59448],[-83.63854,34.59289],[-83.63884,34.58003],[-83.63473,34.57589],[-83.63316,34.57288],[-83.63498,34.57193],[-83.63527,34.57122],[-83.63154,34.56932],[-83.62887,34.56721],[-83.62903,34.56407],[-83.62653,34.56072],[-83.6232,34.55972],[-83.61983,34.55541],[-83.61665,34.55483],[-83.61563,34.55359],[-83.61577,34.55263],[-83.6189,34.55257],[-83.62015,34.55192],[-83.62004,34.54977],[-83.61691,34.54803],[-83.61639,34.54679],[-83.61705,34.5461],[-83.62028,34.54513],[-83.62143,34.54379],[-83.621,34.5431],[-83.61868,34.54337],[-83.6171,34.54293],[-83.61662,34.54163],[-83.61867,34.54042],[-83.62474,34.54067],[-83.62527,34.53986],[-83.62527,34.53733],[-83.6259,34.5361],[-83.62736,34.53583],[-83.62884,34.53654],[-83.63006,34.53647],[-83.63086,34.53539],[-83.63059,34.53323],[-83.63401,34.53267],[-83.63424,34.53124],[-83.63232,34.52859],[-83.63294,34.52702],[-83.63407,34.52654],[-83.63834,34.52688],[-83.64175,34.525],[-83.64668,34.51996],[-83.65154,34.51876],[-83.65399,34.51692],[-83.65555,34.51798],[-83.65619,34.51792],[-83.65785,34.51441],[-83.65962,34.51371],[-83.66297,34.51341],[-83.6653,34.51074],[-83.66709,34.5069],[-83.66605,34.50443],[-83.66642,34.5036],[-83.66399,34.50008],[-83.62482,34.44453],[-83.61522,34.43171],[-83.61509,34.43225],[-83.60963,34.43611],[-83.6089,34.43793],[-83.60868,34.44192],[-83.60691,34.44444],[-83.60511,34.44541],[-83.59829,34.44746],[-83.58537,34.45303],[-83.58307,34.45528],[-83.57642,34.46518],[-83.56804,34.47111],[-83.56072,34.47898],[-83.55553,34.48217],[-83.55244,34.48584],[-83.54478,34.48632],[-83.53754,34.49172],[-83.50374,34.48748],[-83.46993,34.48406],[-83.45977,34.48114],[-83.41466,34.57403]]]}},{"type":"Feature","properties":{"name":"Hall"},"geometry":{"type":"Polygon","coordinates":[[[-83.6664,34.5036],[-83.7777,34.5048],[-83.77761,34.5137],[-83.7886,34.5141],[-83.78848,34.50475],[-83.84341,34.50549],[-83.84331,34.49702],[-83.8739,34.47732],[-83.87491,34.47724],[-83.8779,34.47552],[-83.8876,34.46879],[-83.88763,34.45994],[-83.90995,34.4598],[-83.90984,34.46919],[-83.93189,34.46934],[-83.9319,34.46053],[-83.92066,34.46011],[-83.92068,34.45113],[-83.93131,34.45121],[-83.95645,34.43729],[-83.95702,34.43791],[-83.96149,34.43612],[-83.96347,34.43617],[-83.96632,34.43388],[-83.96833,34.43333],[-83.97515,34.43272],[-83.97373,34.43109],[-83.97143,34.42618],[-83.97068,34.42402],[-83.97089,34.42281],[-83.97593,34.41874],[-83.97852,34.41906],[-83.98251,34.41781],[-83.98328,34.41704],[-83.98482,34.4116],[-83.98437,34.41075],[-83.9836,34.41068],[-83.98026,34.41164],[-83.9784,34.41122],[-83.97565,34.40865],[-83.97476,34.40655],[-83.972,34.4055],[-83.97152,34.40178],[-83.97277,34.399],[-83.97647,34.39795],[-83.97817,34.39453],[-83.97807,34.3919],[-83.97853,34.39076],[-83.98234,34.38786],[-83.98361,34.38612],[-83.98437,34.38363],[-83.98433,34.38296],[-83.98317,34.38197],[-83.97723,34.37948],[-83.97961,34.37713],[-83.9802,34.37587],[-83.98037,34.37411],[-83.97918,34.37298],[-83.97942,34.37164],[-83.98098,34.3692],[-83.98086,34.36874],[-83.97934,34.36814],[-83.97632,34.36466],[-83.97613,34.36306],[-83.97706,34.36189],[-83.98146,34.35954],[-83.98143,34.35783],[-83.97624,34.35658],[-83.97527,34.35327],[-83.97299,34.35011],[-83.97191,34.34766],[-83.96825,34.34369],[-83.96757,34.34075],[-83.96685,34.33963],[-83.96544,34.33994],[-83.96258,34.34267],[-83.96071,34.34312],[-83.96017,34.34271],[-83.96003,34.34025],[-83.95887,34.33718],[-83.95644,34.33293],[-83.95281,34.33101],[-83.94755,34.33033],[-83.94557,34.3294],[-83.94547,34.32873],[-83.94659,34.32668],[-83.94563,34.32479],[-83.94576,34.32422],[-83.95066,34.32305],[-83.95335,34.31763],[-83.95263,34.31538],[-83.94508,34.3068],[-83.94262,34.30202],[-83.9428,34.30119],[-83.94604,34.29922],[-83.94686,34.29779],[-83.94348,34.29472],[-83.9417,34.29208],[-83.941,34.29179],[-83.93996,34.29214],[-83.93966,34.29274],[-83.9403,34.29747],[-83.93957,34.29877],[-83.93645,34.29942],[-83.93151,34.29805],[-83.93131,34.297],[-83.9317,34.29641],[-83.93457,34.296],[-83.93629,34.2947],[-83.9349,34.29161],[-83.93459,34.28696],[-83.93342,34.28527],[-83.93223,34.28499],[-83.93112,34.28633],[-83.93215,34.28982],[-83.93181,34.29073],[-83.93089,34.29105],[-83.92831,34.28979],[-83.92557,34.28637],[-83.92667,34.28038],[-83.92757,34.27922],[-83.93217,34.27849],[-83.93722,34.27591],[-83.9426,34.27476],[-83.95149,34.27038],[-83.95332,34.26904],[-83.95402,34.26686],[-83.95086,34.26312],[-83.95048,34.26188],[-83.9528,34.2573],[-83.95359,34.25323],[-83.95311,34.25175],[-83.95113,34.25011],[-83.95008,34.24786],[-83.94897,34.24384],[-83.94936,34.24051],[-83.95049,34.23929],[-83.95782,34.23531],[-83.96104,34.23265],[-83.96837,34.23],[-83.97181,34.22813],[-83.97235,34.22598],[-83.97025,34.22274],[-83.96876,34.22205],[-83.9656,34.22221],[-83.96457,34.22155],[-83.9646,34.21998],[-83.96633,34.21664],[-83.96793,34.2152],[-83.97267,34.21409],[-83.97725,34.21401],[-83.97835,34.2136],[-83.98002,34.21121],[-83.9824,34.2044],[-83.98484,34.20022],[-83.98906,34.19573],[-83.99152,34.19442],[-83.99439,34.19373],[-83.99621,34.19385],[-84.00123,34.19587],[-84.00274,34.19582],[-84.00389,34.19544],[-84.00685,34.19233],[-84.01146,34.19102],[-84.01561,34.19179],[-84.02307,34.19478],[-84.02992,34.19533],[-84.03902,34.19426],[-84.04871,34.19122],[-84.05225,34.18848],[-84.05415,34.1855],[-84.05786,34.18314],[-84.05891,34.18198],[-84.05899,34.17686],[-84.06067,34.17365],[-84.06219,34.16854],[-84.04959,34.16473],[-84.02315,34.1544],[-83.98984,34.14269],[-83.97828,34.13798],[-83.97398,34.13709],[-83.90758,34.11257],[-83.86784,34.09865],[-83.84247,34.11316],[-83.82025,34.12655],[-83.81912,34.12654],[-83.81724,34.12758],[-83.62027,34.29582],[-83.62503,34.30131],[-83.62409,34.30449],[-83.62522,34.30631],[-83.63224,34.30697],[-83.63338,34.30752],[-83.64183,34.31276],[-83.64913,34.32041],[-83.64962,34.32721],[-83.64794,34.33463],[-83.64991,34.3406],[-83.65144,34.34371],[-83.65167,34.34631],[-83.65113,34.34756],[-83.65131,34.34882],[-83.65601,34.35312],[-83.65704,34.35492],[-83.65879,34.35588],[-83.66083,34.35592],[-83.66359,34.3572],[-83.66534,34.35962],[-83.66661,34.3629],[-83.66846,34.36433],[-83.66943,34.36603],[-83.66915,34.36695],[-83.66577,34.36879],[-83.6654,34.37078],[-83.6632,34.37334],[-83.66269,34.37617],[-83.66013,34.37947],[-83.66049,34.38697],[-83.66021,34.39057],[-83.65832,34.39285],[-83.65855,34.39318],[-83.65556,34.39975],[-83.65307,34.40235],[-83.64709,34.40501],[-83.64543,34.40643],[-83.64424,34.41087],[-83.64475,34.41305],[-83.64333,34.41408],[-83.64251,34.41547],[-83.64103,34.41603],[-83.63802,34.41688],[-83.6361,34.41567],[-83.62549,34.4195],[-83.6229,34.41944],[-83.61985,34.42473],[-83.61916,34.42748],[-83.61703,34.43036],[-83.61522,34.43171],[-83.62482,34.44453],[-83.6664,34.5036]]]}},{"type":"Feature","properties":{"name":"Hancock"},"geometry":{"type":"Polygon","coordinates":[[[-82.98373,33.44766],[-82.9893,33.45184],[-82.99196,33.45317],[-82.99701,33.45829],[-83.01064,33.469],[-83.01285,33.46918],[-83.16421,33.35503],[-83.16015,33.35095],[-83.15676,33.34928],[-83.15273,33.34812],[-83.1503,33.34612],[-83.14896,33.3426],[-83.14545,33.34122],[-83.14412,33.33987],[-83.14343,33.33721],[-83.14352,33.33477],[-83.14752,33.32932],[-83.14778,33.32587],[-83.15043,33.32274],[-83.15051,33.32191],[-83.14955,33.31958],[-83.14827,33.31795],[-83.14733,33.31478],[-83.14577,33.31208],[-83.14586,33.31005],[-83.14649,33.30906],[-83.14756,33.30844],[-83.15095,33.30814],[-83.16382,33.30339],[-83.1705,33.30143],[-83.17531,33.29828],[-83.17707,33.29354],[-83.17844,33.29205],[-83.1857,33.28966],[-83.18982,33.28893],[-83.19519,33.28588],[-83.1995,33.28526],[-83.20122,33.28409],[-83.20286,33.28033],[-83.20399,33.27911],[-83.20902,33.27883],[-83.21156,33.28189],[-83.21317,33.28208],[-83.21547,33.28145],[-83.22041,33.27794],[-83.22908,33.27685],[-83.23003,33.27605],[-83.22982,33.27472],[-83.22569,33.27029],[-83.22444,33.26684],[-83.22867,33.25679],[-83.22946,33.25629],[-83.2333,33.2585],[-83.23824,33.26245],[-83.23904,33.26261],[-83.2444,33.26218],[-83.2496,33.2599],[-83.25108,33.26033],[-83.25346,33.25929],[-83.25429,33.25805],[-83.2554,33.25454],[-83.25512,33.24841],[-83.25559,33.24648],[-83.2551,33.24422],[-83.25375,33.24265],[-83.25426,33.24109],[-83.25397,33.24014],[-83.2524,33.23805],[-83.2529,33.23345],[-83.25603,33.23106],[-83.25681,33.2274],[-83.25951,33.22303],[-83.25981,33.22145],[-83.25935,33.21771],[-83.26081,33.21525],[-83.2614,33.2109],[-83.26254,33.20833],[-83.26475,33.20782],[-83.26777,33.20492],[-83.27026,33.20392],[-83.27378,33.20126],[-83.27522,33.19132],[-83.27504,33.18947],[-83.27411,33.18724],[-83.26989,33.18697],[-83.26493,33.1888],[-83.26187,33.18902],[-83.23722,33.18348],[-83.19537,33.17634],[-83.11543,33.15673],[-83.0976,33.15151],[-83.09765,33.14976],[-83.09666,33.14896],[-83.09681,33.14794],[-83.09521,33.14698],[-83.09575,33.14582],[-83.09504,33.14525],[-83.09506,33.14431],[-83.09597,33.14376],[-83.09548,33.14094],[-83.09741,33.13854],[-83.09775,33.13744],[-83.09744,33.13684],[-83.09826,33.13571],[-83.09861,33.13313],[-83.10045,33.13248],[-83.10287,33.13037],[-83.1043,33.1311],[-83.10811,33.13062],[-83.10915,33.12983],[-83.11062,33.1273],[-83.10988,33.12594],[-83.10994,33.12482],[-83.10889,33.12367],[-83.10802,33.11895],[-83.10986,33.11579],[-83.10934,33.11502],[-83.10988,33.11393],[-83.11055,33.11364],[-83.11195,33.11435],[-83.11303,33.11316],[-83.1132,33.11163],[-83.11224,33.11112],[-83.11312,33.11],[-83.11305,33.10894],[-83.11409,33.1066],[-83.11274,33.10605],[-83.11225,33.10518],[-83.1142,33.10399],[-83.11456,33.10323],[-83.11435,33.10236],[-83.1134,33.10199],[-83.11296,33.10088],[-83.11294,33.09971],[-83.11342,33.09904],[-83.11285,33.09719],[-83.11405,33.09553],[-83.11404,33.09472],[-83.11531,33.09424],[-83.11482,33.09304],[-83.11637,33.0917],[-83.11883,33.08707],[-83.11691,33.0856],[-83.11872,33.08405],[-83.11894,33.08307],[-83.11802,33.08138],[-83.11828,33.08007],[-83.11709,33.07893],[-83.11747,33.0776],[-83.11689,33.07766],[-83.1159,33.0791],[-83.11501,33.07877],[-83.11428,33.07792],[-83.11391,33.07618],[-83.1118,33.07484],[-83.11177,33.0741],[-83.10871,33.07143],[-83.1095,33.0693],[-83.10778,33.068],[-83.10635,33.06484],[-83.10677,33.06418],[-83.10539,33.06342],[-83.10499,33.06159],[-83.10378,33.06014],[-83.10499,33.05832],[-83.10611,33.05767],[-83.10618,33.05697],[-83.10363,33.05534],[-83.10255,33.05374],[-83.10309,33.05279],[-83.10284,33.05137],[-83.10083,33.04985],[-83.09371,33.05423],[-83.08404,33.06374],[-83.07849,33.06451],[-83.07346,33.0641],[-83.07247,33.0645],[-83.06166,33.07342],[-83.05961,33.07593],[-83.05277,33.08048],[-83.0503,33.08109],[-83.04075,33.08086],[-83.03376,33.08167],[-83.0219,33.08018],[-83.01161,33.08039],[-83.00874,33.08085],[-83.00252,33.08384],[-82.99094,33.09069],[-82.98875,33.09293],[-82.98674,33.09684],[-82.98481,33.09945],[-82.98197,33.10233],[-82.97014,33.10928],[-82.96179,33.10791],[-82.9593,33.10697],[-82.95526,33.10776],[-82.95257,33.10738],[-82.94993,33.10775],[-82.9411,33.11296],[-82.93539,33.11458],[-82.92667,33.11627],[-82.92513,33.11816],[-82.9147,33.12673],[-82.901,33.12854],[-82.88887,33.1386],[-82.88921,33.14025],[-82.88264,33.15255],[-82.87933,33.15411],[-82.86772,33.1784],[-82.86737,33.18107],[-82.86509,33.18301],[-82.86248,33.18732],[-82.85808,33.18953],[-82.85675,33.19413],[-82.85454,33.19679],[-82.85145,33.19766],[-82.85008,33.19881],[-82.84563,33.20037],[-82.84398,33.20018],[-82.84285,33.20078],[-82.83723,33.20094],[-82.83205,33.20199],[-82.82792,33.20596],[-82.82593,33.2105],[-82.8243,33.21203],[-82.81852,33.21582],[-82.81274,33.2173],[-82.80705,33.22059],[-82.79887,33.22171],[-82.79417,33.22698],[-82.78913,33.22973],[-82.7881,33.23077],[-82.78817,33.23121],[-82.78482,33.23409],[-82.778,33.23843],[-82.76751,33.23689],[-82.76408,33.23806],[-82.74831,33.23835],[-82.74874,33.24033],[-82.74838,33.24504],[-82.74628,33.24585],[-82.74697,33.24752],[-82.7493,33.24872],[-82.75137,33.24915],[-82.75246,33.25181],[-82.75822,33.25473],[-82.75979,33.25481],[-82.76216,33.25375],[-82.7632,33.25383],[-82.76433,33.25589],[-82.76503,33.25903],[-82.76945,33.25885],[-82.77043,33.26076],[-82.77371,33.25997],[-82.77416,33.26051],[-82.77465,33.26356],[-82.77568,33.2648],[-82.77938,33.26686],[-82.78229,33.2676],[-82.78344,33.26839],[-82.78449,33.26835],[-82.78508,33.26762],[-82.78562,33.26797],[-82.78553,33.2688],[-82.78212,33.27035],[-82.78219,33.27158],[-82.78375,33.27297],[-82.78488,33.27702],[-82.78393,33.27909],[-82.78081,33.28126],[-82.78157,33.2826],[-82.78176,33.28506],[-82.78078,33.28677],[-82.78232,33.28783],[-82.78082,33.28935],[-82.78068,33.29233],[-82.78136,33.29593],[-82.78265,33.29696],[-82.78173,33.29853],[-82.78353,33.30019],[-82.78355,33.30219],[-82.78162,33.30429],[-82.78166,33.30586],[-82.78224,33.30693],[-82.78394,33.30691],[-82.78414,33.30792],[-82.78352,33.3092],[-82.78521,33.31008],[-82.78794,33.3104],[-82.79224,33.30943],[-82.79354,33.30974],[-82.79403,33.31061],[-82.79377,33.31244],[-82.79578,33.3154],[-82.79598,33.31885],[-82.79339,33.31869],[-82.7908,33.31953],[-82.78924,33.31869],[-82.78921,33.32151],[-82.78967,33.32207],[-82.79686,33.32461],[-82.79739,33.32548],[-82.79742,33.32724],[-82.79944,33.33071],[-82.79884,33.3326],[-82.79786,33.33382],[-82.79815,33.33909],[-82.79695,33.34018],[-82.79885,33.34244],[-82.79817,33.34491],[-82.79853,33.34707],[-82.80159,33.34871],[-82.80058,33.34956],[-82.80078,33.35117],[-82.79942,33.35215],[-82.7975,33.35494],[-82.79755,33.35645],[-82.79878,33.35787],[-82.80065,33.35902],[-82.79995,33.36078],[-82.80004,33.36209],[-82.80187,33.36283],[-82.80342,33.36533],[-82.80652,33.36469],[-82.80946,33.36502],[-82.81105,33.36389],[-82.81248,33.36379],[-82.81406,33.36515],[-82.8138,33.36819],[-82.81599,33.37082],[-82.81627,33.37253],[-82.81783,33.37346],[-82.8218,33.37393],[-82.81723,33.37732],[-82.81905,33.37927],[-82.81742,33.38372],[-82.81812,33.38573],[-82.81789,33.38726],[-82.82051,33.38877],[-82.82166,33.39005],[-82.8259,33.39048],[-82.8274,33.39164],[-82.82803,33.39299],[-82.82631,33.39277],[-82.82427,33.39371],[-82.82486,33.39541],[-82.826,33.39575],[-82.82605,33.39689],[-82.82781,33.39762],[-82.82788,33.39815],[-82.82669,33.399],[-82.82348,33.3993],[-82.82249,33.39988],[-82.82369,33.40096],[-82.82338,33.40217],[-82.82437,33.40275],[-82.82469,33.40386],[-82.82326,33.40522],[-82.82331,33.40609],[-82.82244,33.40671],[-82.82306,33.40819],[-82.8231,33.41027],[-82.82652,33.41313],[-82.82558,33.41647],[-82.82625,33.41822],[-82.82476,33.42022],[-82.82324,33.4211],[-82.82421,33.42235],[-82.82431,33.42401],[-82.82259,33.42573],[-82.82428,33.42785],[-82.8254,33.42804],[-82.82591,33.4287],[-82.82743,33.42849],[-82.82812,33.42918],[-82.83123,33.43046],[-82.83378,33.431],[-82.83484,33.43218],[-82.83386,33.43486],[-82.83427,33.43551],[-82.8355,33.43543],[-82.83564,33.43465],[-82.83748,33.43372],[-82.83746,33.4331],[-82.83957,33.43098],[-82.84155,33.43161],[-82.84367,33.4339],[-82.8465,33.43601],[-82.8471,33.43877],[-82.84923,33.44182],[-82.85102,33.44189],[-82.85188,33.44352],[-82.85332,33.44272],[-82.85479,33.44256],[-82.85622,33.44343],[-82.85763,33.44233],[-82.85886,33.44262],[-82.86068,33.44101],[-82.86392,33.44214],[-82.8651,33.44336],[-82.86889,33.44397],[-82.8726,33.44642],[-82.87745,33.44512],[-82.87969,33.44403],[-82.88038,33.44428],[-82.88102,33.44549],[-82.88203,33.44558],[-82.88405,33.44399],[-82.88694,33.44281],[-82.89039,33.43955],[-82.89212,33.43892],[-82.8929,33.43811],[-82.89404,33.43828],[-82.89602,33.44021],[-82.8978,33.43996],[-82.90048,33.44049],[-82.90149,33.43888],[-82.90402,33.43885],[-82.90598,33.43815],[-82.90696,33.43948],[-82.93966,33.44269],[-82.94466,33.44714],[-82.95122,33.45179],[-82.95686,33.45287],[-82.96152,33.45015],[-82.96694,33.44997],[-82.96966,33.45046],[-82.97284,33.45018],[-82.97557,33.45052],[-82.98107,33.44929],[-82.98272,33.44789],[-82.98373,33.44766]]]}},{"type":"Feature","properties":{"name":"Haralson"},"geometry":{"type":"Polygon","coordinates":[[[-85.2356,33.66991],[-85.13903,33.70002],[-85.12944,33.69978],[-85.12969,33.69142],[-85.11499,33.69135],[-85.06647,33.7107],[-85.06654,33.71497],[-85.05089,33.71463],[-85.04979,33.7627],[-85.04933,33.81243],[-85.03793,33.81194],[-85.03786,33.84143],[-85.03736,33.85117],[-85.03668,33.90433],[-85.21277,33.9063],[-85.21279,33.89921],[-85.38658,33.90172],[-85.37743,33.85605],[-85.3574,33.7501],[-85.33823,33.65312],[-85.28974,33.65209],[-85.2356,33.66991]]]}},{"type":"Feature","properties":{"name":"Harris"},"geometry":{"type":"Polygon","coordinates":[[[-85.18491,32.86894],[-85.18489,32.86336],[-85.1844,32.86132],[-85.17935,32.85527],[-85.17712,32.85389],[-85.16982,32.85251],[-85.16806,32.85286],[-85.16676,32.85474],[-85.16432,32.85618],[-85.1619,32.85639],[-85.15984,32.85494],[-85.15629,32.85052],[-85.15426,32.84748],[-85.15339,32.84486],[-85.15391,32.84102],[-85.15458,32.83981],[-85.15743,32.83944],[-85.16058,32.83825],[-85.16465,32.83479],[-85.16834,32.82852],[-85.16831,32.8265],[-85.16601,32.82304],[-85.16485,32.81979],[-85.16525,32.81812],[-85.16797,32.81434],[-85.16864,32.81425],[-85.16794,32.81161],[-85.16214,32.80424],[-85.1601,32.80293],[-85.15793,32.80032],[-85.15631,32.79936],[-85.15202,32.79418],[-85.14633,32.79157],[-85.14435,32.79143],[-85.14218,32.79214],[-85.14161,32.79136],[-85.14118,32.78866],[-85.13983,32.78714],[-85.13966,32.78515],[-85.13489,32.78446],[-85.13324,32.78251],[-85.13332,32.78208],[-85.1311,32.78031],[-85.12993,32.77965],[-85.12622,32.77919],[-85.12233,32.77438],[-85.12219,32.77335],[-85.12374,32.77203],[-85.13088,32.76956],[-85.13552,32.77114],[-85.13705,32.77092],[-85.13772,32.76984],[-85.13742,32.76719],[-85.14162,32.76416],[-85.14298,32.76165],[-85.14289,32.75947],[-85.14102,32.75697],[-85.13945,32.75183],[-85.13784,32.75013],[-85.13616,32.74728],[-85.13314,32.74463],[-85.12824,32.74223],[-85.12263,32.74199],[-85.11855,32.74082],[-85.11676,32.73994],[-85.1148,32.7381],[-85.11333,32.73575],[-85.11317,32.73281],[-85.11414,32.73043],[-85.11614,32.72743],[-85.12084,32.72293],[-85.12124,32.72003],[-85.12274,32.71603],[-85.12184,32.71263],[-85.11814,32.70943],[-85.12004,32.70653],[-85.11924,32.70553],[-85.11944,32.70343],[-85.11874,32.70223],[-85.11874,32.70083],[-85.11724,32.69653],[-85.11704,32.69203],[-85.11534,32.68943],[-85.11474,32.68563],[-85.11264,32.68343],[-85.10404,32.67963],[-85.10034,32.67593],[-85.09834,32.67523],[-85.09604,32.67183],[-85.09354,32.66973],[-85.09304,32.66443],[-85.09114,32.66224],[-85.09146,32.66083],[-85.08848,32.65776],[-85.08974,32.65563],[-85.09094,32.65554],[-85.09954,32.65113],[-85.10144,32.64864],[-85.10434,32.64643],[-85.10543,32.64493],[-85.10534,32.64354],[-85.10424,32.64204],[-85.10453,32.64101],[-85.10334,32.64115],[-85.10218,32.64032],[-85.10155,32.64039],[-85.10094,32.63983],[-85.10039,32.63712],[-85.0989,32.63693],[-85.10009,32.63458],[-85.09904,32.63503],[-85.09757,32.63451],[-85.09622,32.63483],[-85.09668,32.6362],[-85.09451,32.6346],[-85.09004,32.63404],[-85.08834,32.63454],[-85.08494,32.63664],[-85.08312,32.63616],[-85.08274,32.63404],[-85.08374,32.63334],[-85.08384,32.63194],[-85.08484,32.63134],[-85.08614,32.62944],[-85.09004,32.62764],[-85.09094,32.62574],[-85.09045,32.62406],[-85.08838,32.62098],[-85.08536,32.61854],[-85.08362,32.6178],[-85.08224,32.61626],[-85.0823,32.61239],[-85.08077,32.61015],[-85.08078,32.60807],[-84.99817,32.60754],[-84.90769,32.60761],[-84.90788,32.58343],[-84.74993,32.58322],[-84.6946,32.58394],[-84.69456,32.59717],[-84.69411,32.60032],[-84.69431,32.66739],[-84.69383,32.68567],[-84.6939,32.68605],[-84.70316,32.6862],[-84.7032,32.70072],[-84.69965,32.70093],[-84.69967,32.70824],[-84.69342,32.7081],[-84.69325,32.72264],[-84.68289,32.72275],[-84.68288,32.73035],[-84.68805,32.73037],[-84.68791,32.73876],[-84.69306,32.73881],[-84.69243,32.82939],[-84.70054,32.84464],[-84.73675,32.85782],[-84.75146,32.8627],[-84.75134,32.8692],[-84.76776,32.86893],[-84.76787,32.86771],[-84.81306,32.86807],[-84.81554,32.86754],[-84.82286,32.86809],[-84.84106,32.86812],[-84.84759,32.86837],[-84.84769,32.87244],[-84.86183,32.8725],[-84.86186,32.86862],[-85.09947,32.87015],[-85.09941,32.86665],[-85.10868,32.86666],[-85.10883,32.87024],[-85.18413,32.87053],[-85.18491,32.86894]]]}},{"type":"Feature","properties":{"name":"Hart"},"geometry":{"type":"Polygon","coordinates":[[[-83.10705,34.34471],[-83.09471,34.34702],[-83.10593,34.27891],[-83.11336,34.27353],[-83.1143,34.27084],[-83.11585,34.26213],[-83.07689,34.22242],[-83.05654,34.22806],[-83.01879,34.23409],[-83.00347,34.23127],[-82.99986,34.23107],[-82.98837,34.22444],[-82.99638,34.21911],[-82.99328,34.21678],[-82.98692,34.21348],[-82.9844,34.21137],[-82.98002,34.21007],[-82.98091,34.2115],[-82.96612,34.22049],[-82.9588,34.21854],[-82.91554,34.24768],[-82.84903,34.26463],[-82.83917,34.26937],[-82.83642,34.26968],[-82.83122,34.26917],[-82.82401,34.27054],[-82.82066,34.27327],[-82.81578,34.2761],[-82.81166,34.27737],[-82.80871,34.2773],[-82.80472,34.27884],[-82.79988,34.27894],[-82.79177,34.28339],[-82.78736,34.28458],[-82.78418,34.28439],[-82.77341,34.28886],[-82.77687,34.29183],[-82.77748,34.29335],[-82.77969,34.29488],[-82.78213,34.29828],[-82.78135,34.29998],[-82.78199,34.30318],[-82.7875,34.3113],[-82.79017,34.32211],[-82.79191,34.32576],[-82.79216,34.32832],[-82.79176,34.32785],[-82.79114,34.32946],[-82.79159,34.33282],[-82.79302,34.33473],[-82.79371,34.33731],[-82.79358,34.33858],[-82.79447,34.34038],[-82.79832,34.34156],[-82.80132,34.34454],[-82.80428,34.34558],[-82.81035,34.35051],[-82.81261,34.35114],[-82.81377,34.35393],[-82.81564,34.35391],[-82.8249,34.36041],[-82.82675,34.36052],[-82.82853,34.36132],[-82.83357,34.36409],[-82.83446,34.36522],[-82.83516,34.36741],[-82.83598,34.38091],[-82.83761,34.38501],[-82.84136,34.39013],[-82.84177,34.39155],[-82.84145,34.39905],[-82.84539,34.40694],[-82.84751,34.41276],[-82.84803,34.41833],[-82.84703,34.41906],[-82.84697,34.41988],[-82.84779,34.42054],[-82.84963,34.42568],[-82.85401,34.42882],[-82.85549,34.44179],[-82.85696,34.44363],[-82.86012,34.45284],[-82.85884,34.45522],[-82.8644,34.45978],[-82.86662,34.46068],[-82.87185,34.46119],[-82.87348,34.46432],[-82.87776,34.46644],[-82.88064,34.469],[-82.88117,34.46948],[-82.88079,34.47189],[-82.88135,34.47287],[-82.88447,34.47791],[-82.8874,34.48096],[-82.89245,34.48111],[-82.89643,34.48328],[-82.8983,34.48517],[-82.90155,34.48676],[-82.91127,34.48553],[-82.91774,34.48417],[-82.9206,34.48234],[-82.9252,34.48146],[-82.92712,34.48217],[-82.93042,34.48561],[-82.93696,34.48654],[-82.94286,34.48591],[-82.94399,34.48552],[-82.94783,34.48205],[-82.94823,34.48049],[-82.95564,34.47889],[-82.95855,34.47955],[-82.96321,34.48434],[-82.96424,34.48457],[-82.96648,34.48233],[-82.97088,34.48124],[-82.973,34.47989],[-82.97492,34.47935],[-82.9782,34.48242],[-82.97975,34.48294],[-82.98621,34.48072],[-82.99068,34.47997],[-82.99274,34.47895],[-82.99519,34.47547],[-82.99477,34.47279],[-82.9959,34.4722],[-82.9992,34.47245],[-83.00858,34.47604],[-83.01142,34.4763],[-83.01356,34.47747],[-83.01725,34.47825],[-83.02119,34.48086],[-83.0284,34.48388],[-83.03023,34.48391],[-83.03336,34.48309],[-83.04234,34.48807],[-83.04524,34.49118],[-83.04842,34.49344],[-83.05177,34.49376],[-83.09424,34.4159],[-83.10705,34.34471]]]}},{"type":"Feature","properties":{"name":"Heard"},"geometry":{"type":"Polygon","coordinates":[[[-85.04077,33.1883],[-84.93902,33.22469],[-84.95458,33.26561],[-84.94881,33.26565],[-84.94882,33.28228],[-84.95858,33.28236],[-84.95865,33.27705],[-84.99554,33.37469],[-85.01536,33.42551],[-85.12229,33.42688],[-85.2938,33.4281],[-85.23652,33.12956],[-85.1174,33.16365],[-85.11754,33.1785],[-85.10785,33.17846],[-85.10798,33.1951],[-85.09756,33.19509],[-85.09758,33.18663],[-85.08771,33.18659],[-85.08804,33.1717],[-85.06453,33.17848],[-85.06345,33.17986],[-85.06054,33.1812],[-85.05922,33.18315],[-85.05838,33.18345],[-85.05583,33.18369],[-85.04945,33.18145],[-85.04526,33.18162],[-85.04179,33.18537],[-85.04077,33.1883]]]}},{"type":"Feature","properties":{"name":"Henry"},"geometry":{"type":"Polygon","coordinates":[[[-84.35436,33.35269],[-84.24744,33.35262],[-84.24701,33.3516],[-84.24727,33.33581],[-84.19309,33.33603],[-84.15058,33.33564],[-84.15091,33.31298],[-84.15018,33.31354],[-84.14818,33.31313],[-84.14811,33.31393],[-84.14892,33.31506],[-84.14502,33.31653],[-84.14486,33.31568],[-84.14594,33.3153],[-84.14626,33.31396],[-84.14552,33.3137],[-84.14303,33.31466],[-84.14217,33.31352],[-84.13983,33.31292],[-84.13984,33.31175],[-84.13847,33.31064],[-84.13875,33.30891],[-84.1373,33.30836],[-84.13561,33.30846],[-84.13483,33.30791],[-84.13425,33.30365],[-84.13118,33.30229],[-84.12788,33.30237],[-84.12743,33.30137],[-84.12463,33.3009],[-84.12456,33.30021],[-84.12412,33.30008],[-84.1218,33.30075],[-84.12138,33.30188],[-84.11855,33.30242],[-84.118,33.30088],[-84.11647,33.30033],[-84.11375,33.29774],[-84.11162,33.29822],[-84.11009,33.29913],[-84.11006,33.30034],[-84.10884,33.30128],[-84.10574,33.29957],[-84.10313,33.29899],[-84.10258,33.29819],[-84.10244,33.30209],[-84.08859,33.30194],[-84.08741,33.29957],[-84.08646,33.29882],[-84.08615,33.29763],[-84.08138,33.30045],[-84.08024,33.30187],[-84.07334,33.30182],[-84.073,33.31761],[-84.06353,33.31761],[-84.06359,33.3098],[-84.06127,33.30958],[-84.0537,33.31774],[-84.05364,33.32955],[-84.04591,33.32955],[-84.0458,33.33132],[-84.04265,33.33133],[-84.04266,33.3335],[-84.0446,33.3335],[-84.04453,33.33719],[-84.04267,33.33654],[-84.04253,33.34111],[-84.04026,33.34138],[-84.0383,33.34283],[-84.03299,33.3428],[-84.03268,33.36164],[-84.02443,33.36129],[-84.02518,33.35846],[-84.02483,33.35726],[-84.02395,33.35683],[-84.02101,33.35694],[-84.01303,33.36007],[-84.00822,33.3662],[-84.0076,33.36835],[-83.99351,33.36853],[-83.98902,33.36829],[-83.98601,33.36747],[-83.98403,33.36819],[-83.98328,33.36912],[-83.98321,33.37006],[-83.98215,33.37018],[-83.98084,33.37173],[-83.97872,33.372],[-83.97684,33.37395],[-83.97692,33.37474],[-83.96437,33.37515],[-83.96437,33.37725],[-83.96386,33.37725],[-83.96354,33.3784],[-83.96733,33.38031],[-83.96602,33.3817],[-83.966,33.38513],[-83.97322,33.38519],[-83.97313,33.40756],[-83.96311,33.40758],[-83.96311,33.41919],[-83.95403,33.41924],[-83.95403,33.42522],[-83.94352,33.42529],[-83.9435,33.44178],[-83.93325,33.44158],[-83.9326,33.44186],[-83.9326,33.44452],[-83.92391,33.44419],[-83.92488,33.44591],[-83.92348,33.44936],[-83.9225,33.45043],[-83.92308,33.45108],[-83.92917,33.45381],[-83.93069,33.45363],[-83.93198,33.45467],[-83.93144,33.45741],[-83.93516,33.46015],[-83.93571,33.46292],[-83.93782,33.46783],[-83.94074,33.47024],[-83.94456,33.47153],[-83.9452,33.47396],[-83.94775,33.47674],[-83.94788,33.47793],[-83.94636,33.48273],[-83.94927,33.48573],[-83.95076,33.48567],[-83.95541,33.48373],[-83.95852,33.48482],[-83.96086,33.48505],[-83.96469,33.48672],[-83.96725,33.48614],[-83.96936,33.48681],[-83.97137,33.48609],[-83.97309,33.48376],[-83.97397,33.4835],[-83.97467,33.48408],[-83.9747,33.48696],[-83.97645,33.48882],[-83.98026,33.48699],[-83.98162,33.48712],[-83.98354,33.48874],[-83.98576,33.48799],[-83.98772,33.49093],[-83.99142,33.49283],[-84.00031,33.49434],[-84.0049,33.49335],[-84.00945,33.49314],[-84.01217,33.49218],[-84.01394,33.49438],[-84.0158,33.49806],[-84.02301,33.49644],[-84.02572,33.49658],[-84.02646,33.49582],[-84.02725,33.49207],[-84.02784,33.49149],[-84.03003,33.49337],[-84.03529,33.49565],[-84.03718,33.49578],[-84.0373,33.49664],[-84.03691,33.49705],[-84.03168,33.49778],[-84.03002,33.5001],[-84.03084,33.50137],[-84.03413,33.50375],[-84.0356,33.50905],[-84.03993,33.50982],[-84.04201,33.50937],[-84.043,33.50978],[-84.04333,33.51201],[-84.04296,33.51481],[-84.04184,33.51822],[-84.04295,33.51988],[-84.04443,33.52026],[-84.04621,33.51802],[-84.05065,33.51638],[-84.05078,33.51536],[-84.049,33.51372],[-84.04829,33.51219],[-84.04915,33.51104],[-84.05136,33.51102],[-84.05443,33.51499],[-84.05521,33.51849],[-84.05489,33.51951],[-84.04801,33.52267],[-84.04503,33.52472],[-84.04442,33.52632],[-84.04468,33.52846],[-84.04598,33.53047],[-84.04667,33.53067],[-84.05312,33.52633],[-84.05467,33.52603],[-84.05629,33.52674],[-84.05584,33.53052],[-84.05496,33.53081],[-84.05196,33.52994],[-84.05086,33.53049],[-84.0506,33.53394],[-84.05136,33.53604],[-84.04858,33.53871],[-84.04978,33.54116],[-84.05168,33.54238],[-84.05393,33.54259],[-84.05658,33.54111],[-84.05758,33.54],[-84.05959,33.54055],[-84.06274,33.54372],[-84.06572,33.54947],[-84.06653,33.54943],[-84.06907,33.54722],[-84.07008,33.54702],[-84.07288,33.54816],[-84.07315,33.54973],[-84.07448,33.55135],[-84.07528,33.55156],[-84.07639,33.55088],[-84.07721,33.55094],[-84.07893,33.55229],[-84.08058,33.55453],[-84.08206,33.55545],[-84.08574,33.55602],[-84.08989,33.55466],[-84.09105,33.55596],[-84.1039,33.56372],[-84.10555,33.56582],[-84.10682,33.56641],[-84.11289,33.5667],[-84.11534,33.56612],[-84.11732,33.5629],[-84.12019,33.56235],[-84.1233,33.56104],[-84.12481,33.56115],[-84.1281,33.56245],[-84.12937,33.56405],[-84.13088,33.56433],[-84.13108,33.56599],[-84.13384,33.56998],[-84.1373,33.57324],[-84.13863,33.57356],[-84.13935,33.57441],[-84.13984,33.57581],[-84.1394,33.57839],[-84.14011,33.58015],[-84.14496,33.58343],[-84.14683,33.58662],[-84.14971,33.5868],[-84.15381,33.59728],[-84.15769,33.60193],[-84.16123,33.60748],[-84.16471,33.61085],[-84.17029,33.61828],[-84.17216,33.62083],[-84.17212,33.62191],[-84.17515,33.62465],[-84.17665,33.6252],[-84.18158,33.62917],[-84.18109,33.63092],[-84.17945,33.63254],[-84.18021,33.6338],[-84.1801,33.6356],[-84.18051,33.63658],[-84.18394,33.6424],[-84.18414,33.64616],[-84.22395,33.64657],[-84.22424,33.63066],[-84.24545,33.63073],[-84.24577,33.64692],[-84.28165,33.64731],[-84.28146,33.63937],[-84.27186,33.63923],[-84.27206,33.63121],[-84.26257,33.631],[-84.26297,33.60695],[-84.25324,33.60693],[-84.25356,33.60053],[-84.25323,33.59876],[-84.24386,33.59862],[-84.2439,33.59029],[-84.2532,33.59029],[-84.25309,33.58218],[-84.26358,33.58225],[-84.26329,33.57488],[-84.2637,33.54892],[-84.29259,33.54914],[-84.29301,33.53299],[-84.28252,33.53288],[-84.28253,33.53135],[-84.28384,33.4982],[-84.28391,33.48434],[-84.29415,33.48433],[-84.29468,33.43572],[-84.30432,33.43573],[-84.30423,33.42743],[-84.32339,33.42803],[-84.32324,33.43594],[-84.35358,33.43617],[-84.35436,33.35269]]]}},{"type":"Feature","properties":{"name":"Houston"},"geometry":{"type":"Polygon","coordinates":[[[-83.72819,32.63877],[-83.72818,32.63513],[-83.71863,32.63498],[-83.71871,32.61064],[-83.71273,32.61058],[-83.71448,32.60351],[-83.71914,32.5982],[-83.71931,32.5889],[-83.72005,32.58412],[-83.71986,32.53176],[-83.72189,32.52326],[-83.72314,32.52112],[-83.72694,32.5213],[-83.72727,32.5224],[-83.72785,32.52272],[-83.72953,32.52225],[-83.73044,32.52278],[-83.73184,32.52252],[-83.7328,32.52317],[-83.73349,32.52618],[-83.73616,32.52875],[-83.73897,32.52857],[-83.74263,32.5318],[-83.74507,32.53186],[-83.74816,32.53339],[-83.7487,32.53416],[-83.74901,32.50525],[-83.77801,32.50555],[-83.77791,32.51295],[-83.78731,32.51285],[-83.78775,32.49653],[-83.79769,32.49657],[-83.79771,32.44699],[-83.81715,32.44671],[-83.81712,32.43988],[-83.82764,32.43915],[-83.82778,32.45756],[-83.8291,32.45829],[-83.83259,32.45866],[-83.83444,32.45989],[-83.83723,32.46052],[-83.83782,32.46112],[-83.83905,32.46103],[-83.84034,32.4602],[-83.84169,32.46038],[-83.8442,32.46387],[-83.8455,32.46732],[-83.84668,32.46851],[-83.8462,32.43938],[-83.83667,32.43931],[-83.83672,32.41466],[-83.83704,32.3822],[-83.85654,32.3824],[-83.85659,32.35777],[-83.84683,32.35774],[-83.84838,32.29097],[-83.71843,32.29016],[-83.71876,32.28307],[-83.70033,32.28258],[-83.70036,32.28999],[-83.68953,32.29018],[-83.68334,32.28964],[-83.65244,32.28949],[-83.61558,32.28856],[-83.60393,32.30454],[-83.59577,32.31346],[-83.58793,32.32329],[-83.5794,32.3363],[-83.52374,32.40219],[-83.52307,32.40234],[-83.52068,32.40114],[-83.52075,32.39986],[-83.51923,32.399],[-83.51889,32.39929],[-83.51838,32.39861],[-83.51894,32.39827],[-83.51863,32.39791],[-83.5175,32.39804],[-83.51756,32.39754],[-83.51639,32.39648],[-83.51664,32.39605],[-83.51567,32.39591],[-83.51347,32.39355],[-83.51325,32.39271],[-83.51204,32.39208],[-83.50824,32.39176],[-83.50737,32.39086],[-83.50738,32.38966],[-83.50667,32.3889],[-83.50473,32.39049],[-83.50379,32.39022],[-83.50348,32.38929],[-83.50271,32.3892],[-83.50231,32.38969],[-83.50243,32.39097],[-83.5008,32.39436],[-83.50094,32.39852],[-83.49973,32.40039],[-83.49475,32.40367],[-83.49056,32.40445],[-83.48556,32.4042],[-83.48414,32.40577],[-83.48277,32.40903],[-83.48294,32.41845],[-83.48433,32.41899],[-83.4846,32.42076],[-83.48553,32.4219],[-83.48246,32.42514],[-83.48309,32.42553],[-83.48465,32.42504],[-83.48661,32.42626],[-83.48796,32.42646],[-83.4886,32.42749],[-83.48851,32.42811],[-83.48736,32.42883],[-83.4877,32.42949],[-83.4896,32.43222],[-83.49119,32.43212],[-83.49136,32.43256],[-83.48964,32.43531],[-83.48804,32.43634],[-83.48752,32.43887],[-83.48778,32.44059],[-83.48973,32.44337],[-83.4972,32.44696],[-83.49809,32.4483],[-83.49728,32.45098],[-83.49825,32.45282],[-83.49791,32.45385],[-83.49542,32.45526],[-83.49497,32.45633],[-83.4917,32.45626],[-83.49015,32.45697],[-83.48969,32.45802],[-83.49091,32.46106],[-83.49201,32.4618],[-83.49411,32.46178],[-83.49479,32.46258],[-83.49491,32.46629],[-83.49198,32.46762],[-83.49274,32.46863],[-83.49474,32.46938],[-83.4949,32.47031],[-83.49381,32.47092],[-83.4937,32.47188],[-83.49445,32.47219],[-83.49491,32.47156],[-83.49674,32.47112],[-83.49746,32.4722],[-83.49433,32.47524],[-83.49057,32.47552],[-83.48916,32.47643],[-83.49081,32.47817],[-83.49132,32.47805],[-83.49191,32.47663],[-83.49353,32.47688],[-83.49396,32.47776],[-83.49247,32.47904],[-83.4926,32.47996],[-83.49474,32.48081],[-83.49773,32.47985],[-83.4987,32.48083],[-83.49867,32.48164],[-83.49823,32.48233],[-83.4948,32.48415],[-83.49381,32.48395],[-83.49393,32.48236],[-83.49309,32.48188],[-83.49196,32.4836],[-83.48889,32.48384],[-83.48842,32.48514],[-83.48865,32.48554],[-83.49122,32.48584],[-83.49183,32.48634],[-83.49238,32.48914],[-83.49361,32.49004],[-83.49725,32.48907],[-83.50015,32.48991],[-83.50253,32.49125],[-83.50703,32.49265],[-83.5149,32.49724],[-83.51465,32.49785],[-83.5129,32.49807],[-83.51331,32.49908],[-83.5153,32.49938],[-83.51823,32.49899],[-83.51865,32.50336],[-83.51814,32.50414],[-83.5197,32.50418],[-83.52019,32.5025],[-83.52089,32.50214],[-83.52203,32.50385],[-83.52395,32.50493],[-83.52438,32.50571],[-83.52394,32.50656],[-83.52266,32.50582],[-83.52167,32.50735],[-83.52012,32.50767],[-83.52003,32.50819],[-83.5213,32.5095],[-83.52063,32.51073],[-83.52305,32.51081],[-83.5241,32.51259],[-83.5266,32.51153],[-83.5275,32.51181],[-83.52731,32.51326],[-83.52891,32.51432],[-83.52903,32.51562],[-83.52999,32.51642],[-83.53028,32.51813],[-83.531,32.51812],[-83.53268,32.51618],[-83.53401,32.51661],[-83.53377,32.519],[-83.53482,32.52126],[-83.53258,32.52221],[-83.533,32.52351],[-83.53436,32.5233],[-83.53567,32.52371],[-83.53713,32.52259],[-83.53754,32.52305],[-83.53669,32.52421],[-83.53701,32.52478],[-83.53808,32.52474],[-83.53894,32.524],[-83.53985,32.52429],[-83.53967,32.52511],[-83.53844,32.52558],[-83.53785,32.52768],[-83.5357,32.52906],[-83.53539,32.52997],[-83.53564,32.53336],[-83.53748,32.53434],[-83.53733,32.53605],[-83.53917,32.53751],[-83.53986,32.54086],[-83.539,32.54203],[-83.53743,32.54122],[-83.53612,32.54316],[-83.53607,32.54399],[-83.53737,32.54649],[-83.53734,32.54776],[-83.53932,32.54764],[-83.54034,32.54808],[-83.54175,32.5502],[-83.5411,32.55112],[-83.53886,32.55094],[-83.53829,32.55128],[-83.53832,32.55219],[-83.53987,32.55348],[-83.53871,32.55494],[-83.53892,32.55573],[-83.53977,32.55584],[-83.54027,32.55495],[-83.54092,32.55492],[-83.54317,32.55714],[-83.54382,32.55725],[-83.54433,32.556],[-83.54514,32.55568],[-83.5461,32.55657],[-83.54489,32.55754],[-83.5449,32.55821],[-83.54776,32.55936],[-83.54783,32.56008],[-83.54593,32.56033],[-83.546,32.56195],[-83.5453,32.56297],[-83.54585,32.56337],[-83.54761,32.56281],[-83.54838,32.56353],[-83.54777,32.56763],[-83.54818,32.57178],[-83.54765,32.57332],[-83.54315,32.57455],[-83.54184,32.57715],[-83.54126,32.57738],[-83.53672,32.57463],[-83.53606,32.57597],[-83.53633,32.583],[-83.53412,32.58566],[-83.53505,32.58657],[-83.53684,32.58652],[-83.5379,32.58604],[-83.53816,32.58394],[-83.54001,32.58476],[-83.54023,32.58757],[-83.53956,32.5875],[-83.53939,32.58662],[-83.53878,32.58635],[-83.53724,32.58839],[-83.53999,32.59062],[-83.54173,32.59925],[-83.5403,32.60264],[-83.53798,32.60285],[-83.54074,32.60576],[-83.54041,32.60746],[-83.5425,32.60667],[-83.54373,32.60708],[-83.54365,32.60826],[-83.54212,32.60814],[-83.54192,32.60853],[-83.54356,32.60937],[-83.54373,32.61103],[-83.54502,32.61014],[-83.54591,32.61021],[-83.54632,32.61234],[-83.54748,32.61354],[-83.54688,32.61506],[-83.54843,32.61567],[-83.54897,32.61636],[-83.5481,32.61713],[-83.54592,32.6171],[-83.54465,32.61801],[-83.54433,32.61959],[-83.5415,32.62025],[-83.54394,32.62233],[-83.54295,32.62579],[-83.54514,32.62714],[-83.54425,32.62904],[-83.54629,32.62959],[-83.54633,32.63047],[-83.54513,32.63217],[-83.54634,32.63235],[-83.54753,32.63088],[-83.54918,32.6339],[-83.55097,32.63479],[-83.55106,32.63653],[-83.54874,32.63924],[-83.54934,32.64206],[-83.54997,32.64229],[-83.55065,32.6408],[-83.55121,32.64074],[-83.55476,32.64416],[-83.55656,32.64422],[-83.55753,32.64477],[-83.55834,32.64949],[-83.55781,32.64965],[-83.5573,32.64821],[-83.5551,32.6476],[-83.55459,32.64791],[-83.55453,32.64879],[-83.55518,32.65013],[-83.55667,32.65037],[-83.5569,32.6509],[-83.55578,32.65252],[-83.55632,32.65275],[-83.55915,32.65211],[-83.55984,32.65253],[-83.56043,32.65384],[-83.56178,32.654],[-83.56085,32.65769],[-83.56106,32.65827],[-83.56313,32.65981],[-83.56474,32.6597],[-83.5662,32.66079],[-83.56682,32.6588],[-83.56801,32.66001],[-83.57039,32.65978],[-83.57062,32.65727],[-83.5713,32.65742],[-83.57148,32.65895],[-83.57314,32.658],[-83.57511,32.65871],[-83.57654,32.65755],[-83.57914,32.65706],[-83.58027,32.65513],[-83.58185,32.65509],[-83.58255,32.65567],[-83.58054,32.65773],[-83.58072,32.65872],[-83.58219,32.6588],[-83.58345,32.65728],[-83.58483,32.65701],[-83.58562,32.65797],[-83.58476,32.65974],[-83.58612,32.66066],[-83.58536,32.66178],[-83.58576,32.66266],[-83.58824,32.6628],[-83.58883,32.66431],[-83.59091,32.66392],[-83.59101,32.66546],[-83.59373,32.66507],[-83.59419,32.66639],[-83.59614,32.66427],[-83.59908,32.66398],[-83.60124,32.66278],[-83.60231,32.66299],[-83.60224,32.6623],[-83.60416,32.66156],[-83.60463,32.66068],[-83.60555,32.66067],[-83.60727,32.66195],[-83.60713,32.66356],[-83.60779,32.66445],[-83.60879,32.66438],[-83.60938,32.66495],[-83.61077,32.6647],[-83.6118,32.66537],[-83.61285,32.66435],[-83.61375,32.66484],[-83.61459,32.66353],[-83.61593,32.66484],[-83.61636,32.66346],[-83.61771,32.66345],[-83.62106,32.66487],[-83.62213,32.66676],[-83.62438,32.66732],[-83.62437,32.66831],[-83.62652,32.66956],[-83.63334,32.66825],[-83.6361,32.66958],[-83.63723,32.66903],[-83.63876,32.66908],[-83.63924,32.66976],[-83.64099,32.66994],[-83.64372,32.67216],[-83.64538,32.67423],[-83.64787,32.67362],[-83.6496,32.67454],[-83.6509,32.67357],[-83.65229,32.67342],[-83.65269,32.67399],[-83.65569,32.67387],[-83.65684,32.6746],[-83.65923,32.67437],[-83.66021,32.67379],[-83.66078,32.67502],[-83.66143,32.67517],[-83.66324,32.67376],[-83.66386,32.67458],[-83.66649,32.67459],[-83.66679,32.67499],[-83.66594,32.67516],[-83.66614,32.67575],[-83.66796,32.67605],[-83.66842,32.6767],[-83.66951,32.67631],[-83.67026,32.6775],[-83.67226,32.67739],[-83.67272,32.67674],[-83.67308,32.67711],[-83.67394,32.67696],[-83.6746,32.67778],[-83.67706,32.67886],[-83.67751,32.67979],[-83.67849,32.67984],[-83.67887,32.68115],[-83.67987,32.68151],[-83.6799,32.68277],[-83.68096,32.68284],[-83.68323,32.68456],[-83.68519,32.68531],[-83.68679,32.68458],[-83.68756,32.68536],[-83.68836,32.68464],[-83.68868,32.68565],[-83.68809,32.68634],[-83.68872,32.68696],[-83.69002,32.6869],[-83.69215,32.68867],[-83.69406,32.68891],[-83.69436,32.68844],[-83.6962,32.68852],[-83.69778,32.68915],[-83.69823,32.68996],[-83.69785,32.69025],[-83.69852,32.69094],[-83.69912,32.69079],[-83.69954,32.69168],[-83.70115,32.69217],[-83.70104,32.68788],[-83.70198,32.68225],[-83.70437,32.67835],[-83.70891,32.67496],[-83.70915,32.6513],[-83.72777,32.65143],[-83.72819,32.63877]]]}},{"type":"Feature","properties":{"name":"Irwin"},"geometry":{"type":"Polygon","coordinates":[[[-83.50093,31.57031],[-83.47083,31.56939],[-83.47093,31.55596],[-83.4207,31.55357],[-83.41249,31.54809],[-83.41076,31.54534],[-83.40707,31.54347],[-83.4048,31.54118],[-83.40359,31.53668],[-83.4025,31.53584],[-83.40211,31.53409],[-83.40123,31.53338],[-83.39945,31.53327],[-83.39726,31.53162],[-83.39704,31.53107],[-83.39774,31.52862],[-83.39564,31.5246],[-83.39586,31.523],[-83.39456,31.52085],[-83.39456,31.51814],[-83.39196,31.51539],[-83.38938,31.51466],[-83.38712,31.51178],[-83.38615,31.50974],[-83.38608,31.50322],[-83.38582,31.50223],[-83.3849,31.50143],[-83.38485,31.49873],[-83.3845,31.4986],[-83.38364,31.49417],[-83.38408,31.49329],[-83.384,31.49139],[-83.38238,31.48887],[-83.38219,31.4871],[-83.38009,31.48543],[-83.37798,31.48466],[-83.37663,31.48205],[-83.37284,31.48222],[-83.37058,31.48453],[-83.36408,31.48494],[-83.36244,31.48421],[-83.36106,31.4842],[-83.35978,31.48224],[-83.35689,31.48163],[-83.35576,31.48051],[-83.35239,31.47946],[-83.35055,31.47774],[-83.34879,31.47753],[-83.34873,31.47671],[-83.34763,31.47718],[-83.34693,31.47645],[-83.34137,31.47591],[-83.2497,31.47521],[-83.23928,31.47459],[-83.14549,31.4723],[-83.14178,31.47186],[-83.13036,31.47388],[-83.12246,31.4734],[-83.11982,31.47368],[-83.11796,31.47465],[-83.11531,31.47792],[-83.11166,31.47823],[-83.11032,31.48233],[-83.10444,31.48919],[-83.10169,31.49367],[-83.09627,31.50696],[-83.09217,31.51064],[-83.08489,31.51389],[-83.08394,31.51493],[-83.08235,31.5248],[-83.07495,31.53248],[-83.07317,31.53557],[-83.07169,31.54069],[-83.06827,31.54516],[-83.06497,31.55282],[-83.06346,31.55787],[-83.06004,31.56549],[-83.05881,31.61121],[-83.04485,31.61081],[-83.04447,31.62411],[-83.03019,31.62369],[-83.02936,31.63618],[-83.01417,31.63572],[-83.01342,31.6608],[-82.99879,31.66047],[-82.99836,31.67316],[-82.9997,31.67285],[-83.01382,31.67376],[-83.1248,31.67665],[-83.14654,31.67779],[-83.17651,31.67851],[-83.17722,31.65169],[-83.24398,31.65326],[-83.26636,31.6542],[-83.26564,31.67986],[-83.27874,31.67966],[-83.32562,31.6806],[-83.32462,31.73982],[-83.3253,31.75658],[-83.33987,31.7566],[-83.33966,31.76955],[-83.36964,31.76965],[-83.36977,31.76095],[-83.37027,31.75706],[-83.45363,31.75786],[-83.45422,31.75675],[-83.45318,31.75527],[-83.45218,31.75221],[-83.4527,31.7506],[-83.45397,31.7496],[-83.457,31.74839],[-83.45797,31.74676],[-83.4596,31.746],[-83.46014,31.74501],[-83.46084,31.74496],[-83.46088,31.74435],[-83.46316,31.74215],[-83.46404,31.74173],[-83.46633,31.74202],[-83.46678,31.74133],[-83.46667,31.73939],[-83.46552,31.73861],[-83.46378,31.7358],[-83.46331,31.73285],[-83.46369,31.73118],[-83.46314,31.72908],[-83.46075,31.72614],[-83.45929,31.72585],[-83.45831,31.72409],[-83.45614,31.72279],[-83.45582,31.71676],[-83.45511,31.71587],[-83.45296,31.70895],[-83.45313,31.70793],[-83.45493,31.70593],[-83.4588,31.70451],[-83.45968,31.70355],[-83.46127,31.69896],[-83.46064,31.69539],[-83.49067,31.69609],[-83.49057,31.6767],[-83.49165,31.61941],[-83.49989,31.61946],[-83.49995,31.59682],[-83.50005,31.59401],[-83.5007,31.59399],[-83.50093,31.57031]]]}},{"type":"Feature","properties":{"name":"Jackson"},"geometry":{"type":"Polygon","coordinates":[[[-83.42203,34.01689],[-83.38396,34.03102],[-83.39296,34.03372],[-83.38976,34.03508],[-83.39036,34.03613],[-83.38442,34.03853],[-83.38288,34.0355],[-83.37984,34.03738],[-83.3777,34.03338],[-83.3595,34.04029],[-83.38691,34.05015],[-83.38558,34.05101],[-83.38535,34.05454],[-83.38327,34.05545],[-83.38312,34.05845],[-83.38238,34.05934],[-83.38306,34.06112],[-83.38181,34.06157],[-83.38127,34.06246],[-83.3823,34.06687],[-83.38083,34.06744],[-83.37906,34.0669],[-83.37712,34.06775],[-83.37651,34.07036],[-83.37492,34.07126],[-83.37539,34.07394],[-83.38136,34.07854],[-83.37811,34.08054],[-83.37633,34.08049],[-83.37413,34.08237],[-83.3738,34.08444],[-83.37423,34.08832],[-83.37386,34.0905],[-83.37051,34.09348],[-83.36997,34.09532],[-83.3703,34.09665],[-83.36884,34.09743],[-83.3686,34.09869],[-83.36768,34.09891],[-83.3681,34.10138],[-83.36584,34.10453],[-83.36537,34.10646],[-83.36371,34.10733],[-83.36328,34.10885],[-83.36365,34.1101],[-83.35705,34.1162],[-83.35768,34.13569],[-83.36133,34.14962],[-83.36155,34.15835],[-83.36384,34.16406],[-83.37944,34.1713],[-83.3856,34.18224],[-83.39382,34.18524],[-83.39373,34.18606],[-83.3949,34.18836],[-83.39936,34.19479],[-83.40574,34.20004],[-83.4071,34.20186],[-83.4091,34.20245],[-83.41254,34.20635],[-83.42296,34.21257],[-83.42341,34.21365],[-83.42302,34.21569],[-83.42369,34.2167],[-83.44317,34.23109],[-83.47924,34.26071],[-83.48521,34.25765],[-83.48875,34.25637],[-83.49483,34.26124],[-83.5025,34.25646],[-83.53176,34.25644],[-83.56152,34.25271],[-83.56461,34.25591],[-83.57341,34.25875],[-83.58323,34.26598],[-83.58714,34.26967],[-83.59218,34.27193],[-83.59558,34.27622],[-83.59619,34.27986],[-83.59726,34.28149],[-83.60145,34.28332],[-83.60729,34.28705],[-83.61581,34.29104],[-83.61785,34.29278],[-83.62006,34.296],[-83.81768,34.12749],[-83.8163,34.12716],[-83.81575,34.12633],[-83.81656,34.12402],[-83.81653,34.12253],[-83.81555,34.12145],[-83.81339,34.12134],[-83.81232,34.12079],[-83.81213,34.12004],[-83.81307,34.11845],[-83.81307,34.11745],[-83.81083,34.11615],[-83.81111,34.11552],[-83.81502,34.11436],[-83.81507,34.11358],[-83.81077,34.11239],[-83.80958,34.11058],[-83.80778,34.1094],[-83.80585,34.10982],[-83.80576,34.10769],[-83.79986,34.10285],[-83.79454,34.1016],[-83.79227,34.10035],[-83.78994,34.09373],[-83.79143,34.08855],[-83.79079,34.08688],[-83.78625,34.08397],[-83.77798,34.07982],[-83.77344,34.07383],[-83.76988,34.07323],[-83.7691,34.0694],[-83.76784,34.06681],[-83.76384,34.06468],[-83.76331,34.06487],[-83.76283,34.06616],[-83.76084,34.06668],[-83.75791,34.06632],[-83.75582,34.06517],[-83.75178,34.06418],[-83.74529,34.06529],[-83.74249,34.06517],[-83.7421,34.06591],[-83.74321,34.06712],[-83.74339,34.06834],[-83.7428,34.06919],[-83.7416,34.06953],[-83.74033,34.06938],[-83.73891,34.06697],[-83.73772,34.06639],[-83.7336,34.0673],[-83.73331,34.06666],[-83.73434,34.06364],[-83.73234,34.06028],[-83.73032,34.06015],[-83.72793,34.0607],[-83.72419,34.06321],[-83.72305,34.06343],[-83.72159,34.06263],[-83.72133,34.0604],[-83.72035,34.05957],[-83.72029,34.05881],[-83.72096,34.05801],[-83.72093,34.057],[-83.72038,34.05657],[-83.7208,34.0554],[-83.71876,34.05355],[-83.71784,34.05385],[-83.71756,34.05461],[-83.71576,34.05595],[-83.71313,34.0562],[-83.71229,34.05402],[-83.71287,34.05233],[-83.71397,34.05139],[-83.71436,34.04989],[-83.71308,34.04914],[-83.71164,34.04613],[-83.70918,34.04513],[-83.70807,34.04607],[-83.7042,34.04645],[-83.70394,34.04739],[-83.70247,34.04871],[-83.7026,34.05043],[-83.70202,34.05291],[-83.70087,34.05432],[-83.69964,34.05412],[-83.69894,34.05296],[-83.69793,34.05267],[-83.69652,34.05373],[-83.6958,34.05617],[-83.69459,34.05626],[-83.69369,34.05473],[-83.69408,34.0531],[-83.69215,34.05169],[-83.69058,34.0518],[-83.68974,34.05285],[-83.68807,34.05367],[-83.68551,34.05344],[-83.68587,34.05053],[-83.6867,34.04886],[-83.6863,34.04778],[-83.6851,34.04692],[-83.68166,34.04754],[-83.67946,34.04741],[-83.67866,34.04968],[-83.6796,34.05156],[-83.67872,34.05247],[-83.67693,34.05249],[-83.67591,34.05376],[-83.67472,34.0533],[-83.67423,34.0525],[-83.67345,34.05304],[-83.67245,34.05264],[-83.67168,34.05065],[-83.67003,34.04999],[-83.66931,34.04841],[-83.66761,34.04798],[-83.66312,34.0489],[-83.66381,34.04991],[-83.66401,34.05157],[-83.66309,34.05238],[-83.66013,34.05237],[-83.65727,34.05338],[-83.65654,34.05279],[-83.65636,34.04957],[-83.65508,34.04748],[-83.64876,34.0459],[-83.64796,34.0459],[-83.64707,34.04671],[-83.64664,34.04998],[-83.64499,34.05088],[-83.64366,34.0508],[-83.64397,34.04953],[-83.64257,34.04878],[-83.63756,34.04786],[-83.636,34.04591],[-83.6351,34.04627],[-83.63341,34.04582],[-83.63081,34.04615],[-83.63021,34.04459],[-83.62727,34.04599],[-83.62676,34.04535],[-83.62511,34.04514],[-83.62321,34.04578],[-83.62328,34.04646],[-83.62269,34.04668],[-83.62174,34.04684],[-83.62068,34.04631],[-83.61877,34.04713],[-83.61798,34.04654],[-83.61705,34.04753],[-83.61614,34.04708],[-83.61465,34.04716],[-83.61455,34.04644],[-83.61493,34.04601],[-83.61532,34.04623],[-83.61552,34.04539],[-83.61422,34.04452],[-83.61155,34.04434],[-83.61104,34.04245],[-83.61175,34.04197],[-83.61156,34.04096],[-83.61053,34.03975],[-83.60939,34.03938],[-83.61031,34.03906],[-83.61015,34.03851],[-83.60851,34.03822],[-83.60746,34.03848],[-83.60715,34.03911],[-83.60584,34.03856],[-83.60506,34.03881],[-83.60422,34.03795],[-83.60317,34.03772],[-83.60291,34.03655],[-83.60092,34.03596],[-83.60054,34.0353],[-83.59964,34.03577],[-83.59955,34.03658],[-83.59872,34.03738],[-83.59737,34.03644],[-83.59526,34.03648],[-83.5942,34.03705],[-83.59058,34.03719],[-83.58909,34.03816],[-83.58753,34.03802],[-83.58648,34.03915],[-83.58467,34.03898],[-83.58416,34.03853],[-83.58362,34.0394],[-83.58444,34.04066],[-83.58424,34.04105],[-83.57951,34.03965],[-83.57573,34.03979],[-83.57374,34.03931],[-83.57333,34.03872],[-83.57371,34.0366],[-83.57229,34.03444],[-83.57111,34.0314],[-83.56871,34.03102],[-83.56725,34.03195],[-83.56516,34.03237],[-83.56328,34.03186],[-83.5369,33.96618],[-83.49824,33.98753],[-83.49854,33.98824],[-83.50216,33.991],[-83.50368,33.9979],[-83.50305,33.99958],[-83.50307,33.99764],[-83.5019,33.99625],[-83.50113,33.9961],[-83.4978,33.99766],[-83.4947,33.99739],[-83.4905,33.99614],[-83.48698,33.99431],[-83.48589,33.99311],[-83.48447,33.99283],[-83.42203,34.01689]]]}},{"type":"Feature","properties":{"name":"Jasper"},"geometry":{"type":"Polygon","coordinates":[[[-83.74201,33.47654],[-83.7632,33.45895],[-83.76769,33.45544],[-83.76951,33.45465],[-83.77128,33.45249],[-83.79195,33.44637],[-83.80737,33.44083],[-83.80838,33.43634],[-83.8122,33.43466],[-83.81627,33.43671],[-83.8172,33.43624],[-83.81945,33.43702],[-83.82097,33.43632],[-83.82309,33.43802],[-83.82486,33.43734],[-83.82495,33.43648],[-83.82366,33.43479],[-83.82348,33.43339],[-83.82632,33.43029],[-83.82613,33.42826],[-83.82837,33.42612],[-83.8287,33.42243],[-83.83048,33.42204],[-83.83087,33.42152],[-83.83068,33.41884],[-83.82816,33.41503],[-83.84521,33.41472],[-83.84502,33.40775],[-83.83688,33.40788],[-83.83697,33.40504],[-83.84375,33.40492],[-83.84254,33.40258],[-83.83995,33.39953],[-83.83309,33.39584],[-83.83102,33.39346],[-83.83825,33.38959],[-83.84154,33.38461],[-83.84515,33.38138],[-83.84629,33.37978],[-83.84793,33.37642],[-83.84716,33.37505],[-83.8474,33.3745],[-83.85143,33.37278],[-83.85692,33.37188],[-83.85458,33.36966],[-83.85394,33.36724],[-83.85912,33.36874],[-83.86306,33.36828],[-83.86107,33.36447],[-83.86199,33.35904],[-83.86107,33.35773],[-83.85788,33.35551],[-83.85709,33.35379],[-83.85767,33.35241],[-83.86049,33.34895],[-83.8633,33.34208],[-83.86258,33.34123],[-83.85785,33.33897],[-83.85635,33.33679],[-83.85453,33.33521],[-83.85175,33.33405],[-83.84642,33.3329],[-83.83987,33.32822],[-83.83942,33.32629],[-83.83964,33.32415],[-83.84263,33.31926],[-83.84271,33.31806],[-83.842,33.31678],[-83.83726,33.31233],[-83.83701,33.311],[-83.83758,33.30899],[-83.83745,33.30761],[-83.83413,33.30493],[-83.83281,33.30296],[-83.83001,33.30123],[-83.82896,33.29797],[-83.82893,33.29537],[-83.8274,33.29249],[-83.82881,33.28627],[-83.8318,33.2843],[-83.83267,33.28304],[-83.83212,33.27824],[-83.8325,33.27621],[-83.83234,33.27227],[-83.83091,33.2697],[-83.82932,33.26823],[-83.82858,33.26638],[-83.82667,33.26585],[-83.82495,33.26451],[-83.82353,33.25779],[-83.82037,33.25421],[-83.8202,33.25318],[-83.81711,33.25195],[-83.81647,33.24981],[-83.81421,33.24928],[-83.81342,33.24859],[-83.8141,33.24732],[-83.81334,33.24593],[-83.81435,33.24378],[-83.81419,33.2419],[-83.81537,33.24059],[-83.81903,33.23315],[-83.82181,33.2287],[-83.82369,33.22175],[-83.82777,33.21747],[-83.833,33.21315],[-83.83442,33.21058],[-83.83403,33.2097],[-83.83286,33.20926],[-83.83015,33.21056],[-83.82575,33.21027],[-83.82459,33.20926],[-83.82457,33.2062],[-83.82393,33.20472],[-83.82058,33.20139],[-83.81883,33.2006],[-83.8141,33.2001],[-83.81261,33.19942],[-83.81187,33.19827],[-83.81269,33.19672],[-83.81445,33.196],[-83.81711,33.19571],[-83.81681,33.19437],[-83.81584,33.19355],[-83.81346,33.19289],[-83.80922,33.194],[-83.80736,33.1934],[-83.80774,33.19159],[-83.81394,33.18883],[-83.81793,33.1856],[-83.82226,33.18024],[-83.8246,33.1762],[-83.82373,33.1721],[-83.82449,33.16505],[-83.82362,33.15942],[-83.82206,33.15677],[-83.81686,33.15192],[-83.81397,33.14825],[-83.81401,33.14732],[-83.81632,33.14572],[-83.81707,33.14393],[-83.81724,33.1411],[-83.81573,33.13359],[-83.81605,33.13182],[-83.62439,33.16108],[-83.54588,33.17194],[-83.54216,33.27881],[-83.53995,33.31225],[-83.53935,33.35331],[-83.53673,33.37413],[-83.53781,33.3938],[-83.53394,33.42756],[-83.53374,33.43447],[-83.59994,33.47365],[-83.6822,33.52622],[-83.68814,33.51071],[-83.68595,33.5085],[-83.68659,33.50627],[-83.68446,33.50173],[-83.68314,33.49678],[-83.6831,33.49443],[-83.67464,33.48722],[-83.67842,33.48364],[-83.67904,33.4839],[-83.68335,33.48285],[-83.68769,33.48316],[-83.68917,33.48453],[-83.6889,33.48585],[-83.69264,33.48914],[-83.69472,33.49191],[-83.69654,33.49325],[-83.69711,33.49482],[-83.70103,33.4983],[-83.70322,33.49795],[-83.70527,33.5009],[-83.71228,33.4951],[-83.70951,33.49219],[-83.70474,33.48852],[-83.73669,33.48086],[-83.74201,33.47654]]]}},{"type":"Feature","properties":{"name":"Jeff Davis"},"geometry":{"type":"Polygon","coordinates":[[[-82.55953,31.67264],[-82.52139,31.67251],[-82.5217,31.6991],[-82.52057,31.7362],[-82.55071,31.73633],[-82.55069,31.74911],[-82.52016,31.74919],[-82.52066,31.81239],[-82.52025,31.83839],[-82.43136,31.83799],[-82.43165,31.85615],[-82.43128,31.90249],[-82.43045,31.93874],[-82.43153,31.96618],[-82.43935,31.96779],[-82.44445,31.96749],[-82.45355,31.96409],[-82.45755,31.96379],[-82.46595,31.96709],[-82.47147,31.96851],[-82.47847,31.97169],[-82.47961,31.97165],[-82.4832,31.96891],[-82.48451,31.96847],[-82.49187,31.96854],[-82.49534,31.96671],[-82.49758,31.96404],[-82.4996,31.96019],[-82.49963,31.95827],[-82.49913,31.95721],[-82.49756,31.95729],[-82.49481,31.95895],[-82.49278,31.95911],[-82.48768,31.95732],[-82.48221,31.9581],[-82.48057,31.95723],[-82.47991,31.95579],[-82.48048,31.95463],[-82.4844,31.95126],[-82.48914,31.94935],[-82.49232,31.94862],[-82.50307,31.94989],[-82.50919,31.95275],[-82.5165,31.9577],[-82.52834,31.95892],[-82.53127,31.96076],[-82.5331,31.96135],[-82.53498,31.96066],[-82.53596,31.95815],[-82.5373,31.95723],[-82.53976,31.95745],[-82.5434,31.9589],[-82.54461,31.95873],[-82.54425,31.95619],[-82.54516,31.95539],[-82.55116,31.95729],[-82.55316,31.95889],[-82.55525,31.95929],[-82.55576,31.95819],[-82.55525,31.95619],[-82.55576,31.95539],[-82.55726,31.95529],[-82.56126,31.95749],[-82.56266,31.95769],[-82.56636,31.95649],[-82.57036,31.95399],[-82.57726,31.94809],[-82.58096,31.94148],[-82.58546,31.94009],[-82.58646,31.93878],[-82.58666,31.93608],[-82.58895,31.93511],[-82.59116,31.93652],[-82.59296,31.93629],[-82.59376,31.93249],[-82.59476,31.93158],[-82.59646,31.93198],[-82.59786,31.93538],[-82.59936,31.93749],[-82.60096,31.93829],[-82.60246,31.93808],[-82.60466,31.93638],[-82.60756,31.93268],[-82.61303,31.92894],[-82.61341,31.92769],[-82.61456,31.92668],[-82.61986,31.92708],[-82.62215,31.92918],[-82.62336,31.92808],[-82.62256,31.92548],[-82.62418,31.92359],[-82.62876,31.92328],[-82.63006,31.92518],[-82.63096,31.92558],[-82.63176,31.92568],[-82.63396,31.92478],[-82.63506,31.92508],[-82.63786,31.92218],[-82.63946,31.92138],[-82.64256,31.92118],[-82.64376,31.91898],[-82.64666,31.91868],[-82.64856,31.91648],[-82.64996,31.91638],[-82.65136,31.91698],[-82.65086,31.91978],[-82.65116,31.92088],[-82.65296,31.92118],[-82.65606,31.92048],[-82.65746,31.92348],[-82.65806,31.92368],[-82.65896,31.92328],[-82.65996,31.92088],[-82.66126,31.91988],[-82.66806,31.92148],[-82.67036,31.92138],[-82.67429,31.91997],[-82.67676,31.91968],[-82.68176,31.92074],[-82.68266,31.92008],[-82.68286,31.91908],[-82.68236,31.91628],[-82.67886,31.91618],[-82.67626,31.91318],[-82.67606,31.91148],[-82.67796,31.90948],[-82.68426,31.90868],[-82.68576,31.90578],[-82.68856,31.90468],[-82.68926,31.90158],[-82.69006,31.90078],[-82.69396,31.89828],[-82.69516,31.89808],[-82.69606,31.89878],[-82.69676,31.90258],[-82.69776,31.90338],[-82.69986,31.90358],[-82.70066,31.90098],[-82.70196,31.89918],[-82.70616,31.89838],[-82.70706,31.89328],[-82.70966,31.89068],[-82.70976,31.88968],[-82.71026,31.88928],[-82.71166,31.88878],[-82.71386,31.88947],[-82.71536,31.88908],[-82.71596,31.88798],[-82.71596,31.88668],[-82.71726,31.88578],[-82.72106,31.88698],[-82.72266,31.88418],[-82.72646,31.88188],[-82.72746,31.88178],[-82.72996,31.88278],[-82.73126,31.88258],[-82.73196,31.88198],[-82.73226,31.88038],[-82.73446,31.87988],[-82.73636,31.87798],[-82.74196,31.87678],[-82.74376,31.87558],[-82.74596,31.87278],[-82.74976,31.87058],[-82.75325,31.86623],[-82.75404,31.86582],[-82.75431,31.86467],[-82.75336,31.8623],[-82.75337,31.86081],[-82.7562,31.85927],[-82.75732,31.8569],[-82.76226,31.85772],[-82.76256,31.86042],[-82.76518,31.86045],[-82.76693,31.86141],[-82.76866,31.86154],[-82.76974,31.86126],[-82.77018,31.86008],[-82.76795,31.85788],[-82.76798,31.85695],[-82.76825,31.85598],[-82.76966,31.85542],[-82.77299,31.85782],[-82.77313,31.85896],[-82.7725,31.85996],[-82.77277,31.86168],[-82.77389,31.86249],[-82.77573,31.86261],[-82.77689,31.86166],[-82.77587,31.85852],[-82.77679,31.85797],[-82.77847,31.85804],[-82.78058,31.85645],[-82.78149,31.85487],[-82.78203,31.85236],[-82.78415,31.85203],[-82.78604,31.85371],[-82.78993,31.85363],[-82.79082,31.85298],[-82.79087,31.85069],[-82.79194,31.84673],[-82.7911,31.84462],[-82.79017,31.8437],[-82.78514,31.84175],[-82.78473,31.83854],[-82.78624,31.83698],[-82.79025,31.83509],[-82.79159,31.83394],[-82.79224,31.83391],[-82.7939,31.83534],[-82.79581,31.8351],[-82.80272,31.82872],[-82.80356,31.82887],[-82.80363,31.83111],[-82.80483,31.83143],[-82.8065,31.82947],[-82.80945,31.82777],[-82.80968,31.82583],[-82.80792,31.82535],[-82.807,31.82447],[-82.80812,31.82289],[-82.80962,31.8227],[-82.81271,31.82078],[-82.81439,31.8186],[-82.81529,31.81844],[-82.81614,31.81953],[-82.81722,31.82],[-82.81933,31.81976],[-82.81976,31.81759],[-82.82038,31.81675],[-82.82362,31.81506],[-82.82469,31.81348],[-82.8267,31.81346],[-82.82795,31.81501],[-82.82788,31.81562],[-82.8249,31.81772],[-82.82455,31.81843],[-82.82494,31.8197],[-82.82623,31.81944],[-82.82692,31.81725],[-82.83013,31.81834],[-82.83202,31.81809],[-82.83637,31.81615],[-82.83686,31.74587],[-82.83663,31.6714],[-82.66239,31.67257],[-82.55953,31.67264]]]}},{"type":"Feature","properties":{"name":"Jefferson"},"geometry":{"type":"Polygon","coordinates":[[[-82.28105,33.11035],[-82.26672,33.1534],[-82.25862,33.17244],[-82.25519,33.17932],[-82.25135,33.18987],[-82.24461,33.20567],[-82.23299,33.22771],[-82.23255,33.23121],[-82.23393,33.23219],[-82.23436,33.23136],[-82.23486,33.23169],[-82.23622,33.23127],[-82.23755,33.23153],[-82.24114,33.23331],[-82.24182,33.23526],[-82.2403,33.23706],[-82.24096,33.23765],[-82.24081,33.23932],[-82.24162,33.23939],[-82.24266,33.24048],[-82.24253,33.24123],[-82.24369,33.24243],[-82.24424,33.24432],[-82.2452,33.24446],[-82.24701,33.24586],[-82.2462,33.24787],[-82.24664,33.24886],[-82.24804,33.2497],[-82.24888,33.25085],[-82.24899,33.25265],[-82.24957,33.25325],[-82.25069,33.25326],[-82.25117,33.25425],[-82.25357,33.25576],[-82.25443,33.2566],[-82.25495,33.25937],[-82.25782,33.26115],[-82.25956,33.26358],[-82.26244,33.26566],[-82.26566,33.26636],[-82.26773,33.26744],[-82.27068,33.26795],[-82.27309,33.26755],[-82.27551,33.26809],[-82.27854,33.26917],[-82.28164,33.2718],[-82.28587,33.27338],[-82.28651,33.27414],[-82.28981,33.2742],[-82.29111,33.27495],[-82.29166,33.27607],[-82.29334,33.27688],[-82.29472,33.27641],[-82.29653,33.27684],[-82.29736,33.2776],[-82.29689,33.27801],[-82.29819,33.27989],[-82.2978,33.28267],[-82.29884,33.28439],[-82.30039,33.28555],[-82.30129,33.2883],[-82.30293,33.28936],[-82.3039,33.29095],[-82.30971,33.29554],[-82.31049,33.2955],[-82.31154,33.29715],[-82.31554,33.29914],[-82.31725,33.2993],[-82.31863,33.3001],[-82.31998,33.29956],[-82.32096,33.30057],[-82.32225,33.30017],[-82.32421,33.30317],[-82.33277,33.30868],[-82.34146,33.31174],[-82.34495,33.31179],[-82.34949,33.31329],[-82.35244,33.31226],[-82.35491,33.31198],[-82.35854,33.31271],[-82.36022,33.31209],[-82.37168,33.31088],[-82.37398,33.31156],[-82.37882,33.31139],[-82.38383,33.31211],[-82.43196,33.27483],[-82.4709,33.25012],[-82.52363,33.21321],[-82.58494,33.17145],[-82.58519,33.17109],[-82.58424,33.17006],[-82.58545,33.17011],[-82.58444,33.16964],[-82.58374,33.16793],[-82.5829,33.16744],[-82.58306,33.16579],[-82.58211,33.16489],[-82.58284,33.16422],[-82.58242,33.16351],[-82.58289,33.16159],[-82.5836,33.16154],[-82.5833,33.16081],[-82.58176,33.1598],[-82.57973,33.15948],[-82.57923,33.15876],[-82.57632,33.15835],[-82.57441,33.15636],[-82.57461,33.15556],[-82.5739,33.15391],[-82.57417,33.15283],[-82.57381,33.15217],[-82.57443,33.15106],[-82.57424,33.14838],[-82.575,33.14804],[-82.57548,33.14687],[-82.57813,33.14597],[-82.57893,33.14186],[-82.57983,33.14093],[-82.57929,33.13938],[-82.57783,33.13829],[-82.57929,33.1371],[-82.5788,33.13546],[-82.57963,33.13548],[-82.5799,33.13446],[-82.57945,33.13366],[-82.57819,33.13314],[-82.57741,33.1317],[-82.57945,33.13005],[-82.57887,33.12865],[-82.57752,33.12777],[-82.577,33.12642],[-82.57697,33.12463],[-82.5795,33.12191],[-82.57882,33.11984],[-82.5825,33.11888],[-82.5852,33.12129],[-82.5891,33.12356],[-82.59577,33.12401],[-82.59802,33.12349],[-82.60113,33.1249],[-82.60439,33.12361],[-82.60587,33.12417],[-82.62485,33.12449],[-82.64018,33.12551],[-82.64185,33.12127],[-82.65194,33.12606],[-82.66192,33.12633],[-82.66187,33.12514],[-82.66114,33.12449],[-82.65941,33.12405],[-82.65835,33.12231],[-82.6586,33.11957],[-82.65781,33.11895],[-82.65755,33.11802],[-82.65554,33.11765],[-82.65529,33.11623],[-82.65441,33.11563],[-82.65378,33.11595],[-82.65199,33.1154],[-82.65219,33.11477],[-82.65145,33.11375],[-82.65205,33.11262],[-82.65171,33.11129],[-82.65241,33.11099],[-82.65237,33.11049],[-82.65069,33.11004],[-82.65125,33.109],[-82.65011,33.10857],[-82.65075,33.10804],[-82.64894,33.10645],[-82.64946,33.10583],[-82.64906,33.10528],[-82.64966,33.10466],[-82.64871,33.10457],[-82.64851,33.1034],[-82.64742,33.10368],[-82.64781,33.10297],[-82.64752,33.10205],[-82.64584,33.10114],[-82.64275,33.10128],[-82.64061,33.10019],[-82.64061,33.10118],[-82.6381,33.1007],[-82.63727,33.09675],[-82.63775,33.09594],[-82.63834,33.09584],[-82.63743,33.09467],[-82.63723,33.09352],[-82.63926,33.09183],[-82.63969,33.09111],[-82.6393,33.09058],[-82.63956,33.09001],[-82.6407,33.0906],[-82.64044,33.08903],[-82.64078,33.08811],[-82.63967,33.08784],[-82.64138,33.08678],[-82.64157,33.08439],[-82.63911,33.0825],[-82.63721,33.08223],[-82.63665,33.08096],[-82.63762,33.08048],[-82.63756,33.07981],[-82.63587,33.07829],[-82.6362,33.07762],[-82.6351,33.0766],[-82.63183,33.07612],[-82.62936,33.07448],[-82.63042,33.0735],[-82.62834,33.07354],[-82.62699,33.07266],[-82.62665,33.07189],[-82.62787,33.0716],[-82.62721,33.07003],[-82.62783,33.06881],[-82.62746,33.06795],[-82.62848,33.06738],[-82.62893,33.06585],[-82.62803,33.06433],[-82.62643,33.0634],[-82.62227,33.0625],[-82.61992,33.06263],[-82.61895,33.0619],[-82.61838,33.06247],[-82.61762,33.06117],[-82.61673,33.0623],[-82.61552,33.06176],[-82.61527,33.06299],[-82.61386,33.06128],[-82.61291,33.061],[-82.61285,33.05796],[-82.61342,33.05573],[-82.61457,33.05435],[-82.61583,33.05379],[-82.61622,33.05456],[-82.61698,33.05466],[-82.61727,33.05308],[-82.61827,33.05157],[-82.61584,33.05019],[-82.6124,33.05041],[-82.61102,33.04916],[-82.61023,33.04976],[-82.60933,33.04843],[-82.6103,33.04827],[-82.60732,33.04505],[-82.60599,33.04486],[-82.60568,33.04615],[-82.60435,33.04554],[-82.60303,33.04355],[-82.60138,33.03868],[-82.60223,33.03708],[-82.60003,33.03703],[-82.60045,33.03562],[-82.59913,33.03397],[-82.60047,33.03339],[-82.60025,33.03284],[-82.59959,33.03259],[-82.59935,33.03316],[-82.5981,33.032],[-82.59507,33.03371],[-82.59251,33.03407],[-82.5893,33.03115],[-82.5857,33.03149],[-82.58487,33.02966],[-82.58387,33.03042],[-82.58313,33.03033],[-82.58363,33.0295],[-82.58258,33.02925],[-82.58226,33.03025],[-82.58118,33.0302],[-82.58069,33.02964],[-82.57975,33.03001],[-82.57769,33.02845],[-82.57734,33.0267],[-82.57592,33.02619],[-82.57686,33.02512],[-82.57799,33.02518],[-82.57781,33.02437],[-82.57244,33.02164],[-82.57195,33.02194],[-82.571,33.02087],[-82.57045,33.02129],[-82.5688,33.01975],[-82.56655,33.02123],[-82.56564,33.0202],[-82.56448,33.02033],[-82.56488,33.0194],[-82.56436,33.0188],[-82.56231,33.01889],[-82.56151,33.01818],[-82.56182,33.01759],[-82.56132,33.0168],[-82.56043,33.01745],[-82.56023,33.01526],[-82.55919,33.01418],[-82.55681,33.01451],[-82.55609,33.01405],[-82.55316,33.01797],[-82.55235,33.0178],[-82.55185,33.01878],[-82.55082,33.01833],[-82.55023,33.01935],[-82.5466,33.00015],[-82.53935,32.94775],[-82.51085,32.91775],[-82.51332,32.89745],[-82.51805,32.86796],[-82.52295,32.86486],[-82.52595,32.83356],[-82.52105,32.82236],[-82.50945,32.80756],[-82.50222,32.80092],[-82.48855,32.79355],[-82.47325,32.77756],[-82.45825,32.76822],[-82.45063,32.76538],[-82.43008,32.76145],[-82.42841,32.76353],[-82.42586,32.76465],[-82.4243,32.76476],[-82.42162,32.76663],[-82.42093,32.76784],[-82.41912,32.7688],[-82.41814,32.77011],[-82.41389,32.77022],[-82.41147,32.76833],[-82.41031,32.76858],[-82.40625,32.77131],[-82.40552,32.77249],[-82.40373,32.77274],[-82.40183,32.77571],[-82.40024,32.77593],[-82.39939,32.77698],[-82.39843,32.7771],[-82.39835,32.7826],[-82.39956,32.78371],[-82.40059,32.78358],[-82.40231,32.78238],[-82.40344,32.78299],[-82.40605,32.78288],[-82.40724,32.78399],[-82.40906,32.78424],[-82.4094,32.78529],[-82.40874,32.78581],[-82.40806,32.78813],[-82.40894,32.79025],[-82.40896,32.7916],[-82.41089,32.79265],[-82.41134,32.79405],[-82.41094,32.79485],[-82.41187,32.79545],[-82.41181,32.79629],[-82.4135,32.7983],[-82.41472,32.79892],[-82.41704,32.79896],[-82.41902,32.80099],[-82.41817,32.80506],[-82.41888,32.80634],[-82.41864,32.80805],[-82.41935,32.81009],[-82.41901,32.81116],[-82.41707,32.81202],[-82.41558,32.81342],[-82.41321,32.81338],[-82.40885,32.81508],[-82.40586,32.81369],[-82.40383,32.81422],[-82.40028,32.81305],[-82.3995,32.81366],[-82.39875,32.81348],[-82.39731,32.81512],[-82.39424,32.81693],[-82.3919,32.81757],[-82.38815,32.81526],[-82.38679,32.81621],[-82.38597,32.81616],[-82.38477,32.8152],[-82.3801,32.816],[-82.37817,32.81558],[-82.37577,32.81593],[-82.36883,32.81461],[-82.36487,32.81609],[-82.36284,32.81591],[-82.36154,32.81655],[-82.36218,32.81944],[-82.36185,32.82069],[-82.3597,32.82185],[-82.35482,32.82728],[-82.352,32.82808],[-82.34891,32.82641],[-82.34693,32.82698],[-82.34454,32.82924],[-82.3428,32.8296],[-82.34231,32.83123],[-82.34047,32.83307],[-82.3353,32.83324],[-82.33307,32.83523],[-82.33264,32.83634],[-82.32974,32.83634],[-82.32865,32.83933],[-82.32626,32.84133],[-82.32321,32.84048],[-82.32295,32.83982],[-82.32222,32.83999],[-82.32184,32.83946],[-82.31948,32.84018],[-82.31908,32.83883],[-82.31773,32.8377],[-82.31776,32.83585],[-82.31672,32.83567],[-82.31317,32.8422],[-82.29397,32.88257],[-82.27235,32.9378],[-82.27605,32.96035],[-82.28188,33.00823],[-82.28798,33.03738],[-82.29118,33.06283],[-82.28582,33.08487],[-82.28105,33.11035]]]}},{"type":"Feature","properties":{"name":"Jenkins"},"geometry":{"type":"Polygon","coordinates":[[[-82.14794,32.81976],[-82.10947,32.7285],[-82.08287,32.66332],[-82.00124,32.60691],[-81.841,32.64909],[-81.84365,32.65004],[-81.84414,32.64943],[-81.84572,32.6496],[-81.84751,32.6523],[-81.84794,32.65222],[-81.84829,32.65114],[-81.84966,32.65165],[-81.84974,32.6525],[-81.85284,32.65301],[-81.85336,32.65362],[-81.85297,32.6546],[-81.85366,32.65498],[-81.85438,32.65652],[-81.85816,32.65709],[-81.8577,32.65856],[-81.85824,32.65867],[-81.85881,32.65803],[-81.86068,32.65854],[-81.86339,32.66038],[-81.86414,32.66211],[-81.86591,32.66287],[-81.86639,32.66454],[-81.86615,32.66531],[-81.86718,32.66617],[-81.86615,32.66848],[-81.86492,32.66795],[-81.86522,32.66894],[-81.86486,32.67046],[-81.86513,32.67109],[-81.86579,32.67115],[-81.86618,32.66967],[-81.86672,32.66983],[-81.86868,32.67317],[-81.86619,32.67471],[-81.86725,32.67605],[-81.86695,32.67731],[-81.868,32.67993],[-81.86794,32.68115],[-81.83465,32.7581],[-81.76754,32.90943],[-81.76949,32.91002],[-81.76973,32.91079],[-81.77054,32.91124],[-81.77026,32.91163],[-81.77151,32.91137],[-81.77221,32.91196],[-81.77185,32.91225],[-81.77227,32.91246],[-81.77239,32.91411],[-81.77189,32.91441],[-81.77317,32.91554],[-81.77331,32.91686],[-81.77282,32.91813],[-81.77434,32.91999],[-81.77415,32.92046],[-81.77597,32.92119],[-81.77739,32.92273],[-81.7774,32.92351],[-81.77968,32.92458],[-81.78074,32.92582],[-81.78126,32.92565],[-81.78147,32.92641],[-81.78311,32.92725],[-81.78357,32.92844],[-81.78525,32.92813],[-81.78578,32.9293],[-81.78638,32.92908],[-81.78797,32.93011],[-81.78941,32.93016],[-81.78967,32.92944],[-81.79112,32.92939],[-81.79197,32.93044],[-81.79316,32.93053],[-81.7938,32.9316],[-81.79479,32.93159],[-81.79584,32.93333],[-81.79729,32.93343],[-81.79751,32.93418],[-81.79777,32.93379],[-81.79913,32.93384],[-81.79905,32.93472],[-81.80046,32.93496],[-81.8002,32.93464],[-81.80064,32.93465],[-81.80084,32.93548],[-81.80302,32.93505],[-81.80531,32.93563],[-81.80575,32.93509],[-81.80542,32.93471],[-81.80675,32.93407],[-81.8146,32.93683],[-81.81539,32.93759],[-81.81458,32.94005],[-81.81555,32.94316],[-81.8168,32.94362],[-81.81858,32.94566],[-81.82042,32.94623],[-81.82171,32.94525],[-81.82439,32.9449],[-81.82507,32.94368],[-81.82781,32.94292],[-81.82788,32.94229],[-81.82886,32.94227],[-81.83429,32.94487],[-81.83589,32.94421],[-81.83898,32.9445],[-81.83953,32.94523],[-81.83906,32.94567],[-81.8401,32.94573],[-81.841,32.94679],[-81.8417,32.94667],[-81.84258,32.94748],[-81.84316,32.94729],[-81.84489,32.94854],[-81.84619,32.94846],[-81.8476,32.9491],[-81.84811,32.94884],[-81.84869,32.94944],[-81.85265,32.95053],[-81.8528,32.95016],[-81.85394,32.9501],[-81.85408,32.95084],[-81.85513,32.951],[-81.85571,32.95186],[-81.85686,32.95225],[-81.85691,32.95339],[-81.85797,32.95388],[-81.95645,32.92372],[-82.08134,32.91678],[-82.12374,32.88366],[-82.14794,32.81976]]]}},{"type":"Feature","properties":{"name":"Johnson"},"geometry":{"type":"Polygon","coordinates":[[[-82.57442,32.81568],[-82.59833,32.80268],[-82.60977,32.79781],[-82.62502,32.79393],[-82.63066,32.79436],[-82.65686,32.78796],[-82.66696,32.78286],[-82.68076,32.79676],[-82.69736,32.79136],[-82.71136,32.78396],[-82.71446,32.78466],[-82.7194,32.78275],[-82.73266,32.78126],[-82.73756,32.78006],[-82.74986,32.77646],[-82.76857,32.76908],[-82.77069,32.77519],[-82.77069,32.77987],[-82.77235,32.78872],[-82.77323,32.79181],[-82.77502,32.79449],[-82.77555,32.79499],[-82.77756,32.79515],[-82.77863,32.79722],[-82.78214,32.79935],[-82.7852,32.80035],[-82.79089,32.80111],[-82.79307,32.8021],[-82.79541,32.80207],[-82.7985,32.80289],[-82.79889,32.80352],[-82.79809,32.80487],[-82.79828,32.80565],[-82.80098,32.80788],[-82.80246,32.80976],[-82.94697,32.75936],[-82.94747,32.75676],[-82.94717,32.75464],[-82.9451,32.75182],[-82.94648,32.74872],[-82.94657,32.73966],[-82.94967,32.72666],[-82.95017,32.72546],[-82.95287,32.72286],[-82.95387,32.72126],[-82.95587,32.71526],[-82.95707,32.70832],[-82.86276,32.71576],[-82.78578,32.6867],[-82.78997,32.67867],[-82.79201,32.67239],[-82.79454,32.66023],[-82.66856,32.61216],[-82.67446,32.52387],[-82.66251,32.51777],[-82.65142,32.51421],[-82.64773,32.51251],[-82.63746,32.51827],[-82.63376,32.51847],[-82.62936,32.52057],[-82.62306,32.52157],[-82.62226,32.51797],[-82.60295,32.52147],[-82.60256,32.50947],[-82.60011,32.517],[-82.59785,32.53287],[-82.59338,32.5351],[-82.59047,32.5311],[-82.58929,32.53106],[-82.58944,32.52946],[-82.58902,32.52849],[-82.58749,32.52731],[-82.58688,32.52609],[-82.58532,32.52523],[-82.56436,32.53245],[-82.56444,32.53351],[-82.56655,32.53464],[-82.56799,32.53722],[-82.56927,32.53758],[-82.57169,32.53992],[-82.57527,32.54243],[-82.57599,32.54424],[-82.57883,32.54584],[-82.58066,32.54868],[-82.583,32.54941],[-82.58467,32.55071],[-82.58676,32.55511],[-82.58976,32.55613],[-82.59067,32.55758],[-82.59119,32.55769],[-82.59146,32.55935],[-82.59307,32.5618],[-82.59318,32.56377],[-82.59394,32.56436],[-82.59349,32.56557],[-82.59473,32.56678],[-82.59373,32.5699],[-82.59286,32.5701],[-82.59202,32.57162],[-82.5928,32.57211],[-82.59292,32.57325],[-82.59178,32.57395],[-82.59326,32.57508],[-82.59303,32.57629],[-82.59444,32.57916],[-82.512,32.62516],[-82.51772,32.63368],[-82.49892,32.64273],[-82.49292,32.63405],[-82.46385,32.64724],[-82.46662,32.64671],[-82.46771,32.64694],[-82.46872,32.64822],[-82.46935,32.64837],[-82.46982,32.65088],[-82.47047,32.65069],[-82.47335,32.65293],[-82.47422,32.65257],[-82.47435,32.65307],[-82.47583,32.65386],[-82.47598,32.6545],[-82.47767,32.6551],[-82.4788,32.65695],[-82.48526,32.65903],[-82.49032,32.66203],[-82.4911,32.66386],[-82.49185,32.67083],[-82.49328,32.67508],[-82.49383,32.67621],[-82.49538,32.67728],[-82.49545,32.6782],[-82.49615,32.67882],[-82.49688,32.6807],[-82.49671,32.68254],[-82.49725,32.68286],[-82.49717,32.68341],[-82.49814,32.68386],[-82.49943,32.68634],[-82.47076,32.71061],[-82.45275,32.71926],[-82.45305,32.72726],[-82.45275,32.72866],[-82.43415,32.76226],[-82.45063,32.76538],[-82.45376,32.76635],[-82.45825,32.76822],[-82.47325,32.77756],[-82.48855,32.79355],[-82.50222,32.80092],[-82.50945,32.80756],[-82.52105,32.82236],[-82.54766,32.82165],[-82.56055,32.82006],[-82.56335,32.81806],[-82.57442,32.81568]]]}},{"type":"Feature","properties":{"name":"Jones"},"geometry":{"type":"Polygon","coordinates":[[[-83.81686,33.12665],[-83.81636,33.12456],[-83.81379,33.12213],[-83.81155,33.12181],[-83.80892,33.12231],[-83.80598,33.12178],[-83.79901,33.11658],[-83.79681,33.1135],[-83.79555,33.11012],[-83.79471,33.10409],[-83.78345,33.09541],[-83.78078,33.09205],[-83.77944,33.08656],[-83.77624,33.0835],[-83.77576,33.08136],[-83.77447,33.0797],[-83.76732,33.07664],[-83.76312,33.07361],[-83.76079,33.07056],[-83.75645,33.06863],[-83.75299,33.06775],[-83.75155,33.06601],[-83.747,33.06337],[-83.74562,33.061],[-83.74576,33.05881],[-83.74531,33.05724],[-83.74336,33.05373],[-83.74037,33.05123],[-83.73811,33.04859],[-83.738,33.04544],[-83.73731,33.04387],[-83.73182,33.03813],[-83.72795,33.0354],[-83.72537,33.03267],[-83.72401,33.02801],[-83.72121,33.02336],[-83.72267,33.01996],[-83.72922,33.01499],[-83.72965,33.01356],[-83.72684,33.00754],[-83.72603,33.00674],[-83.72129,33.00459],[-83.71984,33.00295],[-83.71898,33.00108],[-83.71982,32.99953],[-83.72334,32.99741],[-83.72464,32.99358],[-83.72435,32.99156],[-83.72157,32.98764],[-83.72179,32.98374],[-83.72141,32.98169],[-83.72269,32.97835],[-83.72285,32.97638],[-83.72137,32.97482],[-83.71774,32.973],[-83.71651,32.97042],[-83.71548,32.96935],[-83.71328,32.96815],[-83.70804,32.96662],[-83.70672,32.96556],[-83.70609,32.96439],[-83.70622,32.96098],[-83.70985,32.95625],[-83.71075,32.95311],[-83.71057,32.95223],[-83.70937,32.95122],[-83.70512,32.95022],[-83.70326,32.94711],[-83.70055,32.94398],[-83.70169,32.93888],[-83.69767,32.92724],[-83.69824,32.92426],[-83.69804,32.92157],[-83.69698,32.91996],[-83.69602,32.91687],[-83.68608,32.91017],[-83.68012,32.90476],[-83.6666,32.90034],[-83.6633,32.89874],[-83.66069,32.89605],[-83.66027,32.89492],[-83.66041,32.89152],[-83.6586,32.88784],[-83.59819,32.88784],[-83.57863,32.86514],[-83.56507,32.87716],[-83.5385,32.85484],[-83.52342,32.84129],[-83.51636,32.84719],[-83.51351,32.84487],[-83.40767,32.89782],[-83.35768,32.92614],[-83.3848,33.01208],[-83.39397,33.04306],[-83.39807,33.05447],[-83.41295,33.10519],[-83.41774,33.12514],[-83.42935,33.18557],[-83.43029,33.18564],[-83.43178,33.18392],[-83.4331,33.18319],[-83.43492,33.18359],[-83.43585,33.18324],[-83.43684,33.18584],[-83.43907,33.18563],[-83.49989,33.17814],[-83.54588,33.17194],[-83.62439,33.16108],[-83.7513,33.1418],[-83.81605,33.13182],[-83.81653,33.13069],[-83.81686,33.12665]]]}},{"type":"Feature","properties":{"name":"Lamar"},"geometry":{"type":"Polygon","coordinates":[[[-84.2484,33.08186],[-84.24819,33.06381],[-84.24855,33.06346],[-84.24866,33.03933],[-84.24992,33.03974],[-84.25885,33.03968],[-84.25906,33.03152],[-84.26917,33.03144],[-84.27014,32.99101],[-84.13794,32.9901],[-84.12236,32.98958],[-84.12334,32.93218],[-84.05417,32.9315],[-84.05358,32.94803],[-84.04411,32.94787],[-84.04199,33.10655],[-84.04107,33.12513],[-84.04144,33.1342],[-84.04099,33.18251],[-84.0415,33.20263],[-84.12377,33.20282],[-84.12398,33.17862],[-84.22428,33.17939],[-84.22398,33.18336],[-84.2275,33.18891],[-84.24819,33.18902],[-84.24766,33.15104],[-84.2484,33.08186]]]}},{"type":"Feature","properties":{"name":"Lanier"},"geometry":{"type":"Polygon","coordinates":[[[-83.19799,31.04931],[-83.19797,31.0254],[-83.18062,31.02549],[-83.17976,31.00016],[-83.17947,30.95013],[-83.04292,30.9473],[-83.04271,30.94606],[-83.04319,30.94499],[-83.04304,30.94204],[-83.04247,30.94121],[-83.04286,30.94037],[-83.04248,30.93771],[-83.04161,30.93654],[-83.03938,30.93638],[-83.03842,30.93577],[-83.03609,30.93206],[-83.03653,30.92981],[-83.03941,30.92925],[-83.04029,30.92793],[-83.04033,30.92693],[-83.0367,30.92392],[-83.03187,30.92221],[-83.03199,30.92149],[-83.0326,30.9213],[-83.0357,30.92142],[-83.03631,30.92107],[-83.03515,30.91913],[-83.03661,30.91773],[-83.03637,30.91601],[-83.03303,30.9148],[-83.02773,30.91518],[-83.02723,30.91429],[-83.02807,30.9135],[-83.02942,30.91024],[-83.02889,30.90903],[-83.02779,30.90823],[-83.02574,30.90824],[-83.02601,30.90736],[-83.02737,30.90681],[-83.02727,30.90619],[-83.02655,30.90595],[-83.02483,30.90641],[-83.02315,30.90438],[-83.0229,30.90278],[-83.02227,30.90288],[-83.0212,30.90427],[-83.02037,30.90434],[-83.02049,30.90136],[-83.02271,30.89656],[-83.02183,30.89281],[-83.02078,30.89066],[-83.02119,30.89009],[-83.02275,30.88991],[-83.02297,30.88882],[-83.0246,30.88795],[-83.02451,30.88746],[-83.02258,30.88676],[-83.0226,30.88606],[-83.02375,30.88492],[-83.02252,30.88384],[-83.02367,30.88281],[-83.02083,30.88151],[-83.02264,30.88005],[-83.02239,30.87924],[-83.02314,30.87813],[-83.02195,30.87676],[-83.02321,30.87617],[-83.0223,30.87462],[-83.02245,30.87408],[-83.02418,30.87365],[-83.02284,30.87279],[-83.02184,30.87305],[-83.02165,30.87271],[-83.02339,30.8718],[-83.02274,30.87072],[-83.02329,30.86881],[-83.02306,30.86781],[-83.02388,30.86633],[-83.0263,30.86428],[-83.02636,30.86374],[-83.02524,30.86273],[-83.02605,30.86146],[-83.02371,30.85911],[-83.02532,30.85352],[-83.02528,30.85205],[-83.02013,30.85015],[-83.01833,30.84835],[-83.01518,30.84861],[-83.01472,30.84545],[-83.01396,30.84471],[-83.01287,30.84703],[-83.01143,30.84747],[-83.0106,30.8498],[-83.01042,30.85364],[-83.00772,30.85845],[-83.00658,30.85947],[-83.00156,30.86029],[-83.0002,30.86006],[-82.99907,30.86123],[-82.99715,30.86154],[-82.99433,30.8607],[-82.992,30.86173],[-82.98917,30.86442],[-82.98697,30.86752],[-82.98472,30.86937],[-82.98313,30.87167],[-82.98215,30.87225],[-82.97134,30.86939],[-82.97048,30.94201],[-82.9698,31.09704],[-82.97068,31.13771],[-82.97058,31.16659],[-82.97125,31.18399],[-83.03809,31.18384],[-83.04689,31.18368],[-83.04689,31.18293],[-83.04811,31.18265],[-83.04893,31.1829],[-83.04916,31.184],[-83.04989,31.18392],[-83.04994,31.183],[-83.04745,31.18121],[-83.04768,31.18067],[-83.04956,31.18063],[-83.04898,31.17896],[-83.0492,31.17808],[-83.04858,31.17748],[-83.04931,31.17622],[-83.04686,31.17496],[-83.04524,31.17546],[-83.04382,31.17461],[-83.04343,31.17382],[-83.04388,31.17164],[-83.04491,31.17049],[-83.04295,31.16934],[-83.041,31.17014],[-83.04009,31.16853],[-83.04037,31.16637],[-83.04219,31.1641],[-83.04102,31.16326],[-83.03887,31.1603],[-83.03953,31.15931],[-83.03942,31.15714],[-83.04018,31.15484],[-83.03883,31.15373],[-83.03862,31.15216],[-83.03687,31.15172],[-83.03637,31.15104],[-83.0367,31.1506],[-83.03917,31.15018],[-83.03825,31.1467],[-83.16507,31.1472],[-83.16502,31.12519],[-83.16721,31.06237],[-83.19788,31.06221],[-83.19799,31.04931]]]}},{"type":"Feature","properties":{"name":"Laurens"},"geometry":{"type":"Polygon","coordinates":[[[-82.95699,32.70835],[-83.04079,32.67334],[-83.08555,32.65247],[-83.14241,32.62519],[-83.22654,32.5842],[-83.12319,32.39417],[-82.99097,32.14727],[-82.95835,32.16313],[-82.94651,32.16827],[-82.88696,32.19797],[-82.8848,32.19607],[-82.87815,32.20025],[-82.87156,32.19447],[-82.86447,32.19973],[-82.85831,32.19439],[-82.79236,32.25017],[-82.76856,32.26977],[-82.76188,32.26418],[-82.75516,32.26969],[-82.76196,32.27557],[-82.74986,32.28632],[-82.72196,32.30928],[-82.72258,32.31061],[-82.72321,32.3109],[-82.72521,32.3087],[-82.72596,32.3088],[-82.72712,32.31009],[-82.73001,32.31064],[-82.73033,32.31195],[-82.72759,32.31293],[-82.72537,32.31466],[-82.72515,32.31566],[-82.72644,32.31587],[-82.72878,32.31525],[-82.73268,32.31834],[-82.73465,32.31872],[-82.73572,32.31957],[-82.73572,32.32063],[-82.735,32.32108],[-82.73209,32.32003],[-82.73091,32.32004],[-82.7315,32.32056],[-82.73273,32.32058],[-82.73291,32.32385],[-82.73402,32.32382],[-82.73599,32.32248],[-82.73688,32.32262],[-82.73766,32.32525],[-82.7398,32.32712],[-82.73864,32.32936],[-82.7393,32.33069],[-82.74101,32.33095],[-82.74188,32.33063],[-82.74242,32.32989],[-82.74222,32.32718],[-82.74276,32.32675],[-82.74317,32.32698],[-82.74347,32.32883],[-82.74691,32.32844],[-82.74849,32.32882],[-82.74874,32.32952],[-82.74763,32.33102],[-82.74581,32.33198],[-82.74504,32.33323],[-82.74308,32.33345],[-82.74167,32.3342],[-82.74244,32.33562],[-82.74442,32.33595],[-82.74549,32.3368],[-82.74421,32.34153],[-82.74229,32.34172],[-82.74232,32.33847],[-82.741,32.33774],[-82.7393,32.33755],[-82.73714,32.33803],[-82.73384,32.34207],[-82.73122,32.34882],[-82.72864,32.35278],[-82.72761,32.35562],[-82.7288,32.35683],[-82.73083,32.35634],[-82.73186,32.35671],[-82.731,32.35841],[-82.72797,32.35977],[-82.72822,32.36075],[-82.73058,32.36176],[-82.73079,32.36268],[-82.72977,32.36319],[-82.72636,32.36184],[-82.72514,32.36214],[-82.72444,32.36357],[-82.72289,32.36379],[-82.72256,32.36439],[-82.72261,32.36511],[-82.7234,32.36577],[-82.72248,32.36863],[-82.72308,32.37038],[-82.71918,32.37118],[-82.71703,32.37258],[-82.71703,32.37324],[-82.7205,32.37636],[-82.71891,32.37838],[-82.71834,32.3804],[-82.7168,32.38219],[-82.71665,32.38424],[-82.71584,32.38474],[-82.71517,32.38665],[-82.71633,32.38921],[-82.71614,32.39283],[-82.71473,32.39284],[-82.71242,32.39134],[-82.70737,32.39356],[-82.70554,32.39663],[-82.70244,32.39833],[-82.70093,32.40208],[-82.70106,32.40413],[-82.69938,32.4062],[-82.69762,32.40717],[-82.6974,32.40884],[-82.69958,32.41131],[-82.69967,32.41205],[-82.699,32.41294],[-82.70007,32.41419],[-82.6992,32.41587],[-82.69717,32.41748],[-82.69721,32.41805],[-82.69975,32.42063],[-82.69929,32.42151],[-82.70059,32.42429],[-82.7002,32.42626],[-82.70159,32.42804],[-82.70058,32.42987],[-82.70218,32.43157],[-82.70183,32.43268],[-82.69883,32.43602],[-82.69611,32.43723],[-82.69405,32.44089],[-82.69034,32.4438],[-82.69053,32.44559],[-82.69462,32.45037],[-82.69501,32.4518],[-82.69456,32.45326],[-82.69373,32.4543],[-82.69216,32.4536],[-82.6899,32.45459],[-82.68857,32.45848],[-82.68692,32.45916],[-82.68562,32.4605],[-82.68403,32.4605],[-82.68308,32.461],[-82.68031,32.46069],[-82.67946,32.46127],[-82.67832,32.46116],[-82.67648,32.46224],[-82.67477,32.46147],[-82.67281,32.46269],[-82.66987,32.46093],[-82.66592,32.46134],[-82.66318,32.46006],[-82.64858,32.46724],[-82.64692,32.46891],[-82.64089,32.48517],[-82.63313,32.49104],[-82.63555,32.49606],[-82.63641,32.49571],[-82.63972,32.49604],[-82.64502,32.49908],[-82.64767,32.4995],[-82.65283,32.5032],[-82.65419,32.50608],[-82.65714,32.50709],[-82.64773,32.51251],[-82.65142,32.51421],[-82.66251,32.51777],[-82.67446,32.52387],[-82.66856,32.61216],[-82.79454,32.66023],[-82.79201,32.67239],[-82.78997,32.67867],[-82.78578,32.6867],[-82.86276,32.71576],[-82.95699,32.70835]]]}},{"type":"Feature","properties":{"name":"Lee"},"geometry":{"type":"MultiPolygon","coordinates":[[[[-84.3386,31.9002],[-84.33861,31.89983],[-84.33756,31.89984],[-84.33856,31.87517],[-84.33825,31.87359],[-84.33497,31.87326],[-84.33405,31.87388],[-84.3334,31.87349],[-84.33226,31.87423],[-84.32913,31.87281],[-84.32856,31.87196],[-84.3271,31.87297],[-84.32523,31.87098],[-84.32399,31.87134],[-84.32245,31.87111],[-84.3215,31.87159],[-84.31912,31.8708],[-84.31828,31.8705],[-84.31828,31.86983],[-84.31728,31.86918],[-84.3162,31.86881],[-84.31523,31.86922],[-84.31499,31.86814],[-84.31396,31.86818],[-84.31339,31.86899],[-84.31277,31.86829],[-84.31158,31.86868],[-84.31138,31.86953],[-84.3104,31.87019],[-84.30912,31.86826],[-84.30568,31.86889],[-84.30456,31.86793],[-84.3024,31.86828],[-84.30225,31.86759],[-84.30049,31.867],[-84.30018,31.86787],[-84.2997,31.86682],[-84.29854,31.86679],[-84.29819,31.86607],[-84.29725,31.86609],[-84.29686,31.86524],[-84.29517,31.86492],[-84.29478,31.86434],[-84.29456,31.86538],[-84.29343,31.86515],[-84.29307,31.86457],[-84.29427,31.86434],[-84.29389,31.86335],[-84.2926,31.86244],[-84.29347,31.86199],[-84.29286,31.86136],[-84.29377,31.8608],[-84.2932,31.85983],[-84.29092,31.86002],[-84.29116,31.85908],[-84.28979,31.85866],[-84.29061,31.8581],[-84.29,31.85702],[-84.28759,31.85702],[-84.28737,31.85671],[-84.28788,31.85601],[-84.28672,31.85513],[-84.28553,31.85565],[-84.28473,31.85535],[-84.28457,31.85411],[-84.28302,31.85358],[-84.28236,31.8528],[-84.28255,31.85204],[-84.28162,31.85116],[-84.27912,31.85074],[-84.27817,31.85109],[-84.27669,31.85041],[-84.27751,31.84477],[-84.2767,31.8427],[-84.27752,31.84174],[-84.27602,31.84112],[-84.27552,31.84179],[-84.27498,31.84065],[-84.27354,31.84115],[-84.274,31.84026],[-84.27255,31.8392],[-84.27149,31.83923],[-84.2731,31.83817],[-84.27299,31.83769],[-84.26967,31.83705],[-84.26938,31.8364],[-84.26788,31.8361],[-84.26634,31.83459],[-84.26516,31.83432],[-84.26279,31.83027],[-84.26259,31.82873],[-84.26116,31.8281],[-84.26007,31.82847],[-84.25961,31.82787],[-84.25962,31.82686],[-84.26041,31.82652],[-84.2604,31.8256],[-84.26177,31.82576],[-84.262,31.82452],[-84.26296,31.82454],[-84.26381,31.82369],[-84.26307,31.82301],[-84.2634,31.82154],[-84.26195,31.8218],[-84.26287,31.82086],[-84.26171,31.82008],[-84.2617,31.81958],[-84.26369,31.81894],[-84.26378,31.81853],[-84.26287,31.81744],[-84.26184,31.81722],[-84.26304,31.81588],[-84.26289,31.81533],[-84.26186,31.81501],[-84.26278,31.81436],[-84.26268,31.8135],[-84.26375,31.81357],[-84.26362,31.81283],[-84.26449,31.8124],[-84.26371,31.81183],[-84.2639,31.81123],[-84.26288,31.81052],[-84.2635,31.80835],[-84.26161,31.80777],[-84.26249,31.80703],[-84.26138,31.80636],[-84.26157,31.80562],[-84.26093,31.80402],[-84.25993,31.80381],[-84.26081,31.80291],[-84.26092,31.80097],[-84.26195,31.80078],[-84.26192,31.79958],[-84.26282,31.79897],[-84.26176,31.79772],[-84.26301,31.79708],[-84.26166,31.79532],[-84.26031,31.79464],[-84.26142,31.79289],[-84.26097,31.79229],[-84.26115,31.79127],[-84.26049,31.7909],[-84.25887,31.79165],[-84.25833,31.79094],[-84.28646,31.79118],[-84.28716,31.75017],[-84.28723,31.74965],[-84.29367,31.74979],[-84.29542,31.6981],[-84.30493,31.69823],[-84.3052,31.69106],[-84.29564,31.69099],[-84.2978,31.62195],[-84.25141,31.62257],[-84.1008,31.62308],[-84.07678,31.62384],[-84.04321,31.62357],[-84.04037,31.63446],[-84.03984,31.63535],[-84.03714,31.63684],[-84.03631,31.63778],[-84.03465,31.6425],[-84.03285,31.64371],[-84.03082,31.64282],[-84.0301,31.64325],[-84.02964,31.64473],[-84.0298,31.64726],[-84.02891,31.64836],[-84.02171,31.65001],[-84.01911,31.64976],[-84.0166,31.65151],[-84.01602,31.65224],[-84.01602,31.65502],[-84.01506,31.65723],[-84.01573,31.65911],[-84.01539,31.66027],[-84.01297,31.66199],[-84.0124,31.66304],[-84.01666,31.6706],[-84.01771,31.67632],[-84.02113,31.68157],[-84.02206,31.68381],[-84.02206,31.68564],[-84.02053,31.6885],[-84.01965,31.69298],[-84.02219,31.69823],[-84.0245,31.70141],[-84.02417,31.70508],[-84.02562,31.71002],[-84.02729,31.71204],[-84.03201,31.71403],[-84.03288,31.71532],[-84.03269,31.71627],[-84.02831,31.71934],[-84.02091,31.72194],[-84.01856,31.72465],[-84.01551,31.73191],[-84.01369,31.73385],[-84.01176,31.73506],[-84.00879,31.73461],[-84.00783,31.73514],[-84.00775,31.74117],[-84.00473,31.747],[-84.00409,31.75017],[-84.00453,31.75234],[-84.0035,31.7546],[-83.99911,31.7573],[-83.99302,31.75755],[-83.99217,31.75815],[-83.99027,31.76144],[-83.98791,31.76343],[-83.98639,31.76543],[-83.98617,31.76752],[-83.98662,31.76964],[-83.98788,31.77137],[-83.99184,31.77462],[-83.9943,31.77816],[-83.99155,31.78376],[-83.99159,31.78488],[-83.99469,31.78623],[-84.00096,31.78689],[-84.00635,31.79072],[-84.00804,31.79231],[-84.00906,31.79419],[-84.0089,31.80057],[-84.00781,31.80246],[-84.00639,31.80377],[-84.00281,31.80421],[-83.9935,31.80359],[-83.9905,31.80637],[-83.98897,31.80685],[-83.98556,31.80662],[-83.97988,31.80352],[-83.97688,31.80333],[-83.97638,31.80381],[-83.97646,31.80651],[-83.97981,31.80942],[-83.97976,31.81244],[-83.97789,31.81438],[-83.97725,31.81852],[-83.97422,31.82303],[-83.97265,31.82772],[-83.96916,31.83168],[-83.96837,31.83353],[-83.96734,31.83448],[-83.9651,31.83504],[-83.95908,31.83445],[-83.95798,31.83588],[-83.95726,31.8398],[-83.95377,31.84101],[-83.94962,31.84379],[-83.94843,31.84506],[-83.94776,31.84784],[-83.94662,31.84911],[-83.94426,31.8495],[-83.94116,31.84812],[-83.9388,31.84812],[-83.93819,31.84949],[-83.93761,31.85599],[-83.93674,31.85804],[-83.93466,31.85895],[-83.93232,31.85923],[-83.92692,31.86251],[-83.92659,31.86492],[-83.92844,31.86959],[-83.92869,31.87185],[-83.93063,31.87517],[-83.93115,31.87698],[-83.93406,31.88139],[-83.93346,31.88322],[-83.93209,31.88463],[-83.92903,31.88549],[-83.92852,31.88616],[-83.9323,31.8938],[-83.93257,31.89557],[-83.93202,31.89876],[-83.9297,31.90191],[-83.9251,31.90567],[-83.92249,31.90965],[-83.93568,31.91184],[-83.99806,31.91281],[-84.01077,31.91358],[-84.1249,31.91402],[-84.26493,31.91605],[-84.28663,31.91594],[-84.28683,31.91543],[-84.33814,31.91619],[-84.3386,31.9002]]],[[[-84.31432,31.69115],[-84.31461,31.68317],[-84.30551,31.68317],[-84.3052,31.69106],[-84.31432,31.69115]]]]}},{"type":"Feature","properties":{"name":"Liberty"},"geometry":{"type":"Polygon","coordinates":[[[-81.61112,31.75186],[-81.4996,31.69997],[-81.47637,31.69833],[-81.46568,31.69416],[-81.46462,31.69316],[-81.46381,31.69026],[-81.4611,31.68749],[-81.46086,31.68368],[-81.4614,31.68265],[-81.46268,31.68192],[-81.46774,31.68062],[-81.46805,31.68],[-81.46771,31.67855],[-81.461,31.67186],[-81.45908,31.66569],[-81.45532,31.6594],[-81.45216,31.65732],[-81.44603,31.65566],[-81.44308,31.65402],[-81.44183,31.65255],[-81.44049,31.64893],[-81.43684,31.64321],[-81.43388,31.64097],[-81.43105,31.64084],[-81.428,31.64198],[-81.42664,31.64373],[-81.42655,31.64532],[-81.4249,31.64906],[-81.42039,31.65059],[-81.41759,31.65209],[-81.41496,31.65193],[-81.414,31.64932],[-81.41246,31.64873],[-81.41122,31.649],[-81.41058,31.64807],[-81.41116,31.64752],[-81.4098,31.64757],[-81.41009,31.64698],[-81.40907,31.64734],[-81.40841,31.64851],[-81.40791,31.64806],[-81.40804,31.64876],[-81.40741,31.64809],[-81.40652,31.64802],[-81.40644,31.64744],[-81.4055,31.64765],[-81.40468,31.64695],[-81.40384,31.64725],[-81.40379,31.6464],[-81.40273,31.64715],[-81.40303,31.64555],[-81.40129,31.6464],[-81.40118,31.64603],[-81.40215,31.64542],[-81.40175,31.64471],[-81.40091,31.64501],[-81.40051,31.64621],[-81.3998,31.64632],[-81.40017,31.64405],[-81.3976,31.64377],[-81.39776,31.64282],[-81.39628,31.64328],[-81.39607,31.64242],[-81.39453,31.64375],[-81.39379,31.64336],[-81.39122,31.64374],[-81.39071,31.6445],[-81.39189,31.64507],[-81.39182,31.64562],[-81.39048,31.64647],[-81.38973,31.64539],[-81.38933,31.64558],[-81.38936,31.6464],[-81.38794,31.64619],[-81.38698,31.64792],[-81.38714,31.64881],[-81.38664,31.64883],[-81.38494,31.64684],[-81.38364,31.64645],[-81.38268,31.64737],[-81.38235,31.64887],[-81.38098,31.64838],[-81.38021,31.64865],[-81.38026,31.65086],[-81.37699,31.65018],[-81.37629,31.6528],[-81.3779,31.65408],[-81.37778,31.65511],[-81.37504,31.65406],[-81.37481,31.65208],[-81.37272,31.65034],[-81.37311,31.64941],[-81.37431,31.64912],[-81.37553,31.64785],[-81.3744,31.64717],[-81.37121,31.64826],[-81.37165,31.65061],[-81.37094,31.65179],[-81.3696,31.65175],[-81.36779,31.64897],[-81.36617,31.64897],[-81.3646,31.65038],[-81.36475,31.65353],[-81.36432,31.65434],[-81.36235,31.6544],[-81.36058,31.65262],[-81.35991,31.65249],[-81.35557,31.65467],[-81.34958,31.65363],[-81.34442,31.65161],[-81.34017,31.64735],[-81.33808,31.64711],[-81.33627,31.64825],[-81.33567,31.65027],[-81.32685,31.65352],[-81.32054,31.65882],[-81.31802,31.65985],[-81.31455,31.65938],[-81.31289,31.65868],[-81.30951,31.65649],[-81.30242,31.65072],[-81.29836,31.64934],[-81.29383,31.6493],[-81.27704,31.65244],[-81.26884,31.6522],[-81.26187,31.65014],[-81.25868,31.64752],[-81.2521,31.64329],[-81.24982,31.64222],[-81.24102,31.64072],[-81.23732,31.63942],[-81.23202,31.63642],[-81.22692,31.63252],[-81.22222,31.63042],[-81.21906,31.62635],[-81.21744,31.62087],[-81.21604,31.61879],[-81.21284,31.61673],[-81.20174,31.61181],[-81.19723,31.60831],[-81.19284,31.60339],[-81.19089,31.60034],[-81.19012,31.5981],[-81.19153,31.58415],[-81.19446,31.56741],[-81.19487,31.55822],[-81.19395,31.55431],[-81.19221,31.55128],[-81.18945,31.54816],[-81.18533,31.54482],[-81.18009,31.54167],[-81.17515,31.53966],[-81.12482,31.52833],[-81.09538,31.52098],[-81.09236,31.52317],[-81.088,31.52732],[-81.08707,31.52916],[-81.08582,31.53669],[-81.08465,31.55309],[-81.08318,31.56491],[-81.07668,31.59795],[-81.07326,31.60925],[-81.06583,31.62523],[-81.06963,31.6424],[-81.06663,31.65733],[-81.05901,31.66601],[-81.04979,31.68863],[-81.05152,31.7052],[-81.1417,31.71101],[-81.15093,31.71202],[-81.15473,31.71307],[-81.15473,31.71266],[-81.15734,31.71301],[-81.16968,31.71528],[-81.17864,31.71777],[-81.20434,31.72863],[-81.20716,31.73049],[-81.20928,31.73262],[-81.21447,31.73963],[-81.22086,31.74364],[-81.22842,31.7451],[-81.23539,31.74806],[-81.24976,31.7522],[-81.2498,31.75183],[-81.25556,31.75244],[-81.26092,31.75431],[-81.26765,31.75921],[-81.27,31.76322],[-81.27075,31.76879],[-81.27005,31.77289],[-81.27023,31.77492],[-81.26873,31.77952],[-81.26843,31.78462],[-81.27083,31.78972],[-81.27353,31.79261],[-81.27743,31.79461],[-81.28383,31.79442],[-81.30223,31.78941],[-81.30593,31.78902],[-81.31103,31.78991],[-81.31163,31.79222],[-81.31013,31.79561],[-81.30993,31.79772],[-81.31033,31.79951],[-81.31083,31.80031],[-81.31923,31.80681],[-81.32003,31.80841],[-81.31963,31.81001],[-81.31551,31.81473],[-81.31504,31.81679],[-81.31628,31.81809],[-81.32297,31.82177],[-81.3268,31.82231],[-81.32822,31.82301],[-81.32874,31.82482],[-81.32854,31.82578],[-81.32622,31.83012],[-81.3283,31.83407],[-81.32887,31.83704],[-81.33112,31.83948],[-81.33445,31.84067],[-81.34001,31.84055],[-81.34338,31.83907],[-81.34545,31.83704],[-81.34558,31.83571],[-81.34397,31.83441],[-81.34185,31.83427],[-81.33473,31.83619],[-81.33325,31.83544],[-81.33254,31.83402],[-81.33295,31.83254],[-81.33396,31.83149],[-81.34011,31.83032],[-81.34157,31.82947],[-81.34287,31.82794],[-81.34218,31.82499],[-81.33895,31.82036],[-81.33903,31.81879],[-81.33959,31.81805],[-81.34075,31.81708],[-81.34583,31.81501],[-81.34925,31.81422],[-81.35424,31.81434],[-81.35584,31.8149],[-81.35635,31.81566],[-81.35657,31.81783],[-81.3552,31.81931],[-81.35178,31.81954],[-81.34812,31.81781],[-81.34658,31.81836],[-81.34544,31.82097],[-81.34481,31.82479],[-81.3466,31.82573],[-81.35095,31.82559],[-81.35171,31.82593],[-81.3549,31.82969],[-81.35807,31.83122],[-81.35826,31.83271],[-81.35703,31.83463],[-81.35412,31.83514],[-81.35302,31.83616],[-81.35306,31.83758],[-81.3537,31.83821],[-81.35448,31.83879],[-81.35563,31.83883],[-81.35946,31.83737],[-81.36215,31.837],[-81.3627,31.83736],[-81.36307,31.83962],[-81.3645,31.84005],[-81.36491,31.84084],[-81.36349,31.84282],[-81.36375,31.84396],[-81.3656,31.84646],[-81.36642,31.84662],[-81.36889,31.84537],[-81.36951,31.84438],[-81.36925,31.8409],[-81.3706,31.84005],[-81.37208,31.84015],[-81.37304,31.84227],[-81.3731,31.84356],[-81.37185,31.84693],[-81.37338,31.84743],[-81.37481,31.84658],[-81.37503,31.84807],[-81.3781,31.84868],[-81.37805,31.84926],[-81.37677,31.85031],[-81.37894,31.85084],[-81.37832,31.85273],[-81.37944,31.85383],[-81.38155,31.85388],[-81.38202,31.85427],[-81.38178,31.855],[-81.38229,31.85594],[-81.38121,31.85647],[-81.38225,31.85669],[-81.38356,31.85816],[-81.38245,31.85894],[-81.38395,31.86089],[-81.38299,31.86146],[-81.38398,31.86212],[-81.3831,31.86201],[-81.3825,31.86302],[-81.3827,31.86354],[-81.38186,31.86386],[-81.38226,31.86428],[-81.38164,31.86572],[-81.38101,31.86579],[-81.38139,31.86641],[-81.3807,31.86684],[-81.38102,31.86968],[-81.3832,31.87257],[-81.38293,31.87608],[-81.38418,31.87687],[-81.38434,31.87778],[-81.38519,31.87799],[-81.38502,31.87899],[-81.38564,31.87881],[-81.38666,31.87999],[-81.38809,31.8794],[-81.39278,31.8803],[-81.39643,31.88316],[-81.39627,31.88406],[-81.39496,31.88526],[-81.39561,31.88742],[-81.39426,31.88966],[-81.39319,31.89048],[-81.39274,31.89221],[-81.3916,31.89381],[-81.39217,31.89666],[-81.39336,31.89945],[-81.39458,31.90001],[-81.39513,31.90103],[-81.39443,31.90471],[-81.39496,31.90567],[-81.39776,31.90747],[-81.39964,31.9095],[-81.4009,31.91136],[-81.40038,31.9143],[-81.40221,31.91544],[-81.40246,31.91639],[-81.40374,31.91702],[-81.40353,31.91795],[-81.40423,31.91889],[-81.4043,31.92011],[-81.40278,31.92164],[-81.40105,31.92222],[-81.40132,31.92341],[-81.40086,31.92476],[-81.40156,31.926],[-81.40163,31.92731],[-81.3997,31.92919],[-81.40186,31.93166],[-81.40488,31.93668],[-81.40473,31.93813],[-81.40746,31.9442],[-81.40967,31.94391],[-81.41162,31.94254],[-81.4139,31.94244],[-81.4154,31.94067],[-81.4178,31.93956],[-81.42274,31.93827],[-81.42488,31.93816],[-81.46384,31.95001],[-81.47136,31.97218],[-81.47576,31.97426],[-81.4799,31.97368],[-81.48071,31.97309],[-81.48174,31.97319],[-81.48336,31.97253],[-81.48242,31.97161],[-81.48134,31.97199],[-81.4799,31.9716],[-81.47951,31.97075],[-81.48193,31.97021],[-81.48327,31.97074],[-81.48375,31.9699],[-81.48547,31.96927],[-81.48553,31.96842],[-81.48356,31.96772],[-81.48297,31.96641],[-81.48548,31.96364],[-81.48632,31.96402],[-81.4865,31.96562],[-81.48727,31.96634],[-81.4953,31.9686],[-81.49625,31.96833],[-81.50254,31.96295],[-81.50398,31.96278],[-81.50907,31.96681],[-81.5097,31.96875],[-81.51269,31.96933],[-81.51279,31.96798],[-81.51449,31.96784],[-81.51529,31.96705],[-81.51661,31.96677],[-81.51655,31.96627],[-81.5153,31.96612],[-81.51614,31.965],[-81.51475,31.96425],[-81.51473,31.96262],[-81.51624,31.96102],[-81.51829,31.95993],[-81.52232,31.95895],[-81.52343,31.96022],[-81.52442,31.96049],[-81.52434,31.96137],[-81.52512,31.96215],[-81.5264,31.96224],[-81.52885,31.96144],[-81.5297,31.96204],[-81.53109,31.96198],[-81.53162,31.9625],[-81.53143,31.96365],[-81.53225,31.96414],[-81.5338,31.96322],[-81.53592,31.96357],[-81.53696,31.96328],[-81.53706,31.96267],[-81.53512,31.96093],[-81.53549,31.95993],[-81.53794,31.9605],[-81.54076,31.96029],[-81.5426,31.95911],[-81.54499,31.9595],[-81.54622,31.95901],[-81.5467,31.9577],[-81.54743,31.95734],[-81.54851,31.95815],[-81.54801,31.95966],[-81.54849,31.96021],[-81.55062,31.95975],[-81.55138,31.95889],[-81.55161,31.95771],[-81.55236,31.95733],[-81.55752,31.95933],[-81.56454,31.95959],[-81.56502,31.9601],[-81.56506,31.9618],[-81.56579,31.96372],[-81.56657,31.96441],[-81.56639,31.9657],[-81.56749,31.96571],[-81.56864,31.96738],[-81.56975,31.96673],[-81.57156,31.96749],[-81.5721,31.96961],[-81.57651,31.97138],[-81.57761,31.97246],[-81.57871,31.97246],[-81.58073,31.97096],[-81.58175,31.97131],[-81.5829,31.9708],[-81.58456,31.97168],[-81.58561,31.97165],[-81.58753,31.96973],[-81.58885,31.97027],[-81.59038,31.9717],[-81.59107,31.97093],[-81.59329,31.97123],[-81.59356,31.97183],[-81.59229,31.97262],[-81.59235,31.97443],[-81.59171,31.97645],[-81.59104,31.97707],[-81.59212,31.97829],[-81.59143,31.97926],[-81.59154,31.98004],[-81.59214,31.98026],[-81.59286,31.97957],[-81.5934,31.97965],[-81.59331,31.98109],[-81.59431,31.98205],[-81.59213,31.98301],[-81.59231,31.98501],[-81.59306,31.98526],[-81.59292,31.98419],[-81.59356,31.98404],[-81.59482,31.98726],[-81.59468,31.98801],[-81.5928,31.98923],[-81.59343,31.99024],[-81.5948,31.98962],[-81.59519,31.98985],[-81.59363,31.9914],[-81.59445,31.9918],[-81.59772,31.9917],[-81.59926,31.99332],[-81.60122,31.99309],[-81.60188,31.99364],[-81.60207,31.99436],[-81.60168,31.99493],[-81.59949,31.9943],[-81.59846,31.99467],[-81.59798,31.99556],[-81.59845,31.99615],[-81.59972,31.996],[-81.60024,31.99668],[-81.60086,31.9986],[-81.6018,31.99981],[-81.60165,32.00082],[-81.60258,32.00161],[-81.60223,32.00294],[-81.60455,32.00301],[-81.60566,32.00397],[-81.60537,32.00635],[-81.60344,32.00906],[-81.60432,32.00973],[-81.60443,32.01095],[-81.60583,32.01207],[-81.60699,32.01212],[-81.60638,32.01326],[-81.60744,32.01371],[-81.60763,32.01479],[-81.60898,32.0156],[-81.60915,32.01758],[-81.60993,32.01762],[-81.61077,32.01592],[-81.61152,32.01593],[-81.61275,32.01719],[-81.61178,32.01776],[-81.61181,32.01831],[-81.61435,32.01915],[-81.61366,32.01992],[-81.61375,32.02043],[-81.61444,32.02092],[-81.61609,32.02074],[-81.61678,32.02117],[-81.6172,32.02282],[-81.6185,32.0246],[-81.61685,32.02491],[-81.61507,32.02459],[-81.61423,32.02544],[-81.61702,32.02607],[-81.61732,32.02727],[-81.61833,32.02821],[-81.61799,32.02998],[-81.61976,32.03088],[-81.61951,32.03254],[-81.62106,32.03254],[-81.62144,32.03104],[-81.62235,32.03093],[-81.62346,32.03293],[-81.62605,32.03581],[-81.6287,32.03699],[-81.62975,32.03687],[-81.63003,32.03828],[-81.63129,32.03814],[-81.63179,32.0404],[-81.63309,32.03946],[-81.63387,32.04142],[-81.63471,32.04143],[-81.63632,32.04046],[-81.63683,32.04073],[-81.63595,32.04272],[-81.63514,32.04314],[-81.63539,32.04422],[-81.63653,32.04442],[-81.63702,32.04327],[-81.63834,32.04352],[-81.63893,32.04478],[-81.6384,32.04582],[-81.64019,32.04624],[-81.63936,32.04757],[-81.64068,32.0477],[-81.64113,32.04832],[-81.63998,32.04965],[-81.64194,32.05019],[-81.64177,32.05121],[-81.64452,32.05099],[-81.64495,32.05273],[-81.64367,32.05326],[-81.6439,32.05384],[-81.64645,32.05336],[-81.64835,32.0538],[-81.65121,32.05835],[-81.65426,32.05814],[-81.65658,32.05868],[-81.66068,32.05731],[-81.66486,32.05926],[-81.66538,32.0602],[-81.66523,32.0617],[-81.66627,32.06266],[-81.67298,32.06394],[-81.67316,32.06436],[-81.67252,32.06523],[-81.67281,32.06819],[-81.67506,32.0706],[-81.67641,32.07448],[-81.67888,32.07597],[-81.6806,32.0756],[-81.68347,32.07593],[-81.68468,32.07652],[-81.68844,32.08006],[-81.68897,32.08147],[-81.68909,32.08433],[-81.69076,32.08698],[-81.69226,32.08757],[-81.69285,32.08842],[-81.69602,32.08745],[-81.69589,32.08864],[-81.69769,32.08857],[-81.69858,32.09075],[-81.70369,32.08855],[-81.70544,32.08847],[-81.70831,32.09013],[-81.7094,32.09202],[-81.71151,32.09066],[-81.71408,32.09252],[-81.71522,32.08952],[-81.71693,32.08898],[-81.71866,32.08935],[-81.76174,32.0479],[-81.80993,32.01966],[-81.81338,32.01623],[-81.82441,32.01488],[-81.82315,32.00922],[-81.82246,32.00701],[-81.82173,32.00635],[-81.81866,32.00453],[-81.814,32.00283],[-81.81171,32.00029],[-81.80882,31.99817],[-81.80472,31.99283],[-81.80395,31.98592],[-81.80027,31.9829],[-81.79885,31.98107],[-81.79532,31.98094],[-81.79392,31.9778],[-81.77927,31.981],[-81.77582,31.98088],[-81.77386,31.98024],[-81.77109,31.97742],[-81.75684,31.97537],[-81.75212,31.97423],[-81.75026,31.97321],[-81.74678,31.96899],[-81.74651,31.96668],[-81.7442,31.96257],[-81.74356,31.96048],[-81.7429,31.9549],[-81.74657,31.94556],[-81.74592,31.94362],[-81.74541,31.93627],[-81.74976,31.92638],[-81.75128,31.91982],[-81.75308,31.91478],[-81.75984,31.90614],[-81.75851,31.90042],[-81.7593,31.89861],[-81.76245,31.89491],[-81.76624,31.88685],[-81.76536,31.87454],[-81.76069,31.87073],[-81.75233,31.86121],[-81.74894,31.86076],[-81.73585,31.85399],[-81.72871,31.84183],[-81.71404,31.83472],[-81.70638,31.82777],[-81.70437,31.82494],[-81.69977,31.82081],[-81.6963,31.81618],[-81.69518,31.81259],[-81.68914,31.8091],[-81.68811,31.8094],[-81.66033,31.80081],[-81.65653,31.79801],[-81.6433,31.7857],[-81.64176,31.76545],[-81.62685,31.75933],[-81.61112,31.75186]]]}},{"type":"Feature","properties":{"name":"Lincoln"},"geometry":{"type":"Polygon","coordinates":[[[-82.64559,33.98293],[-82.64279,33.973],[-82.63928,33.96389],[-82.62486,33.91651],[-82.6119,33.87673],[-82.60569,33.85994],[-82.60381,33.86011],[-82.6022,33.86188],[-82.59957,33.86231],[-82.5988,33.86388],[-82.59671,33.86434],[-82.59402,33.86736],[-82.58703,33.86949],[-82.58697,33.87099],[-82.58625,33.87178],[-82.58315,33.87268],[-82.57957,33.87443],[-82.57811,33.8742],[-82.57739,33.87466],[-82.57786,33.87402],[-82.57691,33.87398],[-82.57728,33.87277],[-82.57602,33.87163],[-82.57639,33.87103],[-82.57558,33.87],[-82.57628,33.86836],[-82.57484,33.86831],[-82.5735,33.86764],[-82.5719,33.86548],[-82.57273,33.86488],[-82.57228,33.86411],[-82.57299,33.86341],[-82.57225,33.86307],[-82.5738,33.86213],[-82.57334,33.86122],[-82.57409,33.86077],[-82.57431,33.86001],[-82.57343,33.85951],[-82.57358,33.85881],[-82.57263,33.85843],[-82.57268,33.85761],[-82.57311,33.85755],[-82.57313,33.85575],[-82.57501,33.85573],[-82.57519,33.8546],[-82.57619,33.85427],[-82.5758,33.85326],[-82.57704,33.85381],[-82.578,33.85298],[-82.57865,33.8516],[-82.57825,33.8514],[-82.57794,33.84969],[-82.57825,33.84903],[-82.58064,33.84869],[-82.58172,33.84748],[-82.58481,33.84625],[-82.58471,33.84569],[-82.58413,33.84573],[-82.58438,33.84485],[-82.5835,33.84442],[-82.58379,33.84344],[-82.58284,33.84324],[-82.58362,33.83903],[-82.5851,33.83992],[-82.58574,33.83973],[-82.58573,33.8387],[-82.58641,33.8382],[-82.58646,33.83749],[-82.58777,33.83688],[-82.58874,33.83701],[-82.58943,33.83547],[-82.59032,33.83498],[-82.59113,33.83536],[-82.59229,33.83367],[-82.59374,33.83363],[-82.59356,33.83167],[-82.5951,33.83114],[-82.59553,33.82853],[-82.59457,33.8288],[-82.59353,33.82732],[-82.57307,33.78514],[-82.55043,33.75013],[-82.55005,33.75012],[-82.47952,33.63953],[-82.47756,33.64101],[-82.47788,33.6436],[-82.47697,33.64428],[-82.47442,33.6432],[-82.46988,33.63862],[-82.4686,33.63801],[-82.46652,33.63826],[-82.46382,33.64004],[-82.46266,33.63987],[-82.46054,33.6374],[-82.45926,33.63698],[-82.45824,33.63747],[-82.45763,33.63907],[-82.45788,33.64178],[-82.45683,33.64295],[-82.45121,33.64507],[-82.4506,33.64603],[-82.45169,33.64959],[-82.45072,33.65063],[-82.44808,33.65136],[-82.44319,33.65002],[-82.44013,33.65296],[-82.43641,33.65173],[-82.43469,33.65465],[-82.43386,33.65522],[-82.43091,33.65508],[-82.42826,33.6507],[-82.42533,33.65063],[-82.42455,33.65084],[-82.42382,33.65196],[-82.42381,33.65402],[-82.42311,33.65608],[-82.42102,33.65742],[-82.41922,33.65679],[-82.4166,33.65446],[-82.41428,33.65396],[-82.41354,33.65457],[-82.4127,33.65834],[-82.41154,33.66072],[-82.41201,33.6635],[-82.4129,33.66503],[-82.41251,33.66635],[-82.41112,33.66688],[-82.40952,33.66639],[-82.40747,33.66496],[-82.40675,33.66504],[-82.40545,33.6661],[-82.40456,33.67021],[-82.40388,33.67138],[-82.4028,33.67183],[-82.40034,33.67117],[-82.39875,33.66721],[-82.395,33.66421],[-82.39424,33.66426],[-82.39212,33.66611],[-82.39226,33.66767],[-82.39455,33.6715],[-82.39414,33.67252],[-82.39231,33.67273],[-82.38786,33.67134],[-82.38116,33.67224],[-82.37991,33.67426],[-82.37927,33.67655],[-82.37841,33.67679],[-82.37612,33.67628],[-82.37412,33.67489],[-82.37334,33.67485],[-82.37273,33.67544],[-82.37279,33.68213],[-82.37202,33.68274],[-82.36921,33.68304],[-82.36854,33.68269],[-82.36553,33.6761],[-82.36458,33.67539],[-82.3632,33.67504],[-82.3607,33.67548],[-82.35966,33.67634],[-82.35943,33.6774],[-82.36179,33.68231],[-82.36133,33.68435],[-82.35827,33.6846],[-82.35391,33.68152],[-82.35149,33.68285],[-82.35267,33.69041],[-82.35494,33.69411],[-82.3526,33.69558],[-82.35036,33.69437],[-82.34853,33.69252],[-82.34648,33.6918],[-82.34499,33.68905],[-82.34347,33.68806],[-82.34044,33.68893],[-82.34028,33.69143],[-82.33938,33.69267],[-82.33815,33.69328],[-82.33213,33.69279],[-82.32905,33.69768],[-82.32706,33.69727],[-82.32009,33.69851],[-82.31642,33.69771],[-82.31185,33.69808],[-82.3097,33.6998],[-82.30641,33.70064],[-82.30432,33.70028],[-82.30225,33.69916],[-82.29754,33.69349],[-82.29594,33.69308],[-82.29312,33.69339],[-82.29132,33.69211],[-82.28981,33.69181],[-82.28661,33.69221],[-82.28267,33.68885],[-82.27835,33.68735],[-82.27609,33.68453],[-82.27437,33.68335],[-82.27124,33.68239],[-82.26835,33.68301],[-82.26722,33.68631],[-82.26617,33.68723],[-82.26332,33.68762],[-82.26095,33.6865],[-82.25898,33.68726],[-82.25543,33.68737],[-82.25154,33.68894],[-82.2459,33.68944],[-82.24416,33.6907],[-82.24295,33.69327],[-82.24066,33.6933],[-82.23623,33.69126],[-82.23128,33.68857],[-82.22826,33.68596],[-82.22599,33.68565],[-82.22315,33.68651],[-82.21865,33.6863],[-82.22605,33.6917],[-82.2274,33.69353],[-82.23457,33.70022],[-82.23526,33.70402],[-82.23719,33.70788],[-82.23575,33.71439],[-82.23731,33.72189],[-82.23927,33.72718],[-82.23952,33.72913],[-82.2391,33.73087],[-82.2404,33.7349],[-82.24324,33.74012],[-82.24566,33.74344],[-82.24747,33.75259],[-82.25527,33.75969],[-82.25805,33.76043],[-82.25947,33.76025],[-82.26321,33.76196],[-82.26438,33.76348],[-82.26502,33.76574],[-82.26613,33.76675],[-82.26772,33.76765],[-82.27044,33.76791],[-82.27768,33.77203],[-82.28106,33.77606],[-82.2858,33.78006],[-82.28976,33.78203],[-82.29247,33.78241],[-82.29498,33.78187],[-82.29829,33.78352],[-82.29939,33.78504],[-82.2996,33.78648],[-82.29892,33.79584],[-82.29928,33.79894],[-82.30021,33.80063],[-82.30391,33.80356],[-82.309,33.80589],[-82.31142,33.80647],[-82.3129,33.80749],[-82.31435,33.81111],[-82.3173,33.81375],[-82.32189,33.81678],[-82.32307,33.81882],[-82.32448,33.82003],[-82.33783,33.82716],[-82.34693,33.8343],[-82.35188,33.83643],[-82.36911,33.84238],[-82.37177,33.84381],[-82.37429,33.84559],[-82.37977,33.8511],[-82.38497,33.85443],[-82.39059,33.85719],[-82.39573,33.85909],[-82.40052,33.86334],[-82.40388,33.86548],[-82.40835,33.86632],[-82.42062,33.86375],[-82.42489,33.86413],[-82.43115,33.86705],[-82.43864,33.87392],[-82.4405,33.87512],[-82.44811,33.87754],[-82.4551,33.88165],[-82.45939,33.88639],[-82.46991,33.89284],[-82.48011,33.9019],[-82.49293,33.90975],[-82.49611,33.91346],[-82.50358,33.92605],[-82.51142,33.93561],[-82.51295,33.93697],[-82.52452,33.94336],[-82.52674,33.94376],[-82.53411,33.94365],[-82.53976,33.94155],[-82.54311,33.94095],[-82.55443,33.9438],[-82.55676,33.94532],[-82.56449,33.95573],[-82.56641,33.95619],[-82.5679,33.95749],[-82.57315,33.95897],[-82.57442,33.95975],[-82.57806,33.9659],[-82.58165,33.96749],[-82.58537,33.96786],[-82.58893,33.96902],[-82.5904,33.97101],[-82.59344,33.97161],[-82.59507,33.97371],[-82.6004,33.97648],[-82.60151,33.97887],[-82.6032,33.9799],[-82.6071,33.9803],[-82.61012,33.98156],[-82.612,33.98142],[-82.61465,33.98044],[-82.62209,33.98212],[-82.62585,33.9822],[-82.63,33.98061],[-82.63176,33.97912],[-82.63258,33.97495],[-82.6367,33.97409],[-82.63915,33.97269],[-82.64068,33.97418],[-82.63979,33.97904],[-82.64065,33.98173],[-82.6419,33.98321],[-82.64535,33.98418],[-82.64559,33.98293]]]}},{"type":"Feature","properties":{"name":"Long"},"geometry":{"type":"Polygon","coordinates":[[[-81.98148,31.80006],[-81.98146,31.79523],[-81.98083,31.79358],[-81.98103,31.79137],[-81.97441,31.78758],[-81.97383,31.78761],[-81.97375,31.78869],[-81.97262,31.78951],[-81.97077,31.79016],[-81.96905,31.78932],[-81.95648,31.78973],[-81.95397,31.7893],[-81.95251,31.78833],[-81.95149,31.78585],[-81.95124,31.77642],[-81.95173,31.7723],[-81.95096,31.77083],[-81.94914,31.76926],[-81.94437,31.76769],[-81.94338,31.76682],[-81.94327,31.76422],[-81.94453,31.76113],[-81.9445,31.7604],[-81.94372,31.7597],[-81.94234,31.75923],[-81.94058,31.75953],[-81.93624,31.7621],[-81.93388,31.76239],[-81.93159,31.76176],[-81.92964,31.75993],[-81.92958,31.75533],[-81.92879,31.75352],[-81.92759,31.7525],[-81.92576,31.75181],[-81.92354,31.75251],[-81.92265,31.75366],[-81.92227,31.75534],[-81.92357,31.75655],[-81.92409,31.75805],[-81.92347,31.75941],[-81.9201,31.75984],[-81.91866,31.7592],[-81.91649,31.75687],[-81.91137,31.75348],[-81.90944,31.75031],[-81.909,31.74796],[-81.90981,31.7458],[-81.91242,31.74399],[-81.91338,31.74053],[-81.9125,31.73839],[-81.91034,31.73636],[-81.90972,31.73313],[-81.91023,31.73127],[-81.90766,31.72814],[-81.90667,31.72581],[-81.90496,31.7243],[-81.89731,31.72089],[-81.89041,31.71695],[-81.88374,31.71425],[-81.87646,31.71315],[-81.87595,31.7127],[-81.87423,31.70952],[-81.87437,31.70418],[-81.86693,31.69076],[-81.86515,31.68919],[-81.8593,31.68641],[-81.85695,31.68419],[-81.8555,31.68145],[-81.85414,31.68015],[-81.8488,31.67849],[-81.84757,31.67726],[-81.84768,31.67557],[-81.8485,31.67433],[-81.85201,31.67253],[-81.85229,31.67092],[-81.85139,31.6682],[-81.84978,31.66738],[-81.84634,31.66727],[-81.84073,31.66819],[-81.83856,31.66722],[-81.83704,31.66467],[-81.83547,31.66346],[-81.82892,31.66396],[-81.82753,31.66154],[-81.82863,31.65989],[-81.83092,31.65849],[-81.83094,31.65731],[-81.8244,31.65207],[-81.821,31.65106],[-81.81412,31.6523],[-81.812,31.65387],[-81.81158,31.65536],[-81.81226,31.65846],[-81.81358,31.65989],[-81.81713,31.66129],[-81.81828,31.66296],[-81.8177,31.66402],[-81.81648,31.66474],[-81.81489,31.66477],[-81.81302,31.66412],[-81.80946,31.66112],[-81.80658,31.65528],[-81.80421,31.6539],[-81.79876,31.65352],[-81.79697,31.65267],[-81.79562,31.64997],[-81.79556,31.6491],[-81.79739,31.64639],[-81.79721,31.64504],[-81.79639,31.64405],[-81.79353,31.64342],[-81.78872,31.64382],[-81.78678,31.64222],[-81.78594,31.6401],[-81.78615,31.63887],[-81.79045,31.6345],[-81.79034,31.63298],[-81.78953,31.63203],[-81.78452,31.62984],[-81.77848,31.63148],[-81.77561,31.62876],[-81.77317,31.6289],[-81.77184,31.62849],[-81.77073,31.62477],[-81.76565,31.62523],[-81.76535,31.62399],[-81.76574,31.62324],[-81.76959,31.62252],[-81.77065,31.62177],[-81.77025,31.61941],[-81.77071,31.61685],[-81.7696,31.61482],[-81.76804,31.61411],[-81.76523,31.61509],[-81.76309,31.61926],[-81.76119,31.62055],[-81.75957,31.62047],[-81.75671,31.6159],[-81.755,31.61541],[-81.75296,31.61609],[-81.75172,31.61602],[-81.75094,31.61277],[-81.74692,31.61363],[-81.74419,31.61226],[-81.74388,31.6111],[-81.74431,31.61005],[-81.74674,31.60949],[-81.74817,31.60738],[-81.74873,31.60352],[-81.74723,31.6015],[-81.74489,31.6011],[-81.74239,31.60232],[-81.74123,31.60417],[-81.74055,31.60806],[-81.73915,31.60897],[-81.7375,31.60884],[-81.73157,31.60453],[-81.73235,31.60225],[-81.73221,31.60095],[-81.73077,31.60043],[-81.72758,31.60105],[-81.72478,31.59943],[-81.72448,31.59805],[-81.72606,31.59584],[-81.72593,31.59524],[-81.72366,31.59389],[-81.72318,31.59164],[-81.71972,31.59159],[-81.71833,31.58918],[-81.71774,31.58906],[-81.71495,31.59074],[-81.71307,31.59093],[-81.7118,31.58976],[-81.71369,31.58676],[-81.71301,31.58586],[-81.71187,31.58583],[-81.70831,31.58758],[-81.70692,31.58624],[-81.70705,31.58454],[-81.70663,31.58416],[-81.70532,31.58392],[-81.70295,31.58516],[-81.70177,31.58492],[-81.70116,31.57995],[-81.69968,31.57895],[-81.69775,31.57885],[-81.69699,31.57786],[-81.69954,31.57438],[-81.69954,31.5724],[-81.6979,31.56839],[-81.6963,31.56637],[-81.69636,31.56576],[-81.69796,31.56495],[-81.70045,31.56536],[-81.70107,31.56418],[-81.69713,31.56015],[-81.69858,31.55771],[-81.69707,31.55575],[-81.69678,31.55382],[-81.6959,31.55297],[-81.69347,31.55363],[-81.69266,31.55329],[-81.68987,31.55052],[-81.68808,31.55068],[-81.68468,31.55232],[-81.68333,31.55217],[-81.68141,31.55115],[-81.6806,31.5498],[-81.68019,31.54781],[-81.68112,31.54613],[-81.68281,31.54463],[-81.68311,31.54343],[-81.68257,31.54224],[-81.68127,31.54167],[-81.67806,31.54238],[-81.67579,31.5462],[-81.67405,31.54749],[-81.67175,31.54802],[-81.6695,31.54695],[-81.66723,31.54407],[-81.66415,31.54178],[-81.66321,31.53867],[-81.62222,31.55129],[-81.56601,31.57647],[-81.5383,31.62426],[-81.53712,31.62541],[-81.51144,31.66865],[-81.4918,31.69957],[-81.4996,31.69997],[-81.62685,31.75933],[-81.64176,31.76545],[-81.6433,31.7857],[-81.65653,31.79801],[-81.66033,31.80081],[-81.68811,31.8094],[-81.68914,31.8091],[-81.69473,31.81228],[-81.69544,31.81281],[-81.6963,31.81618],[-81.69977,31.82081],[-81.70437,31.82494],[-81.70638,31.82777],[-81.71404,31.83472],[-81.72871,31.84183],[-81.73585,31.85399],[-81.74894,31.86076],[-81.75233,31.86121],[-81.76069,31.87073],[-81.76536,31.87454],[-81.76628,31.88658],[-81.76245,31.89491],[-81.7593,31.89861],[-81.75851,31.90042],[-81.75984,31.90614],[-81.75308,31.91478],[-81.75128,31.91982],[-81.74976,31.92638],[-81.74546,31.93604],[-81.74592,31.94362],[-81.74657,31.94556],[-81.7429,31.9549],[-81.74356,31.96048],[-81.7442,31.96257],[-81.74651,31.96668],[-81.74678,31.96899],[-81.75026,31.97321],[-81.75212,31.97423],[-81.75684,31.97537],[-81.77109,31.97742],[-81.77386,31.98024],[-81.77582,31.98088],[-81.77927,31.981],[-81.79392,31.9778],[-81.79532,31.98094],[-81.79885,31.98107],[-81.80027,31.9829],[-81.80395,31.98592],[-81.80472,31.99283],[-81.80918,31.99854],[-81.81171,32.00029],[-81.814,32.00283],[-81.81866,32.00453],[-81.82239,32.0069],[-81.82441,32.01488],[-81.84138,32.00213],[-81.84577,31.99308],[-81.85458,31.98833],[-81.85496,31.98507],[-81.8587,31.98021],[-81.85832,31.97819],[-81.86281,31.97315],[-81.86536,31.97274],[-81.86783,31.97145],[-81.86952,31.97172],[-81.87116,31.97127],[-81.87382,31.9701],[-81.87592,31.96853],[-81.87682,31.96568],[-81.87632,31.96313],[-81.87676,31.96222],[-81.88141,31.95866],[-81.882,31.95741],[-81.88451,31.95614],[-81.88645,31.9525],[-81.88761,31.95153],[-81.88826,31.9497],[-81.88957,31.94909],[-81.88917,31.94707],[-81.88633,31.94541],[-81.88594,31.94392],[-81.88487,31.94346],[-81.88464,31.94248],[-81.88287,31.94116],[-81.88364,31.93942],[-81.88266,31.93704],[-81.88364,31.93553],[-81.88187,31.93179],[-81.88226,31.92944],[-81.88196,31.92811],[-81.88279,31.92718],[-81.88197,31.92584],[-81.88198,31.92413],[-81.88296,31.92144],[-81.882,31.91834],[-81.88222,31.91737],[-81.88438,31.91458],[-81.88499,31.91281],[-81.88642,31.91232],[-81.88722,31.91077],[-81.89162,31.90812],[-81.89313,31.90503],[-81.89428,31.90431],[-81.89496,31.90286],[-81.89442,31.89921],[-81.89241,31.89687],[-81.89255,31.89503],[-81.89439,31.89254],[-81.89529,31.89204],[-81.89622,31.89276],[-81.89922,31.89188],[-81.90026,31.89024],[-81.90284,31.88825],[-81.90641,31.88759],[-81.90926,31.88859],[-81.91247,31.88696],[-81.91303,31.88447],[-81.91487,31.88208],[-81.91419,31.88134],[-81.9146,31.88134],[-81.91445,31.88041],[-81.91552,31.8787],[-81.91692,31.87814],[-81.91782,31.87638],[-81.9187,31.87606],[-81.91852,31.87455],[-81.91951,31.87301],[-81.91952,31.87152],[-81.92012,31.87103],[-81.91979,31.87012],[-81.92049,31.86745],[-81.92017,31.86687],[-81.91943,31.86678],[-81.91895,31.86585],[-81.91921,31.86541],[-81.91852,31.86528],[-81.91908,31.86378],[-81.91851,31.86322],[-81.91912,31.86313],[-81.91922,31.86263],[-81.91845,31.86223],[-81.91941,31.86092],[-81.91911,31.86043],[-81.91988,31.86009],[-81.9201,31.85895],[-81.92077,31.85876],[-81.92046,31.85855],[-81.92107,31.85695],[-81.92185,31.85689],[-81.92217,31.85501],[-81.92173,31.85349],[-81.92248,31.85121],[-81.92284,31.85154],[-81.92294,31.85061],[-81.92378,31.85002],[-81.92685,31.84987],[-81.93044,31.84781],[-81.93218,31.84604],[-81.93288,31.84396],[-81.93341,31.84388],[-81.93349,31.84213],[-81.93494,31.84203],[-81.93917,31.84029],[-81.94042,31.84058],[-81.94041,31.83987],[-81.94193,31.83822],[-81.94214,31.83697],[-81.94503,31.83567],[-81.94536,31.83363],[-81.94494,31.83292],[-81.94571,31.83242],[-81.94561,31.83192],[-81.94643,31.83189],[-81.94832,31.82896],[-81.94935,31.82878],[-81.95007,31.82731],[-81.94991,31.82671],[-81.95098,31.82558],[-81.95042,31.82468],[-81.95077,31.82446],[-81.9507,31.82287],[-81.95118,31.82241],[-81.95057,31.82227],[-81.95248,31.82064],[-81.95214,31.8202],[-81.95251,31.81935],[-81.95165,31.8189],[-81.95223,31.81764],[-81.95181,31.81694],[-81.95219,31.81592],[-81.95307,31.81518],[-81.95307,31.81464],[-81.95222,31.81468],[-81.95257,31.81386],[-81.95294,31.8139],[-81.9527,31.81328],[-81.95326,31.81311],[-81.95388,31.81194],[-81.95512,31.81135],[-81.95455,31.8109],[-81.95638,31.80871],[-81.95786,31.80918],[-81.95977,31.80847],[-81.9614,31.80929],[-81.96235,31.80875],[-81.96228,31.80831],[-81.96363,31.80776],[-81.96646,31.80867],[-81.96706,31.80841],[-81.96733,31.80734],[-81.96849,31.80728],[-81.96819,31.80695],[-81.9686,31.8064],[-81.96937,31.80638],[-81.97121,31.80488],[-81.973,31.80481],[-81.97371,31.80535],[-81.97698,31.80472],[-81.97934,31.80499],[-81.98028,31.80374],[-81.97983,31.80328],[-81.97977,31.80125],[-81.98148,31.80006]]]}},{"type":"Feature","properties":{"name":"Lowndes"},"geometry":{"type":"Polygon","coordinates":[[[-83.13513,30.7351],[-83.13523,30.73684],[-83.1345,30.73839],[-83.13515,30.73958],[-83.13467,30.74352],[-83.13247,30.74895],[-83.1328,30.75021],[-83.13395,30.75165],[-83.13365,30.75569],[-83.13283,30.75853],[-83.13457,30.76303],[-83.13521,30.76692],[-83.13493,30.76781],[-83.13619,30.7699],[-83.13535,30.77044],[-83.13624,30.77523],[-83.13491,30.7792],[-83.13419,30.77934],[-83.13284,30.78099],[-83.13277,30.78359],[-83.1335,30.78549],[-83.13284,30.78714],[-83.13301,30.78965],[-83.13156,30.79148],[-83.13151,30.79419],[-83.12741,30.79905],[-83.12582,30.80217],[-83.12576,30.80341],[-83.10437,30.8037],[-83.10324,30.83143],[-83.0881,30.83119],[-83.08808,30.84866],[-83.01942,30.84945],[-83.02013,30.85015],[-83.02528,30.85205],[-83.02532,30.85352],[-83.02371,30.85911],[-83.02605,30.86146],[-83.02524,30.86273],[-83.02636,30.86374],[-83.02599,30.86467],[-83.02388,30.86633],[-83.02306,30.86781],[-83.02329,30.86881],[-83.02274,30.87072],[-83.02339,30.8718],[-83.02165,30.87271],[-83.02184,30.87305],[-83.02284,30.87279],[-83.02418,30.87365],[-83.02245,30.87408],[-83.0223,30.87462],[-83.02321,30.87617],[-83.02195,30.87676],[-83.02314,30.87813],[-83.02239,30.87924],[-83.02264,30.88005],[-83.02083,30.88151],[-83.02367,30.88281],[-83.02252,30.88384],[-83.02375,30.88492],[-83.0226,30.88606],[-83.02258,30.88676],[-83.02451,30.88746],[-83.0246,30.88795],[-83.02297,30.88882],[-83.02275,30.88991],[-83.02119,30.89009],[-83.02078,30.89066],[-83.02183,30.89281],[-83.02271,30.89656],[-83.02049,30.90136],[-83.02037,30.90434],[-83.0212,30.90427],[-83.02227,30.90288],[-83.0229,30.90278],[-83.02315,30.90438],[-83.02483,30.90641],[-83.02655,30.90595],[-83.02727,30.90619],[-83.02737,30.90681],[-83.02601,30.90736],[-83.02574,30.90824],[-83.02779,30.90823],[-83.02889,30.90903],[-83.02942,30.91024],[-83.02807,30.9135],[-83.02723,30.91429],[-83.02773,30.91518],[-83.03303,30.9148],[-83.03637,30.91601],[-83.03661,30.91773],[-83.03515,30.91913],[-83.03631,30.92107],[-83.0357,30.92142],[-83.0326,30.9213],[-83.03199,30.92149],[-83.03187,30.92221],[-83.0367,30.92392],[-83.04033,30.92693],[-83.04029,30.92793],[-83.03941,30.92925],[-83.03653,30.92981],[-83.03609,30.93206],[-83.03842,30.93577],[-83.03938,30.93638],[-83.04161,30.93654],[-83.04248,30.93771],[-83.04286,30.94037],[-83.04247,30.94121],[-83.04304,30.94204],[-83.04319,30.94499],[-83.04271,30.94606],[-83.04292,30.9473],[-83.17947,30.95013],[-83.17976,31.00016],[-83.18062,31.02549],[-83.19797,31.0254],[-83.25456,31.02662],[-83.28048,31.02658],[-83.43779,31.03103],[-83.47562,31.03196],[-83.47682,31.03153],[-83.47689,31.031],[-83.47502,31.03026],[-83.47379,31.03128],[-83.47327,31.02887],[-83.4738,31.02876],[-83.47326,31.02845],[-83.47255,31.02849],[-83.47276,31.02936],[-83.47228,31.02974],[-83.47062,31.02848],[-83.47009,31.02851],[-83.46938,31.02943],[-83.46815,31.02941],[-83.4683,31.02848],[-83.46936,31.02819],[-83.47016,31.02685],[-83.47151,31.02673],[-83.47064,31.02529],[-83.4715,31.02413],[-83.47006,31.02285],[-83.4681,31.02232],[-83.46788,31.0215],[-83.46918,31.02138],[-83.46937,31.02093],[-83.46857,31.02033],[-83.46751,31.02083],[-83.46612,31.0191],[-83.46625,31.01667],[-83.46704,31.01626],[-83.46801,31.01682],[-83.46841,31.01648],[-83.46646,31.01513],[-83.46669,31.01323],[-83.46535,31.01248],[-83.46525,31.01169],[-83.46413,31.01092],[-83.46451,31.00986],[-83.46407,31.00824],[-83.46288,31.00734],[-83.46376,31.00693],[-83.4638,31.00611],[-83.46131,31.00571],[-83.46041,31.00281],[-83.45976,31.00254],[-83.45844,31.00306],[-83.45905,31.00225],[-83.4582,31.0008],[-83.45697,31.00034],[-83.45661,30.99927],[-83.45482,30.99857],[-83.45505,30.99765],[-83.45573,30.9978],[-83.45629,30.9973],[-83.45604,30.99679],[-83.45494,30.99712],[-83.45466,30.9967],[-83.45481,30.99579],[-83.45569,30.99542],[-83.45588,30.99481],[-83.45443,30.99294],[-83.45357,30.99392],[-83.45275,30.99383],[-83.45302,30.99228],[-83.45211,30.99152],[-83.45171,30.99032],[-83.45019,30.99058],[-83.44995,30.98999],[-83.44836,30.9892],[-83.44794,30.99022],[-83.44717,30.99043],[-83.44741,30.98926],[-83.44594,30.98868],[-83.44634,30.98766],[-83.44465,30.98858],[-83.44409,30.98832],[-83.44497,30.98719],[-83.44296,30.98478],[-83.4431,30.98278],[-83.44234,30.98022],[-83.44329,30.97637],[-83.44193,30.9747],[-83.44255,30.97353],[-83.44234,30.97278],[-83.43814,30.96862],[-83.43819,30.96751],[-83.43972,30.96668],[-83.43968,30.96627],[-83.43795,30.96567],[-83.43641,30.96593],[-83.43709,30.9642],[-83.43575,30.9642],[-83.43551,30.96375],[-83.43699,30.96335],[-83.43717,30.96272],[-83.43574,30.96255],[-83.43468,30.96147],[-83.43493,30.96086],[-83.43608,30.9608],[-83.43469,30.95974],[-83.4359,30.95847],[-83.43525,30.95766],[-83.4363,30.95744],[-83.43577,30.95619],[-83.43658,30.95532],[-83.43571,30.95445],[-83.43491,30.95485],[-83.43448,30.95579],[-83.43226,30.9561],[-83.43225,30.95555],[-83.4339,30.95471],[-83.43327,30.95397],[-83.4313,30.95427],[-83.43097,30.95374],[-83.4309,30.95221],[-83.43142,30.95137],[-83.43069,30.95084],[-83.43195,30.94966],[-83.43128,30.94931],[-83.43023,30.94974],[-83.43021,30.94895],[-83.42925,30.94885],[-83.43152,30.94426],[-83.43379,30.94323],[-83.43672,30.93975],[-83.43985,30.93979],[-83.43968,30.93896],[-83.43746,30.93865],[-83.43678,30.93684],[-83.43512,30.93538],[-83.43531,30.93421],[-83.43648,30.9326],[-83.43897,30.93164],[-83.43816,30.93088],[-83.43655,30.93127],[-83.43589,30.93068],[-83.4361,30.93033],[-83.43863,30.93034],[-83.43892,30.92982],[-83.43812,30.92898],[-83.43687,30.92912],[-83.43778,30.92821],[-83.43649,30.92732],[-83.43879,30.92106],[-83.43658,30.92108],[-83.43634,30.92069],[-83.43756,30.9195],[-83.43867,30.91987],[-83.43938,30.91959],[-83.43881,30.91815],[-83.4409,30.91782],[-83.44184,30.91611],[-83.44181,30.91545],[-83.44024,30.91524],[-83.44001,30.91472],[-83.44051,30.91419],[-83.44155,30.91435],[-83.44184,30.91375],[-83.43948,30.91357],[-83.43967,30.91296],[-83.44106,30.91261],[-83.44102,30.91197],[-83.4398,30.91132],[-83.4412,30.91061],[-83.43967,30.91034],[-83.43981,30.90994],[-83.44092,30.90992],[-83.44095,30.90937],[-83.43953,30.90834],[-83.43836,30.90825],[-83.43912,30.90753],[-83.43865,30.90661],[-83.43977,30.90717],[-83.44043,30.90649],[-83.44005,30.90543],[-83.44031,30.90479],[-83.43854,30.90479],[-83.43862,30.90342],[-83.43823,30.90335],[-83.43479,30.90422],[-83.43413,30.90324],[-83.4344,30.90168],[-83.43233,30.90065],[-83.4327,30.89944],[-83.43177,30.89962],[-83.4309,30.90073],[-83.42864,30.89973],[-83.42768,30.89868],[-83.42654,30.89921],[-83.42649,30.89767],[-83.42816,30.89793],[-83.42829,30.89751],[-83.42558,30.89646],[-83.42593,30.89581],[-83.42749,30.89566],[-83.42736,30.89522],[-83.42561,30.89463],[-83.42493,30.89524],[-83.4246,30.89497],[-83.4255,30.89335],[-83.42628,30.89295],[-83.42505,30.89206],[-83.42264,30.89188],[-83.42105,30.89231],[-83.41723,30.88917],[-83.41646,30.88904],[-83.41579,30.88951],[-83.41573,30.8906],[-83.41679,30.89101],[-83.41536,30.89165],[-83.41523,30.89224],[-83.41233,30.89208],[-83.41225,30.89272],[-83.41366,30.89357],[-83.41361,30.89398],[-83.41289,30.89446],[-83.41167,30.89444],[-83.41122,30.89394],[-83.41124,30.8925],[-83.4099,30.89195],[-83.40875,30.89236],[-83.40885,30.89075],[-83.40609,30.88933],[-83.40531,30.88772],[-83.40803,30.88782],[-83.40837,30.88685],[-83.40726,30.88654],[-83.40418,30.88719],[-83.40254,30.88569],[-83.40269,30.88473],[-83.40067,30.8848],[-83.39887,30.88377],[-83.39672,30.88514],[-83.39556,30.88419],[-83.39442,30.88404],[-83.39454,30.88297],[-83.39363,30.88285],[-83.39245,30.88352],[-83.39346,30.88428],[-83.39375,30.88511],[-83.3934,30.88541],[-83.39159,30.88537],[-83.39055,30.88418],[-83.38931,30.88489],[-83.38448,30.88523],[-83.38086,30.88438],[-83.37823,30.88209],[-83.37797,30.88058],[-83.37747,30.88042],[-83.37567,30.88103],[-83.37377,30.88413],[-83.37298,30.88458],[-83.3709,30.88483],[-83.3695,30.88417],[-83.36792,30.88295],[-83.3685,30.88114],[-83.36607,30.88048],[-83.36642,30.87977],[-83.36523,30.87891],[-83.36403,30.87639],[-83.36123,30.87521],[-83.36018,30.87398],[-83.35906,30.87354],[-83.35876,30.87226],[-83.35799,30.87206],[-83.35692,30.87276],[-83.35597,30.87234],[-83.356,30.87161],[-83.35741,30.87099],[-83.3573,30.8705],[-83.356,30.87023],[-83.35564,30.86897],[-83.35756,30.86928],[-83.35797,30.86873],[-83.35728,30.86806],[-83.35705,30.86647],[-83.35385,30.86446],[-83.35466,30.86173],[-83.35096,30.85997],[-83.35093,30.85826],[-83.35043,30.85766],[-83.35073,30.85622],[-83.35008,30.85513],[-83.34926,30.85515],[-83.34867,30.85618],[-83.34812,30.85598],[-83.3464,30.85354],[-83.34889,30.84949],[-83.34773,30.84711],[-83.34941,30.84626],[-83.35172,30.84665],[-83.35204,30.84626],[-83.35063,30.84301],[-83.35095,30.8418],[-83.3536,30.84145],[-83.35514,30.83964],[-83.35724,30.8385],[-83.35955,30.83643],[-83.36103,30.83646],[-83.36265,30.83767],[-83.36374,30.83978],[-83.36486,30.83909],[-83.3648,30.83714],[-83.36693,30.83771],[-83.37077,30.83769],[-83.37237,30.83961],[-83.37316,30.83982],[-83.37407,30.83931],[-83.37522,30.83767],[-83.37532,30.83572],[-83.37734,30.83378],[-83.37814,30.83151],[-83.3792,30.83052],[-83.38358,30.82819],[-83.38533,30.82826],[-83.38647,30.82888],[-83.38799,30.82867],[-83.38918,30.82723],[-83.39197,30.82785],[-83.39279,30.82737],[-83.39343,30.82588],[-83.39454,30.8254],[-83.4089,30.82904],[-83.41474,30.8287],[-83.41615,30.82808],[-83.41697,30.82712],[-83.41678,30.82533],[-83.41729,30.82455],[-83.42244,30.8205],[-83.42615,30.815],[-83.42676,30.81503],[-83.42796,30.81651],[-83.42958,30.8169],[-83.4312,30.81468],[-83.43252,30.81402],[-83.43409,30.8145],[-83.43857,30.81436],[-83.44189,30.81697],[-83.44383,30.8177],[-83.44725,30.81752],[-83.44929,30.81796],[-83.44998,30.81759],[-83.45086,30.81589],[-83.45107,30.81086],[-83.45051,30.80989],[-83.44786,30.80818],[-83.44672,30.80639],[-83.4464,30.80486],[-83.44709,30.80312],[-83.44749,30.79888],[-83.44889,30.79689],[-83.45234,30.79553],[-83.45316,30.79448],[-83.45316,30.79253],[-83.45168,30.79033],[-83.45229,30.78823],[-83.45701,30.78653],[-83.45844,30.78534],[-83.45934,30.78337],[-83.45714,30.78179],[-83.45709,30.78076],[-83.45926,30.77861],[-83.45931,30.77746],[-83.45512,30.7719],[-83.4544,30.77002],[-83.45584,30.76837],[-83.45676,30.76578],[-83.45828,30.76461],[-83.46294,30.7636],[-83.46592,30.76456],[-83.46804,30.76445],[-83.46952,30.7636],[-83.47215,30.75918],[-83.47284,30.75925],[-83.47347,30.76016],[-83.4749,30.76046],[-83.48246,30.75693],[-83.48447,30.75448],[-83.48434,30.7532],[-83.48477,30.75237],[-83.48302,30.75065],[-83.47994,30.74359],[-83.4754,30.74039],[-83.47089,30.73476],[-83.46798,30.73222],[-83.4675,30.72583],[-83.46871,30.72088],[-83.46869,30.71813],[-83.46778,30.71769],[-83.46585,30.71785],[-83.4632,30.7157],[-83.45787,30.71346],[-83.45535,30.71149],[-83.45323,30.70874],[-83.4523,30.70407],[-83.45455,30.7021],[-83.45447,30.70086],[-83.45127,30.69995],[-83.44774,30.69537],[-83.44575,30.69489],[-83.4435,30.6955],[-83.44289,30.69507],[-83.44215,30.69207],[-83.44055,30.69058],[-83.44029,30.68916],[-83.43968,30.68856],[-83.43096,30.68872],[-83.42738,30.68685],[-83.42349,30.68625],[-83.42312,30.68721],[-83.42343,30.68822],[-83.42221,30.68939],[-83.42076,30.68898],[-83.41779,30.68581],[-83.41697,30.68343],[-83.41678,30.68176],[-83.41832,30.68107],[-83.41636,30.67956],[-83.41848,30.6789],[-83.41874,30.6784],[-83.41699,30.67707],[-83.41525,30.67471],[-83.41249,30.67391],[-83.406,30.67537],[-83.40449,30.67475],[-83.39874,30.67715],[-83.39627,30.67731],[-83.395,30.67628],[-83.39399,30.67411],[-83.39153,30.67191],[-83.39161,30.67097],[-83.39432,30.6694],[-83.39455,30.66882],[-83.39402,30.66772],[-83.39264,30.6673],[-83.38984,30.66776],[-83.38809,30.66755],[-83.38594,30.66627],[-83.38425,30.66453],[-83.38104,30.66297],[-83.37617,30.66205],[-83.37487,30.65896],[-83.37323,30.6576],[-83.3709,30.65667],[-83.36692,30.65713],[-83.36496,30.65857],[-83.36314,30.65892],[-83.36271,30.65749],[-83.36462,30.65527],[-83.36205,30.65333],[-83.36125,30.65186],[-83.36061,30.64405],[-83.36175,30.64318],[-83.36522,30.64357],[-83.36597,30.64213],[-83.36528,30.64081],[-83.3577,30.63736],[-83.34085,30.63634],[-83.33708,30.64068],[-83.32944,30.64023],[-83.32854,30.6426],[-83.32643,30.64346],[-83.32085,30.64192],[-83.3185,30.64037],[-83.317,30.63745],[-83.31413,30.6359],[-83.30919,30.63567],[-83.30889,30.63549],[-83.30925,30.63441],[-83.17575,30.62668],[-83.13661,30.62397],[-83.13552,30.64485],[-83.1351,30.66544],[-83.13486,30.69569],[-83.13578,30.72197],[-83.13021,30.7221],[-83.1328,30.72454],[-83.13351,30.72436],[-83.13459,30.72578],[-83.13435,30.72722],[-83.1348,30.7277],[-83.13365,30.72827],[-83.13329,30.72999],[-83.13417,30.7312],[-83.13407,30.7334],[-83.13513,30.7351]]]}},{"type":"Feature","properties":{"name":"Lumpkin"},"geometry":{"type":"Polygon","coordinates":[[[-83.97515,34.43272],[-83.96833,34.43333],[-83.96632,34.43388],[-83.96347,34.43617],[-83.96149,34.43612],[-83.95702,34.43791],[-83.95645,34.43729],[-83.93131,34.45121],[-83.92068,34.45113],[-83.92066,34.46011],[-83.9319,34.46053],[-83.93189,34.46934],[-83.90984,34.46919],[-83.90995,34.4598],[-83.88763,34.45994],[-83.8876,34.46879],[-83.8779,34.47552],[-83.87491,34.47724],[-83.8739,34.47732],[-83.84331,34.49702],[-83.84313,34.51536],[-83.83757,34.51534],[-83.83928,34.5186],[-83.83892,34.5192],[-83.83754,34.51953],[-83.83785,34.52131],[-83.83666,34.52242],[-83.83629,34.52353],[-83.83286,34.52352],[-83.83283,34.53231],[-83.84379,34.5324],[-83.84375,34.54143],[-83.85371,34.54146],[-83.85368,34.55069],[-83.86445,34.55059],[-83.86412,34.5847],[-83.86449,34.6005],[-83.86681,34.60275],[-83.86445,34.60446],[-83.86446,34.61558],[-83.8728,34.61563],[-83.87269,34.61896],[-83.87475,34.61918],[-83.87615,34.62052],[-83.87491,34.62279],[-83.87481,34.62219],[-83.87441,34.62239],[-83.87421,34.62419],[-83.87491,34.62523],[-83.87581,34.62537],[-83.87742,34.62866],[-83.87701,34.6298],[-83.87371,34.63079],[-83.87446,34.63427],[-83.87545,34.63567],[-83.8756,34.6367],[-83.8711,34.63987],[-83.87176,34.64055],[-83.87199,34.64238],[-83.87509,34.64255],[-83.87554,34.64331],[-83.87529,34.64402],[-83.87394,34.64448],[-83.87423,34.64758],[-83.87259,34.65141],[-83.87184,34.65749],[-83.87301,34.65858],[-83.87491,34.65899],[-83.87491,34.65944],[-83.87641,34.6604],[-83.87622,34.66169],[-83.87458,34.66401],[-83.87261,34.6649],[-83.8712,34.6649],[-83.8709,34.66879],[-83.87471,34.67319],[-83.87461,34.67459],[-83.87351,34.67639],[-83.87364,34.67908],[-83.87316,34.68109],[-83.87251,34.68209],[-83.87251,34.68309],[-83.87061,34.68359],[-83.86771,34.68639],[-83.86511,34.68669],[-83.86371,34.68779],[-83.86361,34.68859],[-83.86481,34.69069],[-83.86311,34.69219],[-83.86281,34.69439],[-83.86041,34.69659],[-83.86241,34.70069],[-83.85811,34.70489],[-83.85851,34.70609],[-83.86001,34.70769],[-83.85921,34.71029],[-83.85951,34.71359],[-83.85911,34.71589],[-83.85655,34.71959],[-83.85638,34.72192],[-83.85861,34.72359],[-83.86091,34.72339],[-83.86231,34.72379],[-83.86301,34.72599],[-83.86361,34.72629],[-83.86671,34.72609],[-83.86979,34.72739],[-83.87491,34.72519],[-83.87743,34.7233],[-83.87931,34.72379],[-83.88174,34.72575],[-83.88581,34.72679],[-83.88854,34.72567],[-83.89341,34.72589],[-83.89511,34.72719],[-83.89661,34.73009],[-83.8985,34.73083],[-83.90011,34.73219],[-83.90241,34.73239],[-83.90431,34.73129],[-83.90583,34.73128],[-83.91011,34.73449],[-83.91311,34.73399],[-83.91824,34.73489],[-83.92129,34.73451],[-83.91843,34.73063],[-83.91847,34.72982],[-83.91657,34.72702],[-83.9643,34.7271],[-83.96691,34.72349],[-83.97161,34.72329],[-83.97231,34.72219],[-83.97291,34.71919],[-83.97571,34.71839],[-83.97721,34.71649],[-83.98261,34.71589],[-83.98488,34.71395],[-83.98761,34.70858],[-83.98946,34.70757],[-83.98953,34.7071],[-83.98711,34.70478],[-83.98695,34.70332],[-83.98759,34.70221],[-83.98641,34.70019],[-83.99061,34.69759],[-83.99211,34.69589],[-83.99051,34.69429],[-83.99208,34.69191],[-83.99209,34.68905],[-83.99385,34.68746],[-83.99531,34.68499],[-83.99561,34.68209],[-83.99441,34.67879],[-83.9947,34.67821],[-83.99689,34.67767],[-84.00094,34.67769],[-84.00882,34.67325],[-84.01581,34.67305],[-84.01845,34.67017],[-84.02386,34.67085],[-84.02461,34.6702],[-84.02714,34.66695],[-84.02629,34.66335],[-84.02919,34.66098],[-84.02831,34.65686],[-84.03044,34.65258],[-84.03259,34.65194],[-84.03634,34.65276],[-84.03852,34.65173],[-84.03719,34.64943],[-84.03724,34.6457],[-84.03629,34.64374],[-84.03651,34.64193],[-84.03957,34.64169],[-84.04238,34.64233],[-84.04394,34.64193],[-84.04545,34.64055],[-84.04823,34.64088],[-84.04942,34.6415],[-84.04934,34.64299],[-84.04999,34.6435],[-84.05238,34.64376],[-84.05496,34.64289],[-84.05651,34.64351],[-84.05784,34.64536],[-84.0608,34.6472],[-84.06263,34.64914],[-84.06765,34.648],[-84.06628,34.65105],[-84.06871,34.65198],[-84.07065,34.65498],[-84.07085,34.65654],[-84.07155,34.65701],[-84.07417,34.65656],[-84.07707,34.65711],[-84.07945,34.65684],[-84.08024,34.65596],[-84.08006,34.65371],[-84.08474,34.65288],[-84.08666,34.65298],[-84.08849,34.65127],[-84.09115,34.65298],[-84.09435,34.65308],[-84.09624,34.65373],[-84.0991,34.65322],[-84.10471,34.655],[-84.10647,34.65626],[-84.10943,34.6561],[-84.11414,34.65791],[-84.1173,34.65838],[-84.1189,34.66092],[-84.12395,34.66329],[-84.12491,34.66442],[-84.12796,34.66418],[-84.13326,34.66163],[-84.13614,34.66137],[-84.13772,34.66046],[-84.13811,34.65983],[-84.13779,34.65842],[-84.13645,34.65558],[-84.138,34.65287],[-84.14205,34.64931],[-84.14632,34.64659],[-84.14764,34.64634],[-84.14899,34.64685],[-84.15057,34.65059],[-84.15181,34.65127],[-84.15312,34.651],[-84.15423,34.64996],[-84.15448,34.64845],[-84.15525,34.64891],[-84.15804,34.64824],[-84.17036,34.62924],[-84.18856,34.60269],[-84.1875,34.60129],[-84.18715,34.59926],[-84.18785,34.59693],[-84.18881,34.59694],[-84.1889,34.59579],[-84.19104,34.53918],[-84.16774,34.52084],[-84.11536,34.47328],[-84.10604,34.47254],[-84.10606,34.47197],[-84.10342,34.47186],[-84.10316,34.4712],[-84.10113,34.47127],[-84.1011,34.46821],[-84.10391,34.46821],[-84.10396,34.46754],[-84.10258,34.46623],[-84.1066,34.46641],[-84.10667,34.46585],[-84.10204,34.46454],[-84.07593,34.45469],[-84.05602,34.44654],[-84.02866,34.43654],[-84.00212,34.42581],[-83.98065,34.41839],[-83.97852,34.41906],[-83.97593,34.41874],[-83.97089,34.42281],[-83.97068,34.42402],[-83.97143,34.42618],[-83.97373,34.43109],[-83.97515,34.43272]]]}},{"type":"Feature","properties":{"name":"Macon"},"geometry":{"type":"MultiPolygon","coordinates":[[[[-84.05331,32.52202],[-84.07216,32.5219],[-84.07232,32.51418],[-84.11123,32.51412],[-84.11132,32.50572],[-84.12235,32.50592],[-84.19791,32.40085],[-84.22593,32.40087],[-84.22784,32.4004],[-84.22968,32.40099],[-84.23153,32.40017],[-84.23488,32.40031],[-84.2368,32.40132],[-84.23718,32.40071],[-84.23843,32.40063],[-84.23826,32.39967],[-84.2398,32.39908],[-84.24025,32.39928],[-84.24014,32.39976],[-84.24121,32.39965],[-84.24285,32.40103],[-84.24668,32.40036],[-84.24819,32.40067],[-84.24879,32.39975],[-84.25122,32.39845],[-84.25431,32.39557],[-84.25591,32.29616],[-84.21921,32.29506],[-84.22014,32.23115],[-84.1341,32.22797],[-84.13474,32.18539],[-84.13225,32.18678],[-84.13167,32.18806],[-84.13012,32.18824],[-84.12777,32.18942],[-84.12371,32.18986],[-84.12261,32.18926],[-84.12031,32.18966],[-84.12011,32.19006],[-84.11791,32.18986],[-84.11701,32.19036],[-84.11511,32.19026],[-84.11211,32.19106],[-84.10961,32.19066],[-84.1094,32.19027],[-84.10721,32.19036],[-84.10511,32.19126],[-84.10161,32.19136],[-84.0998,32.19206],[-84.08891,32.19196],[-84.08591,32.19106],[-84.0843,32.19106],[-84.08341,32.18976],[-84.08251,32.18986],[-84.08241,32.18866],[-84.0813,32.18806],[-84.08121,32.18736],[-84.0795,32.18656],[-84.07691,32.18656],[-84.07671,32.18626],[-84.07731,32.18606],[-84.07691,32.18566],[-84.07591,32.18506],[-84.07511,32.18516],[-84.07381,32.18396],[-84.06881,32.18516],[-84.06721,32.18446],[-84.06583,32.18466],[-84.06411,32.18416],[-84.0632,32.18446],[-84.06151,32.18336],[-84.06001,32.18326],[-84.05831,32.18376],[-84.05529,32.18356],[-84.0536,32.18436],[-84.0523,32.18416],[-84.05201,32.18476],[-84.05041,32.18536],[-84.04921,32.18506],[-84.0479,32.18286],[-84.04507,32.18221],[-84.04376,32.18241],[-84.04352,32.18146],[-84.04394,32.17944],[-84.04263,32.17834],[-84.03985,32.17783],[-84.03961,32.17717],[-84.04029,32.17534],[-84.03979,32.17456],[-84.0371,32.17438],[-84.03438,32.17334],[-84.03172,32.1734],[-84.03105,32.17261],[-84.03169,32.17083],[-84.03103,32.17052],[-84.02827,32.17138],[-84.02756,32.17118],[-84.0261,32.17258],[-84.02625,32.17341],[-84.02794,32.17552],[-84.0296,32.17585],[-84.03014,32.17807],[-84.0311,32.17852],[-84.03057,32.17959],[-84.02995,32.17945],[-84.02993,32.18016],[-84.02894,32.18037],[-84.02889,32.18137],[-84.02965,32.18188],[-84.02939,32.18266],[-84.02885,32.18235],[-84.02823,32.18296],[-84.0272,32.18279],[-84.02583,32.18343],[-84.02507,32.18446],[-84.02364,32.18408],[-84.02342,32.18465],[-84.02277,32.1847],[-84.02257,32.18605],[-84.02074,32.18633],[-84.02151,32.18715],[-84.02072,32.18705],[-84.02012,32.18863],[-84.01876,32.18924],[-84.01849,32.19031],[-84.01907,32.19073],[-84.01797,32.19137],[-84.01822,32.19254],[-84.01876,32.19272],[-84.01812,32.19409],[-84.01715,32.1951],[-84.01724,32.19563],[-84.01655,32.19548],[-84.01648,32.1964],[-84.01585,32.19609],[-84.01503,32.19641],[-84.0158,32.19764],[-84.01399,32.1981],[-84.0146,32.19896],[-84.01325,32.19956],[-84.01352,32.2001],[-84.01312,32.20099],[-84.01081,32.2018],[-84.00958,32.20164],[-84.00907,32.20222],[-84.00937,32.20315],[-84.00828,32.20324],[-84.00772,32.20418],[-84.00583,32.20411],[-84.0052,32.20501],[-84.0055,32.20563],[-84.00435,32.20535],[-84.00345,32.20569],[-84.00193,32.20828],[-84.00077,32.20855],[-84.0006,32.20923],[-83.99878,32.20963],[-83.99765,32.21154],[-83.99647,32.21209],[-83.99612,32.21328],[-83.99502,32.21421],[-83.99484,32.21563],[-83.99385,32.21613],[-83.99281,32.216],[-83.99114,32.21755],[-83.98942,32.21696],[-83.98867,32.21871],[-83.98741,32.21859],[-83.98626,32.21929],[-83.98522,32.22081],[-83.98381,32.221],[-83.98183,32.22546],[-83.97982,32.22754],[-83.9793,32.2275],[-83.97886,32.22845],[-83.97778,32.22911],[-83.97589,32.22872],[-83.97519,32.23107],[-83.97548,32.23188],[-83.97314,32.2336],[-83.97312,32.23469],[-83.97237,32.23473],[-83.97102,32.23578],[-83.97003,32.23744],[-83.97035,32.23845],[-83.96829,32.23941],[-83.96876,32.24024],[-83.96873,32.24206],[-83.96689,32.24234],[-83.96557,32.24366],[-83.96512,32.24801],[-83.96277,32.24936],[-83.96174,32.25068],[-83.95882,32.25211],[-83.95616,32.2522],[-83.95415,32.2536],[-83.95241,32.25327],[-83.95124,32.25404],[-83.94774,32.2543],[-83.94732,32.25469],[-83.94739,32.25567],[-83.94486,32.25915],[-83.94184,32.26048],[-83.93818,32.26113],[-83.93584,32.26233],[-83.93407,32.26205],[-83.93333,32.26386],[-83.93178,32.26438],[-83.93153,32.26577],[-83.92887,32.26558],[-83.9282,32.26682],[-83.92659,32.26734],[-83.92609,32.26686],[-83.92552,32.26704],[-83.92325,32.26967],[-83.91483,32.27188],[-83.91256,32.27367],[-83.91254,32.27441],[-83.91162,32.27527],[-83.90902,32.27597],[-83.90804,32.27732],[-83.90788,32.2786],[-83.90176,32.27929],[-83.89775,32.28067],[-83.89725,32.28268],[-83.89755,32.2856],[-83.89705,32.28656],[-83.89783,32.28943],[-83.89641,32.29025],[-83.89514,32.29207],[-83.84838,32.29097],[-83.84683,32.35774],[-83.85659,32.35777],[-83.85654,32.3824],[-83.83704,32.3822],[-83.83667,32.43931],[-83.8462,32.43938],[-83.84668,32.46851],[-83.84773,32.46959],[-83.84938,32.47287],[-83.85426,32.47504],[-83.85988,32.47545],[-83.86334,32.47649],[-83.86515,32.47771],[-83.87209,32.47901],[-83.87341,32.48114],[-83.87463,32.485],[-83.87584,32.48608],[-83.87721,32.48926],[-83.87955,32.49052],[-83.88142,32.4907],[-83.88251,32.49193],[-83.88485,32.49201],[-83.88639,32.4937],[-83.88988,32.49454],[-83.89247,32.49414],[-83.89668,32.49454],[-83.89851,32.49535],[-83.9005,32.49698],[-83.92283,32.49743],[-83.92302,32.48326],[-83.93112,32.48374],[-83.92424,32.50353],[-83.92336,32.51135],[-83.93221,32.51164],[-83.93247,32.50569],[-83.97111,32.50593],[-83.97121,32.51425],[-83.98729,32.51434],[-83.98743,32.50609],[-84.01781,32.50643],[-84.01863,32.50527],[-84.01981,32.5061],[-84.02155,32.50621],[-84.02228,32.50563],[-84.02199,32.50409],[-84.02087,32.50358],[-84.01963,32.50431],[-84.01872,32.50388],[-84.01991,32.50144],[-84.01931,32.49945],[-84.01761,32.49935],[-84.01731,32.49715],[-84.03411,32.49745],[-84.03446,32.50015],[-84.03433,32.51348],[-84.05363,32.5133],[-84.05331,32.52202]]],[[[-84.05331,32.52202],[-84.00849,32.52177],[-84.0079,32.5229],[-84.00726,32.52297],[-84.00636,32.52181],[-84.00438,32.52098],[-84.00267,32.52132],[-84.00107,32.52059],[-84.00056,32.52154],[-84.00132,32.52264],[-84.00175,32.52492],[-84.00336,32.52689],[-84.00336,32.52993],[-84.05295,32.5306],[-84.05331,32.52202]]]]}},{"type":"Feature","properties":{"name":"Madison"},"geometry":{"type":"Polygon","coordinates":[[[-83.16505,34.03396],[-83.1638,34.03478],[-83.15597,34.03624],[-83.1472,34.03905],[-83.13898,34.04287],[-83.13536,34.04391],[-83.13511,34.04474],[-83.13093,34.04466],[-83.12624,34.04619],[-83.12402,34.04763],[-83.1236,34.04597],[-83.12433,34.0448],[-83.12431,34.04392],[-83.12104,34.04244],[-83.11536,34.03891],[-83.11507,34.037],[-83.11325,34.03792],[-83.11183,34.03756],[-83.10938,34.03527],[-83.10973,34.03455],[-83.10956,34.03205],[-83.10865,34.02928],[-83.10753,34.0282],[-83.10503,34.02805],[-83.10444,34.02651],[-83.10097,34.02479],[-83.10023,34.02485],[-83.10088,34.02579],[-83.09906,34.02834],[-83.09792,34.02918],[-83.09766,34.02794],[-83.09513,34.02712],[-83.09488,34.02888],[-83.09233,34.03093],[-83.09188,34.03204],[-83.09199,34.0339],[-83.09101,34.03496],[-83.09058,34.03476],[-83.09078,34.03386],[-83.09027,34.03225],[-83.08385,34.02846],[-83.08171,34.02892],[-83.08081,34.02742],[-83.07916,34.02676],[-83.07725,34.02497],[-83.07638,34.02495],[-83.07529,34.02683],[-83.0735,34.02651],[-83.07133,34.02714],[-83.07068,34.02658],[-83.07044,34.02498],[-83.06892,34.0238],[-83.0658,34.02403],[-83.06472,34.02196],[-83.06206,34.01916],[-83.0566,34.01867],[-83.053,34.01952],[-83.04935,34.01607],[-83.04849,34.01574],[-83.04672,34.0181],[-83.04253,34.0214],[-83.03798,34.02621],[-83.03646,34.0264],[-83.03407,34.02566],[-83.03187,34.02598],[-83.03106,34.02684],[-83.02933,34.03088],[-83.02076,34.02889],[-83.0202,34.02973],[-83.02019,34.03259],[-83.01653,34.03268],[-83.01492,34.03503],[-83.01302,34.03365],[-83.01086,34.03108],[-83.00832,34.03164],[-83.00623,34.031],[-83.00183,34.03079],[-83.0009,34.0319],[-82.99658,34.03404],[-82.99471,34.0355],[-82.9935,34.03563],[-82.99205,34.03485],[-82.99081,34.03503],[-82.99014,34.0381],[-82.9883,34.03716],[-82.98711,34.03589],[-82.9845,34.03539],[-82.98421,34.03736],[-82.98349,34.03856],[-82.98552,34.04061],[-82.98531,34.04191],[-82.98354,34.04206],[-82.98182,34.04307],[-82.97629,34.04322],[-82.97788,34.04857],[-82.97907,34.0484],[-82.98066,34.04716],[-82.98298,34.0493],[-82.9863,34.05067],[-82.98776,34.05199],[-82.98856,34.05499],[-82.99053,34.05735],[-82.98957,34.06102],[-82.99008,34.06379],[-82.99313,34.06597],[-82.99706,34.06738],[-83.00217,34.0704],[-83.00478,34.07604],[-83.00452,34.07771],[-83.00501,34.07854],[-83.00697,34.07932],[-83.00877,34.079],[-83.01096,34.07649],[-83.01308,34.07735],[-83.01571,34.07937],[-83.0321,34.0966],[-83.03606,34.09827],[-83.036,34.09933],[-83.03319,34.10244],[-83.03004,34.10395],[-83.03049,34.10579],[-83.03261,34.10994],[-83.03078,34.11307],[-83.034,34.11477],[-83.03722,34.11776],[-83.03963,34.11795],[-83.04417,34.11985],[-83.0465,34.12009],[-83.04792,34.12109],[-83.04923,34.12501],[-83.05041,34.12624],[-83.05028,34.12715],[-83.04848,34.12846],[-83.04834,34.12957],[-83.0517,34.13156],[-83.05565,34.13724],[-83.06126,34.14089],[-83.06195,34.14201],[-83.06171,34.14384],[-83.063,34.14567],[-83.06257,34.14636],[-83.0609,34.14713],[-83.06087,34.14771],[-83.06668,34.15242],[-83.06692,34.15427],[-83.0688,34.15503],[-83.06993,34.15439],[-83.07154,34.1544],[-83.07298,34.15348],[-83.07617,34.15329],[-83.08218,34.15613],[-83.08607,34.15904],[-83.08888,34.15961],[-83.09187,34.16147],[-83.09454,34.16166],[-83.09612,34.16237],[-83.09848,34.1654],[-83.10078,34.16744],[-83.10258,34.16834],[-83.10329,34.17071],[-83.10254,34.17295],[-83.09205,34.19016],[-83.09367,34.19226],[-83.0948,34.19487],[-83.0953,34.19702],[-83.0948,34.20004],[-83.09549,34.20249],[-83.09248,34.20491],[-83.08892,34.20872],[-83.08446,34.21144],[-83.07988,34.21747],[-83.07775,34.22285],[-83.078,34.22361],[-83.11585,34.26213],[-83.1143,34.27084],[-83.11336,34.27353],[-83.17275,34.23852],[-83.17545,34.23967],[-83.18035,34.2399],[-83.19135,34.24466],[-83.19381,34.24604],[-83.1947,34.24705],[-83.19747,34.24665],[-83.20033,34.24703],[-83.20283,34.24834],[-83.20597,34.24655],[-83.20899,34.24403],[-83.21128,34.24421],[-83.21333,34.24377],[-83.21401,34.24315],[-83.21454,34.24384],[-83.21422,34.24548],[-83.21652,34.24653],[-83.21912,34.24562],[-83.2215,34.24553],[-83.22197,34.24427],[-83.22407,34.24385],[-83.22701,34.24582],[-83.2342,34.24659],[-83.23668,34.24814],[-83.23787,34.24775],[-83.23904,34.24642],[-83.23702,34.24238],[-83.23737,34.24191],[-83.24088,34.24181],[-83.24312,34.24371],[-83.24619,34.24474],[-83.24811,34.24414],[-83.24988,34.24499],[-83.25021,34.2436],[-83.25075,34.24337],[-83.25189,34.24461],[-83.25211,34.24666],[-83.25465,34.24755],[-83.26195,34.24801],[-83.26518,34.24718],[-83.26755,34.24866],[-83.2706,34.24913],[-83.27326,34.24896],[-83.27386,34.24993],[-83.27527,34.25013],[-83.27503,34.25098],[-83.27604,34.25172],[-83.27561,34.2535],[-83.2764,34.25445],[-83.28383,34.25392],[-83.28649,34.25331],[-83.28933,34.25756],[-83.28974,34.25964],[-83.29296,34.26265],[-83.29379,34.263],[-83.29569,34.26259],[-83.29758,34.26457],[-83.30303,34.26236],[-83.30552,34.26002],[-83.3083,34.25883],[-83.30952,34.25881],[-83.31003,34.25956],[-83.31174,34.25856],[-83.31238,34.2593],[-83.31353,34.2592],[-83.31446,34.25615],[-83.31356,34.25505],[-83.3139,34.25451],[-83.31698,34.25278],[-83.31959,34.25257],[-83.32439,34.24882],[-83.32599,34.24933],[-83.32834,34.2489],[-83.33176,34.24565],[-83.3339,34.24115],[-83.33676,34.238],[-83.34446,34.2362],[-83.3465,34.23135],[-83.34943,34.22831],[-83.3499,34.2265],[-83.35223,34.22413],[-83.35864,34.22301],[-83.35867,34.21782],[-83.36327,34.2163],[-83.3643,34.21381],[-83.36434,34.21228],[-83.36494,34.21141],[-83.36644,34.21059],[-83.36685,34.20973],[-83.36786,34.20915],[-83.37041,34.20908],[-83.37226,34.20771],[-83.37275,34.20617],[-83.37513,34.2055],[-83.3825,34.20567],[-83.3851,34.20447],[-83.38717,34.20474],[-83.39032,34.2042],[-83.39594,34.20149],[-83.40013,34.20053],[-83.40243,34.1975],[-83.39921,34.1946],[-83.3949,34.18836],[-83.39373,34.18606],[-83.39382,34.18524],[-83.3856,34.18224],[-83.37944,34.1713],[-83.36384,34.16406],[-83.36155,34.15835],[-83.36133,34.14962],[-83.35768,34.13569],[-83.35705,34.1162],[-83.36365,34.1101],[-83.36328,34.10885],[-83.36371,34.10733],[-83.36537,34.10646],[-83.36584,34.10453],[-83.3681,34.10138],[-83.36768,34.09891],[-83.3686,34.09869],[-83.36884,34.09743],[-83.3703,34.09665],[-83.36997,34.09532],[-83.37051,34.09348],[-83.37386,34.0905],[-83.37423,34.08832],[-83.3738,34.08444],[-83.37413,34.08237],[-83.37633,34.08049],[-83.37811,34.08054],[-83.38136,34.07854],[-83.37539,34.07394],[-83.37492,34.07126],[-83.37651,34.07036],[-83.37712,34.06775],[-83.37906,34.0669],[-83.38083,34.06744],[-83.3823,34.06687],[-83.38127,34.06246],[-83.38181,34.06157],[-83.38306,34.06112],[-83.38238,34.05934],[-83.38312,34.05845],[-83.38327,34.05545],[-83.38535,34.05454],[-83.38558,34.05101],[-83.38691,34.05013],[-83.36003,34.04057],[-83.35708,34.03899],[-83.33952,34.03248],[-83.32191,34.02683],[-83.29954,34.01275],[-83.29566,34.0098],[-83.29443,34.00809],[-83.29277,34.00856],[-83.2864,34.00716],[-83.28401,34.00488],[-83.28015,34.00362],[-83.27795,34.00406],[-83.27635,34.00494],[-83.27565,34.00595],[-83.27354,34.00665],[-83.27198,34.00658],[-83.2715,34.00524],[-83.26685,34.0046],[-83.26588,34.00506],[-83.26591,34.00635],[-83.26417,34.00662],[-83.2633,34.00623],[-83.26148,34.00274],[-83.25826,33.99894],[-83.23701,34.01356],[-83.23593,34.01326],[-83.23466,34.0118],[-83.23247,34.01049],[-83.22976,34.0091],[-83.2286,34.00917],[-83.22772,34.00835],[-83.22648,34.00827],[-83.225,34.00957],[-83.22335,34.0079],[-83.22217,34.00544],[-83.22233,34.00138],[-83.22191,34.00071],[-83.21945,34.00059],[-83.21638,34.00202],[-83.212,34.00277],[-83.20024,34.00793],[-83.19297,34.01056],[-83.18768,34.01821],[-83.18602,34.01953],[-83.18234,34.02004],[-83.18113,34.02071],[-83.17337,34.02775],[-83.16505,34.03396]]]}},{"type":"Feature","properties":{"name":"Marion"},"geometry":{"type":"Polygon","coordinates":[[[-84.65872,32.44174],[-84.65752,32.44144],[-84.65822,32.37515],[-84.65782,32.34985],[-84.65882,32.27755],[-84.65892,32.23285],[-84.62062,32.23306],[-84.62112,32.22555],[-84.61052,32.22555],[-84.61022,32.21705],[-84.60626,32.21715],[-84.60396,32.21387],[-84.60268,32.21302],[-84.60294,32.21228],[-84.60071,32.21032],[-84.60128,32.20751],[-84.59782,32.19855],[-84.59807,32.19538],[-84.59971,32.19362],[-84.59935,32.19319],[-84.59975,32.19243],[-84.56423,32.19219],[-84.56469,32.17514],[-84.54569,32.17523],[-84.54612,32.15906],[-84.53662,32.15955],[-84.53632,32.15116],[-84.52742,32.15116],[-84.52712,32.13456],[-84.43121,32.13406],[-84.43002,32.17426],[-84.42051,32.17436],[-84.42008,32.19168],[-84.42371,32.19295],[-84.42785,32.19298],[-84.42992,32.19417],[-84.42945,32.23215],[-84.41041,32.23186],[-84.4101,32.28945],[-84.41328,32.28948],[-84.4133,32.29753],[-84.38993,32.29724],[-84.3909,32.37479],[-84.39232,32.41405],[-84.39212,32.43535],[-84.40087,32.4355],[-84.4011,32.44077],[-84.40312,32.44352],[-84.40614,32.44526],[-84.40858,32.44395],[-84.40781,32.48527],[-84.42442,32.48514],[-84.42392,32.49324],[-84.43362,32.49324],[-84.43354,32.51869],[-84.44304,32.51853],[-84.44325,32.53416],[-84.45315,32.53434],[-84.45323,32.54237],[-84.44365,32.54222],[-84.44435,32.56208],[-84.49207,32.56196],[-84.49178,32.54832],[-84.50466,32.54821],[-84.50482,32.54182],[-84.53261,32.54269],[-84.53248,32.54983],[-84.53669,32.54999],[-84.54207,32.5499],[-84.54222,32.54257],[-84.55096,32.54272],[-84.55089,32.54928],[-84.55383,32.54873],[-84.5545,32.54757],[-84.55656,32.54695],[-84.55869,32.54532],[-84.56034,32.54496],[-84.56083,32.5444],[-84.5625,32.54461],[-84.56323,32.54227],[-84.56602,32.54006],[-84.56668,32.53703],[-84.56639,32.53592],[-84.56548,32.53513],[-84.56125,32.53503],[-84.5614,32.52806],[-84.57051,32.5282],[-84.57286,32.5259],[-84.57391,32.52549],[-84.57783,32.52572],[-84.57872,32.52478],[-84.58034,32.52425],[-84.58172,32.52441],[-84.5861,32.52265],[-84.5874,32.52313],[-84.58964,32.52276],[-84.59021,32.52336],[-84.5921,32.52308],[-84.59316,32.52418],[-84.59478,32.5234],[-84.59765,32.5246],[-84.59948,32.52625],[-84.60035,32.5282],[-84.60213,32.52941],[-84.60133,32.53154],[-84.60392,32.53329],[-84.60514,32.53515],[-84.60819,32.53528],[-84.60981,32.53464],[-84.61087,32.53482],[-84.61281,32.53366],[-84.61278,32.53317],[-84.61557,32.53278],[-84.61865,32.531],[-84.61957,32.52976],[-84.62054,32.52965],[-84.62278,32.53051],[-84.62262,32.53097],[-84.62327,32.53164],[-84.62492,32.53113],[-84.62901,32.53214],[-84.63107,32.53175],[-84.63228,32.53225],[-84.63209,32.53324],[-84.6326,32.53377],[-84.63471,32.53344],[-84.6352,32.53477],[-84.63732,32.53486],[-84.63822,32.49484],[-84.65732,32.49494],[-84.65872,32.44174]]]}},{"type":"Feature","properties":{"name":"McDuffie"},"geometry":{"type":"Polygon","coordinates":[[[-82.6497,33.60877],[-82.64469,33.59689],[-82.64164,33.59222],[-82.6389,33.5823],[-82.62087,33.53952],[-82.6039,33.49652],[-82.58456,33.44965],[-82.55362,33.4158],[-82.54431,33.37472],[-82.54937,33.35775],[-82.54764,33.35458],[-82.54807,33.35278],[-82.54695,33.35211],[-82.54482,33.35183],[-82.54244,33.35366],[-82.54037,33.35409],[-82.538,33.35676],[-82.53578,33.35746],[-82.5267,33.35388],[-82.5249,33.3504],[-82.51839,33.34889],[-82.5178,33.34839],[-82.51763,33.34725],[-82.51547,33.34506],[-82.51084,33.34208],[-82.5071,33.34297],[-82.50429,33.34256],[-82.50113,33.34291],[-82.50018,33.33912],[-82.49854,33.33773],[-82.49064,33.33814],[-82.48704,33.33989],[-82.48319,33.33926],[-82.48,33.33971],[-82.47916,33.34023],[-82.47806,33.33902],[-82.47639,33.33968],[-82.47415,33.33942],[-82.47237,33.34081],[-82.46981,33.34045],[-82.46863,33.34166],[-82.46564,33.34019],[-82.46079,33.34122],[-82.46012,33.34046],[-82.45852,33.34014],[-82.4567,33.34052],[-82.45304,33.34015],[-82.45159,33.34088],[-82.45073,33.3408],[-82.44998,33.3405],[-82.44992,33.3393],[-82.44784,33.33712],[-82.4469,33.33745],[-82.44608,33.3369],[-82.44363,33.33679],[-82.44258,33.33771],[-82.44093,33.33664],[-82.43703,33.33645],[-82.43674,33.33511],[-82.4348,33.33278],[-82.43175,33.33376],[-82.43009,33.33283],[-82.42896,33.33284],[-82.42532,33.33011],[-82.42015,33.33174],[-82.41956,33.33244],[-82.4176,33.33243],[-82.41762,33.32771],[-82.41406,33.32625],[-82.41396,33.32462],[-82.41194,33.32416],[-82.41104,33.32277],[-82.41161,33.32146],[-82.41107,33.31992],[-82.40921,33.31938],[-82.40777,33.31809],[-82.40526,33.31859],[-82.40302,33.3181],[-82.40163,33.3156],[-82.39878,33.31398],[-82.39589,33.3139],[-82.39305,33.31282],[-82.38816,33.31209],[-82.38209,33.31205],[-82.37882,33.31139],[-82.37398,33.31156],[-82.37197,33.31088],[-82.36022,33.31209],[-82.35854,33.31271],[-82.35512,33.31198],[-82.3535,33.31232],[-82.29418,33.35464],[-82.29569,33.35677],[-82.29994,33.35881],[-82.30229,33.3616],[-82.3096,33.36556],[-82.31033,33.36694],[-82.31023,33.36805],[-82.3123,33.37488],[-82.31764,33.37719],[-82.31886,33.37904],[-82.32296,33.38117],[-82.32402,33.3834],[-82.32348,33.3865],[-82.32504,33.38895],[-82.32908,33.39223],[-82.33085,33.39633],[-82.33066,33.39729],[-82.3312,33.39844],[-82.33513,33.39969],[-82.33766,33.4017],[-82.33921,33.40224],[-82.34057,33.40665],[-82.33904,33.40756],[-82.33625,33.41286],[-82.33586,33.41481],[-82.33485,33.41667],[-82.33529,33.41874],[-82.33855,33.42238],[-82.3419,33.42338],[-82.34622,33.42646],[-82.34939,33.43064],[-82.35192,33.43497],[-82.35556,33.43962],[-82.3587,33.4427],[-82.36418,33.45068],[-82.36644,33.45199],[-82.37112,33.453],[-82.37478,33.45543],[-82.37775,33.45979],[-82.38476,33.46728],[-82.38229,33.47075],[-82.38351,33.47814],[-82.39913,33.49253],[-82.39935,33.49685],[-82.39809,33.49808],[-82.39821,33.50008],[-82.40127,33.50865],[-82.40128,33.50963],[-82.40049,33.51098],[-82.40239,33.51648],[-82.40031,33.51674],[-82.39828,33.51809],[-82.39234,33.52511],[-82.38954,33.52733],[-82.38492,33.52995],[-82.43681,33.54966],[-82.43718,33.55246],[-82.43473,33.55865],[-82.43473,33.56521],[-82.43422,33.56707],[-82.43277,33.56885],[-82.43016,33.56866],[-82.4297,33.57086],[-82.42488,33.57411],[-82.42284,33.57614],[-82.41317,33.59215],[-82.4127,33.5976],[-82.41511,33.59791],[-82.41798,33.59732],[-82.42112,33.59869],[-82.42906,33.60648],[-82.43299,33.60815],[-82.4335,33.60914],[-82.43146,33.61038],[-82.43092,33.61152],[-82.43093,33.61305],[-82.43011,33.61447],[-82.43153,33.61524],[-82.43222,33.61812],[-82.43033,33.61867],[-82.43196,33.62024],[-82.43279,33.62033],[-82.43324,33.62234],[-82.4352,33.6237],[-82.43619,33.62548],[-82.43642,33.62712],[-82.43736,33.62823],[-82.44043,33.6292],[-82.44273,33.63067],[-82.44285,33.63156],[-82.44119,33.6333],[-82.4404,33.63563],[-82.44166,33.63834],[-82.43803,33.64155],[-82.43495,33.64154],[-82.43318,33.64255],[-82.43261,33.64403],[-82.43156,33.644],[-82.42783,33.64551],[-82.42665,33.6468],[-82.42496,33.64729],[-82.42426,33.64817],[-82.42427,33.64906],[-82.42533,33.65063],[-82.42826,33.6507],[-82.43091,33.65508],[-82.43386,33.65522],[-82.43469,33.65465],[-82.43641,33.65173],[-82.44013,33.65296],[-82.44319,33.65002],[-82.44808,33.65136],[-82.45072,33.65063],[-82.45169,33.64959],[-82.4506,33.64603],[-82.45121,33.64507],[-82.45683,33.64295],[-82.45788,33.64178],[-82.45763,33.63907],[-82.45824,33.63747],[-82.45926,33.63698],[-82.46054,33.6374],[-82.46266,33.63987],[-82.46382,33.64004],[-82.46652,33.63826],[-82.4686,33.63801],[-82.46988,33.63862],[-82.47442,33.6432],[-82.47697,33.64428],[-82.47788,33.6436],[-82.47756,33.64101],[-82.47832,33.64006],[-82.48073,33.63901],[-82.48514,33.64109],[-82.48658,33.64246],[-82.48694,33.64395],[-82.48676,33.64753],[-82.4898,33.64957],[-82.49473,33.65159],[-82.49644,33.65176],[-82.50021,33.65457],[-82.50417,33.65135],[-82.50529,33.65133],[-82.50567,33.65331],[-82.50702,33.65382],[-82.50664,33.65447],[-82.50513,33.65494],[-82.505,33.65914],[-82.50722,33.65999],[-82.50913,33.65998],[-82.51171,33.65917],[-82.51506,33.65573],[-82.51844,33.65323],[-82.519,33.65205],[-82.51906,33.64699],[-82.52104,33.64545],[-82.52363,33.64472],[-82.52673,33.64491],[-82.53086,33.64632],[-82.53516,33.64896],[-82.53673,33.64944],[-82.53742,33.64844],[-82.53727,33.64696],[-82.53831,33.64142],[-82.53992,33.64006],[-82.54212,33.63997],[-82.54356,33.63861],[-82.5516,33.64069],[-82.55443,33.64287],[-82.55566,33.64269],[-82.55569,33.63961],[-82.55758,33.63711],[-82.55595,33.63495],[-82.5558,33.6344],[-82.55647,33.63387],[-82.55717,33.63389],[-82.55854,33.63541],[-82.56077,33.64294],[-82.56204,33.64453],[-82.56593,33.64599],[-82.56757,33.64627],[-82.56947,33.64592],[-82.56983,33.64525],[-82.56842,33.6442],[-82.56867,33.64305],[-82.57055,33.63942],[-82.57152,33.63871],[-82.57229,33.63873],[-82.57526,33.64095],[-82.57792,33.644],[-82.57996,33.64766],[-82.58068,33.65129],[-82.5822,33.65197],[-82.5836,33.65048],[-82.58408,33.64892],[-82.58447,33.64005],[-82.58404,33.63914],[-82.58255,33.6381],[-82.57782,33.63818],[-82.5766,33.63758],[-82.57701,33.6364],[-82.58045,33.63289],[-82.58295,33.63295],[-82.58418,33.6335],[-82.5859,33.6352],[-82.58675,33.63751],[-82.58636,33.63905],[-82.58668,33.64049],[-82.58784,33.64192],[-82.58876,33.64214],[-82.5895,33.64153],[-82.58982,33.63786],[-82.59153,33.63634],[-82.59266,33.63637],[-82.59503,33.63781],[-82.60101,33.63427],[-82.60281,33.63423],[-82.60594,33.63522],[-82.60811,33.6339],[-82.60825,33.63306],[-82.60647,33.62971],[-82.60602,33.62698],[-82.60689,33.62569],[-82.6083,33.62584],[-82.61011,33.62724],[-82.61033,33.63018],[-82.61133,33.63344],[-82.61416,33.634],[-82.6176,33.63243],[-82.61833,33.63126],[-82.61688,33.62843],[-82.61492,33.62775],[-82.6167,33.62484],[-82.61748,33.62448],[-82.62063,33.62478],[-82.62282,33.62311],[-82.62423,33.62071],[-82.62383,33.6195],[-82.62095,33.61638],[-82.61826,33.61487],[-82.6169,33.61268],[-82.61713,33.61211],[-82.61823,33.6121],[-82.62015,33.61318],[-82.62244,33.6134],[-82.62422,33.61291],[-82.62669,33.6113],[-82.63036,33.61146],[-82.63319,33.61105],[-82.63678,33.61321],[-82.63828,33.61518],[-82.64118,33.61562],[-82.64335,33.61808],[-82.645,33.61677],[-82.6454,33.61579],[-82.64327,33.61411],[-82.643,33.61194],[-82.6422,33.61077],[-82.6432,33.60825],[-82.64298,33.60701],[-82.64409,33.60685],[-82.6497,33.60877]]]}},{"type":"Feature","properties":{"name":"McIntosh"},"geometry":{"type":"Polygon","coordinates":[[[-81.66836,31.53631],[-81.66724,31.53265],[-81.66209,31.52838],[-81.65824,31.52798],[-81.65412,31.52954],[-81.6529,31.52926],[-81.65225,31.52855],[-81.65266,31.52696],[-81.65574,31.52431],[-81.65583,31.52257],[-81.65429,31.51892],[-81.65691,31.51644],[-81.65826,31.51047],[-81.65666,31.50738],[-81.65354,31.50468],[-81.65146,31.50331],[-81.64657,31.50203],[-81.64542,31.50097],[-81.64526,31.49905],[-81.64741,31.49667],[-81.64762,31.49544],[-81.64075,31.48857],[-81.63244,31.4838],[-81.62913,31.48326],[-81.62478,31.48502],[-81.62308,31.48475],[-81.61805,31.47908],[-81.61495,31.47292],[-81.61226,31.47005],[-81.61203,31.46891],[-81.61304,31.46703],[-81.61671,31.46346],[-81.61692,31.45834],[-81.61912,31.45614],[-81.62429,31.45298],[-81.62492,31.45232],[-81.6249,31.45067],[-81.62292,31.44914],[-81.61697,31.44635],[-81.61295,31.44674],[-81.61139,31.44614],[-81.60993,31.44222],[-81.60719,31.44011],[-81.60686,31.43883],[-81.60793,31.43752],[-81.61083,31.43646],[-81.61134,31.4353],[-81.6102,31.43409],[-81.60528,31.43132],[-81.6047,31.42992],[-81.60519,31.42729],[-81.60461,31.42555],[-81.59707,31.42119],[-81.5957,31.41949],[-81.59443,31.41656],[-81.59342,31.4156],[-81.59029,31.41512],[-81.58675,31.41616],[-81.58673,31.41496],[-81.58912,31.41182],[-81.58896,31.41051],[-81.58725,31.40951],[-81.58467,31.40961],[-81.58352,31.40918],[-81.58012,31.40563],[-81.57946,31.40394],[-81.57929,31.40141],[-81.57806,31.39987],[-81.5694,31.39413],[-81.56553,31.3925],[-81.55911,31.3876],[-81.55624,31.38686],[-81.54997,31.3872],[-81.54677,31.38605],[-81.54538,31.38415],[-81.54509,31.38263],[-81.54544,31.38142],[-81.54682,31.37999],[-81.55144,31.37811],[-81.55172,31.37663],[-81.55098,31.37572],[-81.54857,31.37551],[-81.54433,31.37787],[-81.54243,31.37827],[-81.53962,31.37817],[-81.53709,31.37719],[-81.53539,31.37557],[-81.53645,31.37235],[-81.53615,31.37008],[-81.53499,31.36823],[-81.53364,31.36761],[-81.52592,31.36616],[-81.52434,31.36475],[-81.52116,31.35958],[-81.51749,31.35674],[-81.51304,31.35593],[-81.50638,31.35576],[-81.50397,31.35489],[-81.49553,31.34795],[-81.49185,31.34722],[-81.49136,31.34583],[-81.49338,31.34436],[-81.49334,31.34351],[-81.49076,31.34484],[-81.48972,31.34487],[-81.48925,31.34434],[-81.4898,31.34277],[-81.48932,31.34184],[-81.48587,31.3426],[-81.48531,31.34221],[-81.48477,31.33963],[-81.48262,31.34026],[-81.4817,31.33994],[-81.48154,31.33943],[-81.48309,31.33822],[-81.48315,31.33711],[-81.48128,31.33594],[-81.48016,31.33738],[-81.479,31.33755],[-81.47853,31.33435],[-81.47744,31.33442],[-81.47675,31.33544],[-81.47791,31.3374],[-81.47791,31.33841],[-81.47504,31.3393],[-81.47464,31.33519],[-81.47396,31.33334],[-81.47294,31.33258],[-81.47121,31.33287],[-81.47035,31.33402],[-81.47233,31.3371],[-81.47251,31.33836],[-81.47069,31.33967],[-81.4694,31.3396],[-81.46811,31.33872],[-81.46643,31.33617],[-81.46396,31.33514],[-81.46138,31.3326],[-81.45834,31.33098],[-81.45566,31.32731],[-81.45337,31.32631],[-81.44659,31.32853],[-81.44114,31.33206],[-81.43889,31.33215],[-81.43652,31.33128],[-81.43503,31.32931],[-81.43512,31.32782],[-81.43576,31.32384],[-81.43725,31.32021],[-81.43762,31.31596],[-81.43587,31.31326],[-81.43357,31.31251],[-81.42796,31.31189],[-81.42544,31.31105],[-81.41774,31.30641],[-81.4152,31.30572],[-81.41277,31.30632],[-81.41115,31.31001],[-81.4094,31.31099],[-81.40657,31.31081],[-81.40437,31.30924],[-81.40346,31.30767],[-81.40401,31.30627],[-81.40916,31.30016],[-81.41224,31.29567],[-81.41217,31.29425],[-81.41141,31.2931],[-81.40775,31.29096],[-81.40478,31.29123],[-81.40299,31.29245],[-81.3976,31.30421],[-81.39026,31.31237],[-81.38719,31.31488],[-81.3821,31.31737],[-81.37485,31.31765],[-81.36959,31.31871],[-81.36715,31.31835],[-81.3595,31.31467],[-81.35657,31.3138],[-81.33786,31.31298],[-81.33593,31.3118],[-81.33381,31.30718],[-81.33219,31.3061],[-81.33102,31.30621],[-81.32819,31.30767],[-81.31912,31.30917],[-81.31602,31.30889],[-81.31481,31.30808],[-81.30914,31.30062],[-81.30518,31.29707],[-81.29919,31.29298],[-81.29578,31.29168],[-81.29177,31.29164],[-81.28822,31.29263],[-81.27772,31.29433],[-81.24985,31.29489],[-81.18372,31.29428],[-81.18468,31.30112],[-81.18335,31.31124],[-81.18362,31.31552],[-81.18456,31.32348],[-81.18612,31.3268],[-81.18357,31.3292],[-81.17712,31.33928],[-81.17198,31.3553],[-81.17107,31.36345],[-81.17109,31.37032],[-81.17255,31.37683],[-81.17561,31.38248],[-81.18172,31.39055],[-81.19076,31.39988],[-81.18915,31.40047],[-81.18219,31.40532],[-81.17727,31.41025],[-81.16694,31.42344],[-81.16444,31.42908],[-81.16244,31.43703],[-81.16355,31.44203],[-81.15832,31.44702],[-81.15015,31.45804],[-81.14384,31.47152],[-81.13352,31.47374],[-81.12544,31.47754],[-81.115,31.48701],[-81.11043,31.49197],[-81.10714,31.49663],[-81.10333,31.5069],[-81.10129,31.51556],[-81.09969,31.51853],[-81.09538,31.52098],[-81.12482,31.52833],[-81.17515,31.53966],[-81.18112,31.54223],[-81.18759,31.54654],[-81.19081,31.54954],[-81.19311,31.55266],[-81.19424,31.55513],[-81.19492,31.55885],[-81.19421,31.56952],[-81.19115,31.58731],[-81.19012,31.5981],[-81.19089,31.60034],[-81.19588,31.60696],[-81.2009,31.61123],[-81.2049,31.61347],[-81.21284,31.61673],[-81.21604,31.61879],[-81.21744,31.62087],[-81.21906,31.62635],[-81.22222,31.63042],[-81.22692,31.63252],[-81.23202,31.63642],[-81.23732,31.63942],[-81.24102,31.64072],[-81.24982,31.64222],[-81.25458,31.6448],[-81.26187,31.65014],[-81.26884,31.6522],[-81.27704,31.65244],[-81.29383,31.6493],[-81.29836,31.64934],[-81.30242,31.65072],[-81.30951,31.65649],[-81.31289,31.65868],[-81.31455,31.65938],[-81.31802,31.65985],[-81.32054,31.65882],[-81.32685,31.65352],[-81.33567,31.65027],[-81.33627,31.64825],[-81.33808,31.64711],[-81.34017,31.64735],[-81.34442,31.65161],[-81.34958,31.65363],[-81.35557,31.65467],[-81.35991,31.65249],[-81.36058,31.65262],[-81.36235,31.6544],[-81.36432,31.65434],[-81.36475,31.65353],[-81.3646,31.65038],[-81.36617,31.64897],[-81.36779,31.64897],[-81.3696,31.65175],[-81.37094,31.65179],[-81.37165,31.65061],[-81.37121,31.64826],[-81.3744,31.64717],[-81.37553,31.64785],[-81.37431,31.64912],[-81.37311,31.64941],[-81.37272,31.65034],[-81.37481,31.65208],[-81.37504,31.65406],[-81.37778,31.65511],[-81.3779,31.65408],[-81.37629,31.6528],[-81.37699,31.65018],[-81.38026,31.65086],[-81.38021,31.64865],[-81.38098,31.64838],[-81.38235,31.64887],[-81.38268,31.64737],[-81.38364,31.64645],[-81.38494,31.64684],[-81.38664,31.64883],[-81.38714,31.64881],[-81.38698,31.64792],[-81.38794,31.64619],[-81.38936,31.6464],[-81.38933,31.64558],[-81.38973,31.64539],[-81.39048,31.64647],[-81.39182,31.64562],[-81.39189,31.64507],[-81.39069,31.64434],[-81.39158,31.64356],[-81.39379,31.64336],[-81.39453,31.64375],[-81.39607,31.64242],[-81.39628,31.64328],[-81.39776,31.64282],[-81.3976,31.64377],[-81.40017,31.64405],[-81.3998,31.64632],[-81.40051,31.64621],[-81.40091,31.64501],[-81.40175,31.64471],[-81.40215,31.64542],[-81.40118,31.64603],[-81.40129,31.6464],[-81.40303,31.64555],[-81.40273,31.64715],[-81.40379,31.6464],[-81.40384,31.64725],[-81.40468,31.64695],[-81.4055,31.64765],[-81.40644,31.64744],[-81.40652,31.64802],[-81.40741,31.64809],[-81.40804,31.64876],[-81.40791,31.64806],[-81.40841,31.64851],[-81.40907,31.64734],[-81.41009,31.64698],[-81.4098,31.64757],[-81.41116,31.64752],[-81.41058,31.64807],[-81.41122,31.649],[-81.41246,31.64873],[-81.414,31.64932],[-81.41496,31.65193],[-81.41759,31.65209],[-81.42039,31.65059],[-81.4249,31.64906],[-81.42655,31.64532],[-81.42664,31.64373],[-81.428,31.64198],[-81.43053,31.64094],[-81.43356,31.64089],[-81.43576,31.64206],[-81.43684,31.64321],[-81.44049,31.64893],[-81.44183,31.65255],[-81.44308,31.65402],[-81.44603,31.65566],[-81.45216,31.65732],[-81.45532,31.6594],[-81.45908,31.66569],[-81.461,31.67186],[-81.46771,31.67855],[-81.46805,31.68],[-81.46774,31.68062],[-81.46315,31.68171],[-81.4614,31.68265],[-81.46089,31.68348],[-81.4611,31.68749],[-81.46397,31.6905],[-81.46475,31.69333],[-81.46597,31.69432],[-81.47587,31.69823],[-81.4918,31.69957],[-81.51144,31.66865],[-81.53712,31.62541],[-81.5383,31.62426],[-81.56601,31.57647],[-81.62222,31.55129],[-81.66743,31.53768],[-81.66836,31.53631]]]}},{"type":"Feature","properties":{"name":"Meriwether"},"geometry":{"type":"Polygon","coordinates":[[[-84.67711,32.84467],[-84.57067,32.84518],[-84.50706,32.87747],[-84.50689,32.88179],[-84.50843,32.88265],[-84.50969,32.88454],[-84.50891,32.8883],[-84.50918,32.89415],[-84.50795,32.898],[-84.50817,32.90337],[-84.51043,32.90708],[-84.51159,32.91234],[-84.51278,32.91366],[-84.51624,32.91494],[-84.51887,32.9147],[-84.52332,32.91313],[-84.52603,32.91328],[-84.5269,32.9141],[-84.52702,32.91515],[-84.5265,32.91584],[-84.52445,32.917],[-84.52421,32.91939],[-84.5254,32.92326],[-84.52808,32.92623],[-84.52799,32.9279],[-84.52593,32.93061],[-84.52309,32.93214],[-84.5224,32.93307],[-84.52293,32.9379],[-84.52219,32.94061],[-84.52048,32.9429],[-84.51928,32.94626],[-84.51875,32.9483],[-84.51896,32.95085],[-84.52067,32.95488],[-84.52405,32.96025],[-84.52725,32.96126],[-84.53197,32.96067],[-84.5334,32.96155],[-84.5344,32.96419],[-84.53257,32.96897],[-84.53148,32.97015],[-84.5297,32.97071],[-84.52702,32.97055],[-84.5247,32.97135],[-84.52241,32.97287],[-84.52143,32.97484],[-84.52252,32.97783],[-84.5252,32.98113],[-84.52937,32.98344],[-84.53026,32.98496],[-84.5301,32.98706],[-84.52864,32.98959],[-84.5313,32.99404],[-84.53043,32.99659],[-84.527,33.00033],[-84.52947,33.00317],[-84.53304,33.00494],[-84.53794,33.01119],[-84.53752,33.01347],[-84.53388,33.02048],[-84.53376,33.02222],[-84.53474,33.0258],[-84.53308,33.02777],[-84.53505,33.0313],[-84.53525,33.03395],[-84.53685,33.03568],[-84.53702,33.03646],[-84.53517,33.04218],[-84.53193,33.04285],[-84.52919,33.04267],[-84.52778,33.04371],[-84.52748,33.0465],[-84.52606,33.04891],[-84.52542,33.05219],[-84.52331,33.05437],[-84.52388,33.0568],[-84.52308,33.05855],[-84.52275,33.06134],[-84.52339,33.06429],[-84.52723,33.07006],[-84.52483,33.0791],[-84.52103,33.0812],[-84.51789,33.08177],[-84.51678,33.08097],[-84.51739,33.07959],[-84.51706,33.07852],[-84.51593,33.07805],[-84.51338,33.07809],[-84.51286,33.07863],[-84.51226,33.08199],[-84.51073,33.08422],[-84.51139,33.08596],[-84.51704,33.08854],[-84.51882,33.08982],[-84.51966,33.09106],[-84.51999,33.093],[-84.52195,33.09464],[-84.52375,33.09419],[-84.5278,33.09193],[-84.52841,33.09401],[-84.52778,33.09586],[-84.52872,33.09814],[-84.52641,33.09955],[-84.52322,33.10047],[-84.5215,33.10193],[-84.51898,33.10123],[-84.51822,33.10202],[-84.51861,33.105],[-84.51758,33.11005],[-84.51943,33.11223],[-84.51977,33.1141],[-84.51813,33.12061],[-84.51816,33.12231],[-84.51398,33.12597],[-84.51104,33.12602],[-84.51121,33.12918],[-84.51076,33.13065],[-84.51301,33.13158],[-84.51417,33.13509],[-84.51684,33.13802],[-84.51575,33.13921],[-84.51568,33.14017],[-84.51782,33.14184],[-84.51559,33.14279],[-84.51485,33.14396],[-84.51562,33.14626],[-84.51504,33.14839],[-84.51255,33.14975],[-84.50999,33.15415],[-84.50719,33.15467],[-84.50737,33.15544],[-84.50905,33.1573],[-84.50917,33.15993],[-84.51008,33.16206],[-84.5082,33.16385],[-84.50559,33.16823],[-84.50603,33.17212],[-84.50747,33.17351],[-84.50744,33.17519],[-84.50379,33.17855],[-84.50156,33.1794],[-84.49674,33.18333],[-84.49613,33.18637],[-84.49498,33.18759],[-84.49559,33.18825],[-84.49514,33.18962],[-84.49628,33.19061],[-84.49674,33.19226],[-84.49599,33.19358],[-84.49501,33.19425],[-84.49383,33.19651],[-84.49315,33.1964],[-84.49258,33.19561],[-84.49057,33.19768],[-84.49209,33.19822],[-84.493,33.2001],[-84.49452,33.20035],[-84.49691,33.2017],[-84.49838,33.20148],[-84.49795,33.20358],[-84.4982,33.2047],[-84.49713,33.20509],[-84.49744,33.20621],[-84.49609,33.2074],[-84.49686,33.20998],[-84.49819,33.21048],[-84.49812,33.21174],[-84.49951,33.2122],[-84.49998,33.21286],[-84.49953,33.2135],[-84.50048,33.215],[-84.50111,33.21529],[-84.50192,33.2149],[-84.5025,33.21551],[-84.50235,33.21635],[-84.5011,33.21665],[-84.50146,33.21765],[-84.50055,33.21869],[-84.50071,33.2191],[-84.50273,33.21969],[-84.50235,33.22106],[-84.65269,33.22253],[-84.65464,33.22431],[-84.6546,33.23071],[-84.66934,33.23079],[-84.66948,33.22643],[-84.67451,33.2265],[-84.67461,33.22273],[-84.69403,33.22297],[-84.69398,33.23125],[-84.70321,33.23118],[-84.70332,33.22282],[-84.85236,33.22359],[-84.8523,33.19104],[-84.86236,33.19117],[-84.86259,33.18347],[-84.86274,33.12528],[-84.8636,33.07678],[-84.86338,33.03584],[-84.86392,33.01885],[-84.86414,32.97973],[-84.86463,32.97538],[-84.86462,32.97349],[-84.86419,32.97299],[-84.86462,32.9685],[-84.86452,32.96082],[-84.86153,32.96081],[-84.86177,32.87249],[-84.84769,32.87244],[-84.84759,32.86837],[-84.84106,32.86812],[-84.82286,32.86809],[-84.81554,32.86754],[-84.81306,32.86807],[-84.76787,32.86771],[-84.76776,32.86893],[-84.75134,32.8692],[-84.75146,32.8627],[-84.73675,32.85782],[-84.70054,32.84464],[-84.67711,32.84467]]]}},{"type":"Feature","properties":{"name":"Miller"},"geometry":{"type":"Polygon","coordinates":[[[-84.66397,31.25941],[-84.67269,31.25944],[-84.67265,31.25711],[-84.68322,31.25718],[-84.68325,31.2514],[-84.69424,31.25167],[-84.69418,31.25765],[-84.7051,31.25772],[-84.70511,31.25192],[-84.70958,31.25184],[-84.73738,31.25231],[-84.73745,31.25832],[-84.74822,31.25845],[-84.74832,31.25249],[-84.91742,31.25599],[-84.92242,31.07259],[-84.87798,31.07196],[-84.86777,31.07123],[-84.64579,31.06801],[-84.64537,31.07936],[-84.64468,31.0795],[-84.54265,31.07903],[-84.54085,31.1252],[-84.54015,31.17036],[-84.53769,31.22132],[-84.53797,31.22791],[-84.5371,31.25593],[-84.63717,31.25896],[-84.64167,31.25897],[-84.64168,31.25653],[-84.6611,31.25686],[-84.66112,31.25936],[-84.66397,31.25941]]]}},{"type":"Feature","properties":{"name":"Mitchell"},"geometry":{"type":"Polygon","coordinates":[[[-84.22624,31.35195],[-84.22855,31.34749],[-84.23162,31.34525],[-84.23335,31.34128],[-84.23444,31.34033],[-84.23722,31.34002],[-84.23922,31.33863],[-84.24127,31.3384],[-84.24277,31.33995],[-84.24238,31.34063],[-84.24295,31.34199],[-84.2441,31.3426],[-84.24466,31.34208],[-84.24503,31.34033],[-84.24637,31.33884],[-84.24883,31.33764],[-84.25175,31.33711],[-84.2542,31.33554],[-84.25555,31.33637],[-84.25584,31.33767],[-84.25699,31.33936],[-84.26055,31.33934],[-84.2645,31.34091],[-84.26788,31.34154],[-84.27175,31.33721],[-84.26986,31.33422],[-84.26995,31.33299],[-84.27561,31.32978],[-84.27763,31.32911],[-84.27894,31.33035],[-84.28007,31.33049],[-84.28231,31.32815],[-84.28368,31.32737],[-84.2865,31.32977],[-84.28831,31.32614],[-84.29036,31.32509],[-84.2933,31.32597],[-84.29685,31.32607],[-84.29923,31.3257],[-84.30285,31.32379],[-84.30798,31.3245],[-84.31106,31.32397],[-84.31333,31.32193],[-84.31273,31.31911],[-84.31334,31.31436],[-84.31394,31.31322],[-84.31621,31.31173],[-84.31875,31.31124],[-84.32071,31.31144],[-84.3217,31.31192],[-84.32296,31.31354],[-84.32423,31.31388],[-84.33186,31.31165],[-84.34066,31.30525],[-84.34085,31.30376],[-84.34053,31.3042],[-84.34034,31.30341],[-84.33868,31.30214],[-84.33727,31.30027],[-84.3361,31.29634],[-84.33546,31.29176],[-84.3363,31.29046],[-84.33675,31.28816],[-84.34011,31.28613],[-84.34096,31.28514],[-84.34089,31.27784],[-84.34479,31.27439],[-84.34789,31.27008],[-84.35438,31.26612],[-84.35629,31.26285],[-84.35944,31.25974],[-84.35974,31.25898],[-84.35887,31.25553],[-84.35897,31.25421],[-84.36197,31.2518],[-84.36333,31.24943],[-84.36478,31.243],[-84.36582,31.24039],[-84.36678,31.2397],[-84.37197,31.23836],[-84.37529,31.23949],[-84.38008,31.23678],[-84.38087,31.23503],[-84.38228,31.23406],[-84.3862,31.23351],[-84.39188,31.23004],[-84.39396,31.22969],[-84.39429,31.22896],[-84.39359,31.22746],[-84.39411,31.2259],[-84.3964,31.22441],[-84.40057,31.22353],[-84.40598,31.21888],[-84.40565,31.21314],[-84.40643,31.21138],[-84.40825,31.21076],[-84.40912,31.2097],[-84.40721,31.20679],[-84.40575,31.20606],[-84.40393,31.20326],[-84.40435,31.19914],[-84.40562,31.19836],[-84.40794,31.1938],[-84.41198,31.19191],[-84.41241,31.19099],[-84.41212,31.1895],[-84.41278,31.18849],[-84.41584,31.18653],[-84.41807,31.18577],[-84.4188,31.1858],[-84.4199,31.18677],[-84.42006,31.18729],[-84.41827,31.18959],[-84.41678,31.19411],[-84.41882,31.19706],[-84.42013,31.19768],[-84.42037,31.19499],[-84.42467,31.19205],[-84.42599,31.19047],[-84.42803,31.18959],[-84.4298,31.1897],[-84.42883,31.18987],[-84.4292,31.19046],[-84.43082,31.19057],[-84.42942,31.19007],[-84.43126,31.19024],[-84.43287,31.18952],[-84.43956,31.18282],[-84.44202,31.18159],[-84.44727,31.18122],[-84.44869,31.18016],[-84.45347,31.17183],[-84.45811,31.16711],[-84.46085,31.16614],[-84.46738,31.16893],[-84.47028,31.1686],[-84.47119,31.16762],[-84.47115,31.16688],[-84.46898,31.16551],[-84.4685,31.16406],[-84.47411,31.15984],[-84.47911,31.15806],[-84.48072,31.15798],[-84.48111,31.15719],[-84.48264,31.1567],[-84.48332,31.1554],[-84.48278,31.15352],[-84.48109,31.15216],[-84.47869,31.14819],[-84.48046,31.14366],[-84.48067,31.13931],[-84.48325,31.13761],[-84.48594,31.13962],[-84.48859,31.13848],[-84.49079,31.13609],[-84.49629,31.13168],[-84.49859,31.12907],[-84.50089,31.12744],[-84.505,31.12558],[-84.50679,31.12359],[-84.50646,31.12302],[-84.50153,31.12056],[-84.50009,31.11797],[-84.50124,31.11274],[-84.50537,31.11042],[-84.50631,31.109],[-84.50685,31.10205],[-84.50441,31.09795],[-84.50428,31.09557],[-84.50477,31.09314],[-84.50338,31.08933],[-84.50399,31.08775],[-84.50553,31.08595],[-84.50798,31.0796],[-84.50738,31.07938],[-84.50817,31.07932],[-84.50832,31.07858],[-84.20999,31.0788],[-84.0752,31.07746],[-84.00363,31.07729],[-84.0032,31.10235],[-84.01385,31.10244],[-84.01374,31.11184],[-84.00298,31.11189],[-84.00271,31.14864],[-84.00202,31.17177],[-84.00224,31.19643],[-84.00013,31.29827],[-83.9996,31.29976],[-83.99994,31.30725],[-83.9978,31.44375],[-84.1183,31.44248],[-84.13777,31.44268],[-84.14195,31.43941],[-84.14139,31.43436],[-84.14085,31.43377],[-84.14188,31.43184],[-84.14425,31.42902],[-84.1459,31.42811],[-84.14884,31.42386],[-84.1513,31.41662],[-84.15219,31.41511],[-84.15324,31.41439],[-84.15334,31.41363],[-84.15562,31.41451],[-84.1568,31.41637],[-84.15837,31.41704],[-84.16458,31.41412],[-84.17412,31.41194],[-84.17712,31.41065],[-84.17884,31.40875],[-84.17935,31.40647],[-84.17888,31.40491],[-84.17649,31.40111],[-84.17587,31.39801],[-84.17617,31.39578],[-84.17884,31.39167],[-84.18064,31.39065],[-84.18238,31.39151],[-84.1825,31.39293],[-84.1813,31.39759],[-84.18171,31.39869],[-84.18256,31.39918],[-84.18751,31.39612],[-84.19283,31.3936],[-84.19552,31.39163],[-84.19579,31.38904],[-84.1993,31.38497],[-84.19931,31.37973],[-84.20032,31.37742],[-84.2006,31.37518],[-84.19964,31.37123],[-84.19969,31.36961],[-84.19783,31.36528],[-84.19799,31.35752],[-84.20082,31.35549],[-84.20186,31.35608],[-84.20242,31.35703],[-84.20495,31.35841],[-84.2078,31.35817],[-84.20908,31.35916],[-84.21026,31.35939],[-84.21135,31.35805],[-84.21108,31.3565],[-84.21209,31.35574],[-84.21463,31.35619],[-84.21616,31.35734],[-84.21742,31.35677],[-84.22511,31.35603],[-84.22624,31.35195]]]}},{"type":"Feature","properties":{"name":"Monroe"},"geometry":{"type":"Polygon","coordinates":[[[-84.04288,33.02872],[-84.04411,32.94787],[-84.05358,32.94803],[-84.05417,32.9315],[-84.12334,32.93218],[-84.12428,32.84956],[-83.97841,32.84894],[-83.97811,32.85714],[-83.96831,32.85714],[-83.96842,32.84886],[-83.89192,32.84835],[-83.77663,32.91505],[-83.77084,32.91765],[-83.76546,32.92193],[-83.72585,32.94491],[-83.73061,32.94501],[-83.73057,32.95102],[-83.73415,32.95101],[-83.73411,32.95239],[-83.71069,32.95279],[-83.70985,32.95625],[-83.70609,32.96137],[-83.70609,32.96439],[-83.70718,32.96607],[-83.71328,32.96815],[-83.71548,32.96935],[-83.71651,32.97042],[-83.71774,32.973],[-83.72137,32.97482],[-83.72285,32.97638],[-83.72269,32.97835],[-83.72141,32.98169],[-83.72179,32.98374],[-83.72157,32.98764],[-83.72435,32.99156],[-83.72464,32.99358],[-83.72334,32.99741],[-83.71982,32.99953],[-83.71898,33.00108],[-83.71984,33.00295],[-83.72129,33.00459],[-83.72603,33.00674],[-83.72684,33.00754],[-83.72965,33.01356],[-83.72922,33.01499],[-83.72267,33.01996],[-83.72121,33.02336],[-83.72401,33.02801],[-83.72537,33.03267],[-83.72795,33.0354],[-83.73182,33.03813],[-83.73731,33.04387],[-83.738,33.04544],[-83.73811,33.04859],[-83.74037,33.05123],[-83.74336,33.05373],[-83.74531,33.05724],[-83.74576,33.05881],[-83.74562,33.061],[-83.747,33.06337],[-83.75155,33.06601],[-83.75299,33.06775],[-83.75645,33.06863],[-83.76079,33.07056],[-83.76392,33.07434],[-83.76798,33.07699],[-83.77495,33.08014],[-83.77576,33.08136],[-83.77624,33.0835],[-83.77944,33.08656],[-83.78105,33.09252],[-83.78531,33.09717],[-83.79177,33.10146],[-83.79471,33.10409],[-83.79555,33.11012],[-83.79681,33.1135],[-83.79901,33.11658],[-83.80598,33.12178],[-83.80892,33.12231],[-83.81155,33.12181],[-83.81379,33.12213],[-83.81636,33.12456],[-83.81684,33.12787],[-83.81573,33.13359],[-83.81724,33.1411],[-83.81707,33.14393],[-83.81632,33.14572],[-83.81401,33.14732],[-83.81397,33.14825],[-83.81686,33.15192],[-83.82206,33.15677],[-83.82397,33.16058],[-83.82449,33.16568],[-83.82373,33.1721],[-83.82463,33.17591],[-83.82408,33.1776],[-83.82226,33.18024],[-83.82407,33.18162],[-83.82744,33.18201],[-83.82721,33.18276],[-83.82855,33.1829],[-83.82983,33.18421],[-83.83222,33.18435],[-83.83312,33.18559],[-83.83481,33.18649],[-83.83543,33.18817],[-83.83527,33.18936],[-83.83571,33.18979],[-83.83699,33.18963],[-83.83868,33.19089],[-83.84028,33.19309],[-83.83982,33.194],[-83.83995,33.19509],[-83.84113,33.19606],[-83.84287,33.19687],[-83.84448,33.19666],[-83.84603,33.19717],[-83.84643,33.19653],[-83.84889,33.1959],[-83.84978,33.19521],[-83.85253,33.19484],[-83.8536,33.19665],[-83.85586,33.19708],[-83.85613,33.19836],[-83.85834,33.19946],[-83.85957,33.20065],[-83.86574,33.20022],[-83.86811,33.20193],[-83.87701,33.20239],[-83.91189,33.20167],[-84.0415,33.20263],[-84.04099,33.18251],[-84.04144,33.1342],[-84.04107,33.12513],[-84.04199,33.10655],[-84.04288,33.02872]]]}},{"type":"Feature","properties":{"name":"Montgomery"},"geometry":{"type":"Polygon","coordinates":[[[-82.6562,32.30036],[-82.65549,32.29756],[-82.6533,32.29728],[-82.65019,32.29573],[-82.64684,32.29222],[-82.64577,32.29276],[-82.64664,32.29471],[-82.64648,32.29544],[-82.64562,32.29588],[-82.6447,32.29544],[-82.6438,32.29175],[-82.64407,32.29096],[-82.64786,32.2896],[-82.64989,32.28947],[-82.65154,32.28648],[-82.65031,32.28561],[-82.6476,32.28657],[-82.64609,32.28474],[-82.64629,32.28375],[-82.64867,32.2827],[-82.64924,32.28199],[-82.64799,32.28034],[-82.64864,32.27842],[-82.64842,32.27719],[-82.64607,32.27544],[-82.64268,32.27552],[-82.64136,32.27507],[-82.63955,32.27068],[-82.63866,32.27],[-82.63708,32.26986],[-82.63665,32.26931],[-82.63686,32.26869],[-82.63805,32.26817],[-82.63734,32.26603],[-82.63869,32.26426],[-82.64006,32.25837],[-82.64126,32.25783],[-82.64318,32.25917],[-82.64446,32.25868],[-82.64464,32.25717],[-82.64343,32.25467],[-82.64463,32.25298],[-82.64453,32.25122],[-82.64539,32.25052],[-82.64725,32.25061],[-82.6479,32.25015],[-82.6482,32.24807],[-82.64919,32.24582],[-82.64807,32.2441],[-82.64494,32.24323],[-82.64319,32.24158],[-82.64237,32.24013],[-82.6423,32.2376],[-82.64188,32.23689],[-82.63841,32.23558],[-82.63684,32.23322],[-82.63539,32.23321],[-82.63459,32.23376],[-82.63396,32.23324],[-82.6337,32.23115],[-82.63281,32.22976],[-82.63345,32.22741],[-82.63211,32.22555],[-82.63268,32.22477],[-82.63579,32.22292],[-82.63589,32.22083],[-82.62804,32.20945],[-82.62553,32.20679],[-82.62533,32.20576],[-82.626,32.20485],[-82.63014,32.20262],[-82.63066,32.19941],[-82.63232,32.19614],[-82.63131,32.19143],[-82.62879,32.18737],[-82.62837,32.18578],[-82.62881,32.18392],[-82.63106,32.18177],[-82.63111,32.18053],[-82.63049,32.17974],[-82.62926,32.17927],[-82.62814,32.18],[-82.62721,32.18291],[-82.62557,32.18306],[-82.62401,32.18233],[-82.62333,32.18114],[-82.62373,32.17985],[-82.62786,32.17702],[-82.62715,32.1757],[-82.62391,32.17472],[-82.62342,32.17357],[-82.62364,32.17124],[-82.62633,32.17031],[-82.62646,32.16929],[-82.62236,32.16705],[-82.6189,32.16765],[-82.61839,32.16466],[-82.61606,32.1632],[-82.61365,32.16241],[-82.61287,32.16164],[-82.61388,32.14931],[-82.61879,32.14588],[-82.61907,32.14483],[-82.61871,32.1425],[-82.62128,32.13891],[-82.6245,32.13648],[-82.62532,32.13333],[-82.62648,32.13267],[-82.62978,32.13261],[-82.63034,32.13195],[-82.63041,32.13065],[-82.62961,32.12858],[-82.62659,32.12657],[-82.6249,32.12274],[-82.62547,32.12044],[-82.62514,32.11959],[-82.62257,32.11776],[-82.62371,32.115],[-82.62363,32.11373],[-82.62054,32.11238],[-82.62091,32.11059],[-82.6205,32.10932],[-82.61726,32.10794],[-82.61771,32.10527],[-82.61685,32.10497],[-82.61371,32.10549],[-82.61232,32.1071],[-82.61159,32.10706],[-82.61122,32.10646],[-82.6122,32.10421],[-82.61378,32.10387],[-82.61426,32.10328],[-82.61433,32.10247],[-82.61324,32.1011],[-82.61336,32.10063],[-82.61465,32.1004],[-82.61649,32.1014],[-82.61737,32.10077],[-82.61711,32.10004],[-82.61266,32.09612],[-82.61261,32.0914],[-82.61138,32.08858],[-82.61304,32.0844],[-82.61369,32.08372],[-82.6147,32.08367],[-82.61632,32.0857],[-82.61741,32.08611],[-82.61964,32.08452],[-82.6222,32.08411],[-82.62306,32.08266],[-82.62263,32.08163],[-82.62081,32.08085],[-82.61821,32.07885],[-82.61712,32.07864],[-82.61571,32.07934],[-82.61467,32.07921],[-82.61371,32.07693],[-82.61123,32.07613],[-82.6084,32.07283],[-82.60852,32.07202],[-82.60921,32.07145],[-82.61211,32.07137],[-82.61304,32.07036],[-82.61293,32.06907],[-82.61117,32.06631],[-82.61385,32.0604],[-82.61306,32.05899],[-82.60964,32.05761],[-82.61047,32.05473],[-82.60993,32.05175],[-82.60914,32.05116],[-82.60651,32.05082],[-82.6053,32.04885],[-82.60327,32.04855],[-82.60219,32.0473],[-82.60248,32.04285],[-82.60335,32.04102],[-82.6049,32.03996],[-82.60795,32.03986],[-82.60886,32.03921],[-82.60845,32.03672],[-82.60647,32.03554],[-82.60596,32.03469],[-82.60745,32.03183],[-82.60668,32.03107],[-82.60525,32.03081],[-82.60204,32.03261],[-82.59777,32.03015],[-82.5975,32.02931],[-82.598,32.02829],[-82.60011,32.02724],[-82.60068,32.02645],[-82.60132,32.02079],[-82.60071,32.01982],[-82.59852,32.01864],[-82.59591,32.01832],[-82.59508,32.01779],[-82.59504,32.01646],[-82.59767,32.01594],[-82.59814,32.01461],[-82.5947,32.0116],[-82.59257,32.01146],[-82.59166,32.00865],[-82.58714,32.00669],[-82.57827,32.00008],[-82.57159,31.99644],[-82.56552,31.98996],[-82.5639,31.98944],[-82.5622,31.98964],[-82.56103,31.99066],[-82.56052,31.99227],[-82.55895,31.99261],[-82.55862,31.9905],[-82.55589,31.98588],[-82.55615,31.98133],[-82.55545,31.97995],[-82.55451,31.97981],[-82.55196,31.98145],[-82.55067,31.98172],[-82.54756,31.98159],[-82.54622,31.98099],[-82.54463,31.97733],[-82.5409,31.9731],[-82.53931,31.96822],[-82.53921,31.96633],[-82.54015,31.96322],[-82.54112,31.96176],[-82.54332,31.96006],[-82.54365,31.95891],[-82.53883,31.9572],[-82.5373,31.95723],[-82.53596,31.95815],[-82.53498,31.96066],[-82.5331,31.96135],[-82.53127,31.96076],[-82.52834,31.95892],[-82.5165,31.9577],[-82.50919,31.95275],[-82.50273,31.94981],[-82.49232,31.94862],[-82.48532,31.95078],[-82.48022,31.95496],[-82.48002,31.95641],[-82.48081,31.95745],[-82.48282,31.95822],[-82.48556,31.9574],[-82.48768,31.95732],[-82.49085,31.95873],[-82.4936,31.95914],[-82.49876,31.95708],[-82.49943,31.95772],[-82.4997,31.95947],[-82.49758,31.96404],[-82.4958,31.96632],[-82.49431,31.96738],[-82.49143,31.96861],[-82.48492,31.96841],[-82.48313,31.96896],[-82.48009,31.99397],[-82.4736,32.02615],[-82.45954,32.11561],[-82.44112,32.218],[-82.43913,32.29261],[-82.43006,32.31302],[-82.40913,32.35374],[-82.6491,32.3115],[-82.64922,32.30965],[-82.65,32.30872],[-82.64974,32.30785],[-82.65243,32.30562],[-82.65344,32.30262],[-82.65435,32.30239],[-82.65439,32.30179],[-82.65581,32.3015],[-82.6562,32.30036]]]}},{"type":"Feature","properties":{"name":"Morgan"},"geometry":{"type":"Polygon","coordinates":[[[-83.39084,33.4634],[-83.27993,33.48344],[-83.2802,33.48735],[-83.27942,33.4892],[-83.27759,33.49113],[-83.27681,33.4942],[-83.28,33.50011],[-83.2831,33.50337],[-83.28403,33.50695],[-83.28359,33.51027],[-83.2801,33.5169],[-83.281,33.52128],[-83.28031,33.52338],[-83.27673,33.52854],[-83.27026,33.53117],[-83.26939,33.53206],[-83.26928,33.53344],[-83.2707,33.53649],[-83.27381,33.54079],[-83.27835,33.54455],[-83.28047,33.54294],[-83.28659,33.54267],[-83.28866,33.54392],[-83.2912,33.54658],[-83.2951,33.55229],[-83.29909,33.55373],[-83.30181,33.55564],[-83.30361,33.55501],[-83.30431,33.55733],[-83.30295,33.56016],[-83.30322,33.56311],[-83.30579,33.56245],[-83.30757,33.56444],[-83.30834,33.56457],[-83.30942,33.56418],[-83.31057,33.56294],[-83.31229,33.56416],[-83.31196,33.56546],[-83.31336,33.56641],[-83.31327,33.56765],[-83.31623,33.5701],[-83.31743,33.57037],[-83.31681,33.57212],[-83.31721,33.5734],[-83.32036,33.57431],[-83.32096,33.57662],[-83.32317,33.57994],[-83.32623,33.57989],[-83.32623,33.58076],[-83.3271,33.58173],[-83.32626,33.58415],[-83.32837,33.58418],[-83.32985,33.58326],[-83.33079,33.58327],[-83.33276,33.58576],[-83.33622,33.58839],[-83.33759,33.59099],[-83.33726,33.59426],[-83.3392,33.59458],[-83.33901,33.59582],[-83.33784,33.59735],[-83.33987,33.5973],[-83.34111,33.59635],[-83.34255,33.59599],[-83.34887,33.59729],[-83.34892,33.59806],[-83.3472,33.59939],[-83.34687,33.6005],[-83.34842,33.60519],[-83.34776,33.60846],[-83.34948,33.61206],[-83.34972,33.61425],[-83.35183,33.61704],[-83.35445,33.61795],[-83.35509,33.61904],[-83.35443,33.62008],[-83.35587,33.62039],[-83.35762,33.61998],[-83.35954,33.62233],[-83.3595,33.62325],[-83.36006,33.62396],[-83.35954,33.62499],[-83.35968,33.62779],[-83.36131,33.62934],[-83.36094,33.63048],[-83.36127,33.63149],[-83.36192,33.63242],[-83.36369,33.63337],[-83.36438,33.63547],[-83.36312,33.63609],[-83.36304,33.63808],[-83.36238,33.63977],[-83.36377,33.64037],[-83.36573,33.64008],[-83.36512,33.64436],[-83.36771,33.64598],[-83.36881,33.64727],[-83.36882,33.64802],[-83.36736,33.64815],[-83.36752,33.64886],[-83.37055,33.65052],[-83.37054,33.65161],[-83.3689,33.6525],[-83.36917,33.65372],[-83.37074,33.65604],[-83.37244,33.65659],[-83.37453,33.65629],[-83.37527,33.65738],[-83.37582,33.65982],[-83.3777,33.66076],[-83.3787,33.6603],[-83.37949,33.66052],[-83.38249,33.66421],[-83.38279,33.66525],[-83.38403,33.66624],[-83.3829,33.66769],[-83.38296,33.67015],[-83.38707,33.6729],[-83.38725,33.6748],[-83.38867,33.67585],[-83.38834,33.67731],[-83.38865,33.67892],[-83.38994,33.67957],[-83.39076,33.68092],[-83.39501,33.68369],[-83.39537,33.68518],[-83.3964,33.68659],[-83.39559,33.68773],[-83.39491,33.69051],[-83.39632,33.69107],[-83.39987,33.69118],[-83.40027,33.69205],[-83.39963,33.69326],[-83.4008,33.69622],[-83.40182,33.69669],[-83.40492,33.69673],[-83.40616,33.69828],[-83.40847,33.7],[-83.40896,33.7016],[-83.41166,33.70358],[-83.41267,33.70325],[-83.4139,33.70425],[-83.41549,33.70436],[-83.41628,33.70515],[-83.41738,33.70434],[-83.41805,33.70442],[-83.41922,33.70602],[-83.41888,33.7072],[-83.41946,33.70919],[-83.42416,33.71274],[-83.42429,33.71353],[-83.42352,33.71478],[-83.42401,33.7154],[-83.42562,33.7161],[-83.42813,33.71621],[-83.42961,33.71543],[-83.43121,33.71549],[-83.4333,33.71721],[-83.43456,33.71922],[-83.43699,33.71957],[-83.43992,33.71917],[-83.44337,33.72198],[-83.44527,33.72254],[-83.44549,33.725],[-83.44512,33.7263],[-83.44672,33.73037],[-83.44688,33.73311],[-83.44766,33.73368],[-83.44972,33.73401],[-83.45036,33.73478],[-83.4519,33.73846],[-83.45156,33.74144],[-83.45278,33.74215],[-83.45272,33.74267],[-83.45124,33.74366],[-83.4515,33.74482],[-83.45057,33.74734],[-83.4513,33.74783],[-83.45227,33.74741],[-83.45362,33.74883],[-83.45361,33.75054],[-83.45556,33.75733],[-83.45473,33.7586],[-83.4558,33.75953],[-83.45609,33.76093],[-83.45831,33.76321],[-83.45952,33.7655],[-83.45816,33.76848],[-83.46023,33.77023],[-83.46147,33.77238],[-83.46171,33.774],[-83.46501,33.77456],[-83.46585,33.77599],[-83.47064,33.78018],[-83.47076,33.78443],[-83.47429,33.78707],[-83.47428,33.78779],[-83.47319,33.7891],[-83.4734,33.78977],[-83.47498,33.79076],[-83.47791,33.79149],[-83.47855,33.79219],[-83.47778,33.79603],[-83.47582,33.79608],[-83.47527,33.79841],[-83.47688,33.79867],[-83.47977,33.79668],[-83.48137,33.79706],[-83.48235,33.79818],[-83.48296,33.79996],[-83.48174,33.80147],[-83.47999,33.80155],[-83.47952,33.80227],[-83.48015,33.80268],[-83.48328,33.80257],[-83.48331,33.80572],[-83.48575,33.80727],[-83.48764,33.8047],[-83.48956,33.8046],[-83.49107,33.80614],[-83.49262,33.8052],[-83.49304,33.806],[-83.49255,33.80742],[-83.49372,33.80938],[-83.4958,33.81049],[-83.4965,33.81299],[-83.49925,33.81456],[-83.50078,33.81422],[-83.50106,33.81336],[-83.50151,33.81327],[-83.50211,33.81495],[-83.5011,33.81679],[-83.50277,33.81736],[-83.50405,33.81654],[-83.50593,33.81776],[-83.51149,33.81112],[-83.51238,33.80792],[-83.51358,33.80662],[-83.52309,33.79732],[-83.52421,33.79653],[-83.52639,33.79612],[-83.53467,33.78154],[-83.53694,33.77839],[-83.68739,33.58856],[-83.68683,33.58728],[-83.68602,33.58668],[-83.68577,33.58501],[-83.68707,33.58228],[-83.68439,33.57957],[-83.683,33.57938],[-83.68191,33.57774],[-83.68144,33.57791],[-83.68109,33.57574],[-83.67764,33.57155],[-83.6822,33.52622],[-83.59994,33.47365],[-83.53374,33.43447],[-83.39084,33.4634]]]}},{"type":"Feature","properties":{"name":"Murray"},"geometry":{"type":"Polygon","coordinates":[[[-84.8427,34.91813],[-84.83634,34.91252],[-84.83562,34.91004],[-84.83624,34.90712],[-84.83461,34.9075],[-84.83335,34.90629],[-84.83084,34.90656],[-84.82922,34.90552],[-84.8274,34.90307],[-84.82411,34.90175],[-84.82433,34.9008],[-84.82713,34.89858],[-84.83069,34.89829],[-84.83076,34.89758],[-84.82965,34.89622],[-84.8299,34.89549],[-84.83107,34.89556],[-84.83259,34.89755],[-84.83332,34.89729],[-84.83337,34.89683],[-84.83269,34.89463],[-84.83032,34.8923],[-84.82936,34.8892],[-84.82817,34.88862],[-84.82706,34.8894],[-84.82648,34.88911],[-84.82669,34.88822],[-84.82837,34.88652],[-84.82765,34.88552],[-84.82547,34.88422],[-84.82606,34.88208],[-84.82428,34.88111],[-84.82425,34.88037],[-84.82258,34.8787],[-84.82084,34.87933],[-84.82118,34.87673],[-84.81843,34.87674],[-84.81895,34.87507],[-84.81798,34.87076],[-84.81918,34.86807],[-84.81915,34.86703],[-84.8201,34.86572],[-84.82562,34.86167],[-84.82933,34.86024],[-84.83031,34.85943],[-84.83401,34.85922],[-84.83593,34.85974],[-84.83711,34.86052],[-84.83895,34.86302],[-84.8424,34.8613],[-84.84265,34.86046],[-84.84218,34.85959],[-84.83957,34.85827],[-84.83874,34.85659],[-84.83714,34.85519],[-84.83692,34.8543],[-84.83877,34.85358],[-84.84325,34.85356],[-84.8444,34.85306],[-84.84587,34.851],[-84.84738,34.84996],[-84.84813,34.84626],[-84.85005,34.84485],[-84.85055,34.84314],[-84.85312,34.8428],[-84.8519,34.84004],[-84.8519,34.83834],[-84.85251,34.83753],[-84.85512,34.83607],[-84.8555,34.83462],[-84.85457,34.83399],[-84.85146,34.83487],[-84.84897,34.83241],[-84.84895,34.83174],[-84.85126,34.82686],[-84.85184,34.82409],[-84.85291,34.82375],[-84.85497,34.82464],[-84.85575,34.82422],[-84.8558,34.822],[-84.85668,34.8207],[-84.85506,34.82019],[-84.8549,34.81973],[-84.85921,34.81611],[-84.86292,34.81428],[-84.86088,34.80954],[-84.85915,34.80681],[-84.85824,34.8062],[-84.85671,34.80577],[-84.8534,34.80602],[-84.84844,34.8047],[-84.84522,34.80571],[-84.84199,34.80524],[-84.84126,34.80449],[-84.84053,34.80223],[-84.838,34.80074],[-84.83884,34.79879],[-84.83858,34.7974],[-84.83892,34.79658],[-84.83932,34.79622],[-84.84197,34.79616],[-84.84579,34.79466],[-84.85341,34.79414],[-84.85566,34.79328],[-84.85963,34.7904],[-84.86151,34.78838],[-84.86266,34.78663],[-84.86271,34.78444],[-84.86334,34.784],[-84.86823,34.78452],[-84.87186,34.78869],[-84.87371,34.7894],[-84.87445,34.78868],[-84.87473,34.7875],[-84.8734,34.78524],[-84.87291,34.78247],[-84.87654,34.78128],[-84.87877,34.77905],[-84.87873,34.77722],[-84.87707,34.77551],[-84.87664,34.77327],[-84.87586,34.77205],[-84.87188,34.76894],[-84.86691,34.76683],[-84.86656,34.76177],[-84.86814,34.76019],[-84.86658,34.75816],[-84.86778,34.75575],[-84.8662,34.75516],[-84.86389,34.75636],[-84.86099,34.75693],[-84.85855,34.75616],[-84.85412,34.7489],[-84.85465,34.74836],[-84.85591,34.74889],[-84.85661,34.74867],[-84.8578,34.74624],[-84.85773,34.74529],[-84.85478,34.74344],[-84.85188,34.74289],[-84.85112,34.74212],[-84.85228,34.74057],[-84.85567,34.74085],[-84.85726,34.73854],[-84.85734,34.7367],[-84.85894,34.73634],[-84.86361,34.73364],[-84.86496,34.73356],[-84.86714,34.73498],[-84.8672,34.73622],[-84.86627,34.73858],[-84.86724,34.7394],[-84.87107,34.73782],[-84.87276,34.73399],[-84.87217,34.73186],[-84.86874,34.7304],[-84.86719,34.72874],[-84.86431,34.72764],[-84.86226,34.72546],[-84.86054,34.72489],[-84.8569,34.72478],[-84.85588,34.72427],[-84.85581,34.72348],[-84.8581,34.71998],[-84.85921,34.71511],[-84.86344,34.70989],[-84.86469,34.70733],[-84.87277,34.71123],[-84.88375,34.7147],[-84.88482,34.71374],[-84.88551,34.71073],[-84.88646,34.70905],[-84.88942,34.70599],[-84.89145,34.70489],[-84.8944,34.70546],[-84.89757,34.70742],[-84.91673,34.71357],[-84.92345,34.71617],[-84.9316,34.71371],[-84.9342,34.71215],[-84.93495,34.70993],[-84.93425,34.70766],[-84.93189,34.70477],[-84.92938,34.70259],[-84.92483,34.70004],[-84.91737,34.69759],[-84.91323,34.6955],[-84.9071,34.69066],[-84.90437,34.6852],[-84.89864,34.68175],[-84.89482,34.67994],[-84.88751,34.67799],[-84.88838,34.66818],[-84.88914,34.66698],[-84.8923,34.66641],[-84.89609,34.66438],[-84.89937,34.66426],[-84.90094,34.66478],[-84.90186,34.6658],[-84.90656,34.67602],[-84.91,34.68106],[-84.9111,34.6816],[-84.91954,34.68111],[-84.92765,34.67667],[-84.92997,34.67591],[-84.93619,34.67667],[-84.94379,34.68047],[-84.94451,34.67945],[-84.94387,34.67561],[-84.942,34.67295],[-84.93745,34.66844],[-84.93458,34.66723],[-84.92873,34.66732],[-84.92729,34.66633],[-84.92621,34.66219],[-84.92615,34.65905],[-84.92499,34.65672],[-84.92438,34.65145],[-84.92068,34.64416],[-84.91742,34.64282],[-84.91331,34.63988],[-84.91346,34.63413],[-84.9083,34.63406],[-84.90825,34.61579],[-84.86391,34.61576],[-84.86379,34.6086],[-84.78508,34.60829],[-84.77947,34.60833],[-84.77906,34.61294],[-84.77654,34.61276],[-84.76632,34.61548],[-84.76198,34.61439],[-84.75628,34.61001],[-84.74841,34.6091],[-84.74678,34.60982],[-84.74617,34.61059],[-84.74571,34.62201],[-84.74463,34.62384],[-84.73762,34.62405],[-84.73342,34.62278],[-84.72559,34.62165],[-84.72152,34.62187],[-84.7159,34.62292],[-84.71514,34.62221],[-84.71555,34.62],[-84.71412,34.61901],[-84.71438,34.60509],[-84.7228,34.60505],[-84.72307,34.61277],[-84.73129,34.61273],[-84.73122,34.59861],[-84.70554,34.59846],[-84.70526,34.59077],[-84.682,34.58983],[-84.68196,34.58334],[-84.65452,34.58319],[-84.65446,34.61677],[-84.65403,34.62496],[-84.65456,34.64469],[-84.65409,34.64532],[-84.65458,34.64955],[-84.65536,34.68691],[-84.6571,34.7289],[-84.65623,34.73098],[-84.65397,34.73158],[-84.65391,34.73427],[-84.65271,34.73569],[-84.65271,34.73638],[-84.65114,34.738],[-84.65103,34.73906],[-84.65158,34.73997],[-84.65083,34.74014],[-84.64871,34.74483],[-84.64891,34.74618],[-84.64832,34.74766],[-84.64753,34.74782],[-84.64368,34.75182],[-84.64335,34.7534],[-84.64229,34.75333],[-84.64157,34.75399],[-84.63999,34.75342],[-84.63899,34.75443],[-84.63903,34.75633],[-84.63754,34.7602],[-84.63729,34.76319],[-84.63846,34.7639],[-84.63826,34.76516],[-84.63697,34.76614],[-84.63575,34.76795],[-84.63531,34.77093],[-84.63623,34.77271],[-84.63838,34.77311],[-84.64063,34.77535],[-84.64135,34.77771],[-84.63757,34.78033],[-84.63267,34.78171],[-84.63183,34.78261],[-84.62764,34.78474],[-84.62625,34.78469],[-84.62267,34.78602],[-84.62198,34.78913],[-84.61809,34.7904],[-84.60975,34.79094],[-84.6072,34.79687],[-84.60264,34.79948],[-84.60314,34.80189],[-84.60158,34.80442],[-84.6014,34.80645],[-84.59603,34.80582],[-84.59339,34.80906],[-84.59299,34.81086],[-84.5938,34.81327],[-84.58966,34.81519],[-84.58788,34.81504],[-84.58794,34.81646],[-84.58655,34.81706],[-84.58582,34.82029],[-84.58473,34.82141],[-84.58294,34.82173],[-84.58314,34.8229],[-84.5822,34.82459],[-84.58253,34.82526],[-84.58294,34.82423],[-84.58353,34.82425],[-84.58297,34.82606],[-84.58408,34.82812],[-84.58447,34.82782],[-84.58386,34.82699],[-84.58389,34.82606],[-84.58503,34.8248],[-84.58545,34.82752],[-84.58664,34.82808],[-84.58721,34.82907],[-84.58917,34.82975],[-84.59053,34.83108],[-84.59211,34.83384],[-84.5903,34.83628],[-84.59256,34.8372],[-84.5936,34.8383],[-84.59289,34.84018],[-84.59449,34.84115],[-84.59473,34.83961],[-84.59525,34.8391],[-84.5985,34.83816],[-84.60232,34.83852],[-84.60642,34.84132],[-84.60643,34.8431],[-84.60741,34.8445],[-84.60899,34.84556],[-84.60931,34.84691],[-84.61091,34.84817],[-84.61136,34.84982],[-84.61243,34.85129],[-84.61677,34.85374],[-84.61864,34.8554],[-84.62059,34.85543],[-84.62275,34.85713],[-84.62148,34.98833],[-84.62493,34.98798],[-84.72717,34.98824],[-84.73864,34.98783],[-84.75003,34.98812],[-84.81052,34.98759],[-84.81102,34.9867],[-84.81259,34.98656],[-84.81349,34.98577],[-84.81343,34.98461],[-84.81418,34.98293],[-84.81343,34.98271],[-84.81392,34.9816],[-84.81419,34.97782],[-84.81494,34.97595],[-84.81371,34.97214],[-84.81435,34.97048],[-84.8163,34.96836],[-84.81728,34.96559],[-84.82093,34.96516],[-84.8221,34.96431],[-84.82204,34.96221],[-84.82101,34.96099],[-84.82171,34.95964],[-84.82107,34.95866],[-84.82444,34.95685],[-84.82618,34.9552],[-84.82672,34.95342],[-84.82617,34.951],[-84.82779,34.95095],[-84.82885,34.94944],[-84.82984,34.94888],[-84.82992,34.94823],[-84.83379,34.946],[-84.83412,34.94444],[-84.8352,34.94292],[-84.83429,34.9399],[-84.83553,34.93959],[-84.83506,34.93862],[-84.83592,34.93791],[-84.83645,34.93546],[-84.83744,34.93416],[-84.83891,34.93333],[-84.83847,34.93095],[-84.83966,34.93054],[-84.84004,34.9255],[-84.8427,34.91813]]]}},{"type":"Feature","properties":{"name":"Muscogee"},"geometry":{"type":"Polygon","coordinates":[[[-85.00343,32.51664],[-85.00153,32.51474],[-85.00093,32.50874],[-84.99973,32.50814],[-84.99893,32.50634],[-84.99983,32.50514],[-84.99983,32.50434],[-84.99693,32.50314],[-84.99653,32.50164],[-84.99883,32.49704],[-84.99833,32.49414],[-84.99673,32.49234],[-84.99543,32.48894],[-84.99483,32.4861],[-84.99493,32.48014],[-84.99523,32.4753],[-84.99853,32.46874],[-84.99803,32.46174],[-84.99533,32.45324],[-84.99353,32.45074],[-84.98383,32.44564],[-84.98103,32.44464],[-84.97183,32.44284],[-84.96983,32.44044],[-84.96703,32.43534],[-84.96473,32.42734],[-84.96303,32.42424],[-84.96343,32.42254],[-84.97183,32.41624],[-84.97693,32.41424],[-84.97943,32.41224],[-84.98095,32.40606],[-84.9811,32.40283],[-84.9799,32.4001],[-84.97855,32.39906],[-84.97761,32.39749],[-84.97489,32.39616],[-84.97475,32.3956],[-84.97183,32.39402],[-84.96927,32.39344],[-84.96844,32.39245],[-84.96873,32.39146],[-84.97057,32.39062],[-84.97569,32.39106],[-84.97836,32.3905],[-84.983,32.39195],[-84.9855,32.39032],[-84.98649,32.38888],[-84.98841,32.38522],[-84.98849,32.38311],[-84.98739,32.3812],[-84.98628,32.38034],[-84.98329,32.38002],[-84.97935,32.38071],[-84.97481,32.38026],[-84.97299,32.37939],[-84.97196,32.3777],[-84.97056,32.37753],[-84.96985,32.37842],[-84.96847,32.37896],[-84.96758,32.37839],[-84.96769,32.37624],[-84.96716,32.37555],[-84.96563,32.37563],[-84.96299,32.37402],[-84.96221,32.3744],[-84.96235,32.37492],[-84.96398,32.37521],[-84.96437,32.37588],[-84.96337,32.37657],[-84.96086,32.37485],[-84.95662,32.37387],[-84.95556,32.37473],[-84.95423,32.37486],[-84.95292,32.37656],[-84.95171,32.37714],[-84.95027,32.37696],[-84.94883,32.3756],[-84.94513,32.37602],[-84.94409,32.37707],[-84.94374,32.3787],[-84.94236,32.37797],[-84.9415,32.37826],[-84.94151,32.38005],[-84.94063,32.38187],[-84.93977,32.38186],[-84.93894,32.38054],[-84.93635,32.37926],[-84.93393,32.38094],[-84.93242,32.38062],[-84.93099,32.38293],[-84.92603,32.38501],[-84.92567,32.38709],[-84.92302,32.38792],[-84.9223,32.38912],[-84.91807,32.3903],[-84.91625,32.39195],[-84.91362,32.3925],[-84.91188,32.39378],[-84.9111,32.39528],[-84.90372,32.39611],[-84.90014,32.40207],[-84.89905,32.40203],[-84.89806,32.4009],[-84.89508,32.3995],[-84.89247,32.40104],[-84.89004,32.40146],[-84.88774,32.40518],[-84.88502,32.40582],[-84.88408,32.40648],[-84.8822,32.41046],[-84.87793,32.41118],[-84.8747,32.41277],[-84.87308,32.41274],[-84.87142,32.41117],[-84.87037,32.41089],[-84.86601,32.41393],[-84.86411,32.41329],[-84.86035,32.41416],[-84.85543,32.41446],[-84.85321,32.41269],[-84.85196,32.41232],[-84.85105,32.41253],[-84.84934,32.41426],[-84.84777,32.4149],[-84.84466,32.41328],[-84.83778,32.41328],[-84.83518,32.41163],[-84.83433,32.41237],[-84.83431,32.41374],[-84.8333,32.41419],[-84.83258,32.41418],[-84.83135,32.4131],[-84.82873,32.41413],[-84.82633,32.41278],[-84.82313,32.4141],[-84.82089,32.41309],[-84.81895,32.41282],[-84.81638,32.4144],[-84.81415,32.4145],[-84.81332,32.41579],[-84.81135,32.41611],[-84.81068,32.41762],[-84.81151,32.41902],[-84.81135,32.42001],[-84.8109,32.42054],[-84.80943,32.42086],[-84.8078,32.42254],[-84.807,32.42259],[-84.80585,32.42202],[-84.80644,32.42048],[-84.80517,32.41891],[-84.80172,32.41717],[-84.79956,32.41678],[-84.79693,32.4145],[-84.79265,32.41387],[-84.79009,32.4155],[-84.79023,32.41669],[-84.7913,32.41733],[-84.79129,32.41778],[-84.78975,32.41829],[-84.78681,32.41752],[-84.78551,32.41971],[-84.78329,32.41961],[-84.78297,32.4204],[-84.78388,32.42131],[-84.78245,32.42189],[-84.78185,32.42282],[-84.78087,32.42251],[-84.78058,32.42293],[-84.78071,32.42338],[-84.78234,32.424],[-84.78191,32.42485],[-84.77951,32.42366],[-84.77929,32.42474],[-84.77829,32.42491],[-84.77772,32.4243],[-84.77833,32.42334],[-84.77815,32.42253],[-84.77737,32.42216],[-84.77577,32.42264],[-84.77282,32.42114],[-84.771,32.42213],[-84.76943,32.42232],[-84.76879,32.42099],[-84.76796,32.42049],[-84.76802,32.42302],[-84.77014,32.42354],[-84.76953,32.42488],[-84.76994,32.42598],[-84.76678,32.42917],[-84.76681,32.43144],[-84.76629,32.43314],[-84.76669,32.43493],[-84.76572,32.4355],[-84.76274,32.43534],[-84.76066,32.43667],[-84.7594,32.44154],[-84.75709,32.44283],[-84.75647,32.44653],[-84.75468,32.44702],[-84.75439,32.44867],[-84.75641,32.44997],[-84.75628,32.45109],[-84.75468,32.45248],[-84.75458,32.45342],[-84.75383,32.45433],[-84.75178,32.45475],[-84.75167,32.45758],[-84.74898,32.45782],[-84.74474,32.4592],[-84.74523,32.46016],[-84.74696,32.46025],[-84.74639,32.46151],[-84.74642,32.46291],[-84.74437,32.46394],[-84.74315,32.46545],[-84.74264,32.46703],[-84.74332,32.47181],[-84.74243,32.47264],[-84.74002,32.47337],[-84.73986,32.4745],[-84.74092,32.47566],[-84.74059,32.47678],[-84.73932,32.47702],[-84.7374,32.47828],[-84.73686,32.47928],[-84.73819,32.47894],[-84.73865,32.47924],[-84.73854,32.47981],[-84.73557,32.48118],[-84.73619,32.48283],[-84.73498,32.48258],[-84.73441,32.48302],[-84.73501,32.48496],[-84.73371,32.48561],[-84.73449,32.48645],[-84.73409,32.48744],[-84.73474,32.48822],[-84.73333,32.4895],[-84.73312,32.49051],[-84.73141,32.49051],[-84.73093,32.49353],[-84.72917,32.49374],[-84.7299,32.49548],[-84.72931,32.49729],[-84.73079,32.49836],[-84.72955,32.49857],[-84.72909,32.49923],[-84.72793,32.49912],[-84.72718,32.49972],[-84.72729,32.50051],[-84.72553,32.50084],[-84.72542,32.5018],[-84.72429,32.50235],[-84.72453,32.50398],[-84.72507,32.50473],[-84.72597,32.50482],[-84.72462,32.50744],[-84.72318,32.50801],[-84.72307,32.50643],[-84.72275,32.50643],[-84.72051,32.50783],[-84.71916,32.5073],[-84.71851,32.50801],[-84.71694,32.50817],[-84.7161,32.50915],[-84.71359,32.50975],[-84.71348,32.51163],[-84.70978,32.51376],[-84.708,32.5158],[-84.70448,32.51628],[-84.70373,32.51733],[-84.7024,32.51749],[-84.70181,32.51878],[-84.69451,32.51873],[-84.68991,32.52132],[-84.68805,32.52354],[-84.6867,32.52759],[-84.67997,32.53153],[-84.67956,32.53272],[-84.67845,32.53366],[-84.6784,32.53435],[-84.67945,32.53561],[-84.67972,32.53739],[-84.67929,32.53943],[-84.67935,32.54493],[-84.67594,32.5479],[-84.67664,32.55003],[-84.67645,32.55074],[-84.67453,32.55258],[-84.67485,32.55484],[-84.67431,32.55661],[-84.6718,32.55778],[-84.6705,32.55986],[-84.67047,32.56167],[-84.66746,32.56395],[-84.69466,32.5637],[-84.6946,32.58394],[-84.74993,32.58322],[-84.90788,32.58343],[-84.90769,32.60761],[-84.99817,32.60754],[-85.08078,32.60807],[-85.08046,32.60407],[-85.07936,32.60215],[-85.07786,32.59758],[-85.07459,32.5915],[-85.06958,32.58393],[-85.06753,32.57955],[-85.0639,32.57911],[-85.06198,32.57825],[-85.0579,32.57465],[-85.05669,32.57331],[-85.05693,32.57124],[-85.05027,32.56518],[-85.04998,32.56435],[-85.04806,32.56391],[-85.04547,32.56172],[-85.04461,32.5595],[-85.04486,32.55771],[-85.04366,32.55652],[-85.04262,32.5558],[-85.03982,32.55611],[-85.03899,32.55582],[-85.03816,32.55441],[-85.03573,32.55396],[-85.03494,32.55217],[-85.03347,32.55089],[-85.03304,32.54695],[-85.03139,32.54417],[-85.02619,32.54484],[-85.02365,32.54295],[-85.0208,32.54276],[-85.02204,32.54083],[-85.02204,32.54004],[-85.02024,32.53475],[-85.01853,32.5344],[-85.01817,32.53352],[-85.01526,32.53111],[-85.01488,32.53014],[-85.01581,32.52843],[-85.01441,32.52657],[-85.0084,32.52488],[-85.0071,32.52387],[-85.00648,32.52241],[-85.00638,32.51849],[-85.00343,32.51664]]]}},{"type":"Feature","properties":{"name":"Newton"},"geometry":{"type":"Polygon","coordinates":[[[-84.05522,33.51867],[-84.0543,33.51474],[-84.05166,33.51128],[-84.0502,33.5108],[-84.04866,33.51131],[-84.04826,33.51202],[-84.049,33.51372],[-84.05083,33.51544],[-84.05054,33.51653],[-84.04639,33.51791],[-84.04443,33.52026],[-84.04295,33.51988],[-84.04184,33.51822],[-84.04296,33.51481],[-84.04333,33.51201],[-84.043,33.50978],[-84.04201,33.50937],[-84.03993,33.50982],[-84.0356,33.50905],[-84.03413,33.50375],[-84.03084,33.50137],[-84.03002,33.5001],[-84.03168,33.49778],[-84.03691,33.49705],[-84.03725,33.49585],[-84.03529,33.49565],[-84.03003,33.49337],[-84.02805,33.49151],[-84.02732,33.49189],[-84.02646,33.49582],[-84.02572,33.49658],[-84.02301,33.49644],[-84.0159,33.49807],[-84.0153,33.49773],[-84.01404,33.49454],[-84.01217,33.49218],[-84.00945,33.49314],[-84.0049,33.49335],[-84.00031,33.49434],[-83.99142,33.49283],[-83.98772,33.49093],[-83.98576,33.48799],[-83.98354,33.48874],[-83.98162,33.48712],[-83.98026,33.48699],[-83.97645,33.48882],[-83.9747,33.48696],[-83.9747,33.48425],[-83.97407,33.48351],[-83.97309,33.48376],[-83.97137,33.48609],[-83.96936,33.48681],[-83.96725,33.48614],[-83.96469,33.48672],[-83.96086,33.48505],[-83.95852,33.48482],[-83.95541,33.48373],[-83.95076,33.48567],[-83.949,33.48559],[-83.94636,33.48273],[-83.94788,33.47793],[-83.94775,33.47674],[-83.9452,33.47396],[-83.94456,33.47153],[-83.94074,33.47024],[-83.93782,33.46783],[-83.93571,33.46292],[-83.93516,33.46015],[-83.93144,33.45741],[-83.93198,33.45467],[-83.93069,33.45363],[-83.92917,33.45381],[-83.92255,33.45058],[-83.92385,33.44866],[-83.92489,33.44571],[-83.92193,33.44127],[-83.91883,33.43886],[-83.91999,33.43606],[-83.91981,33.43447],[-83.91883,33.43422],[-83.91631,33.43636],[-83.91516,33.43622],[-83.91515,33.43524],[-83.91617,33.43335],[-83.91422,33.43044],[-83.9152,33.42728],[-83.91128,33.42649],[-83.91037,33.42568],[-83.91084,33.42377],[-83.91227,33.42173],[-83.91273,33.41932],[-83.91252,33.41775],[-83.91009,33.41828],[-83.90829,33.41783],[-83.90656,33.41605],[-83.90635,33.4143],[-83.90519,33.41288],[-83.903,33.41226],[-83.90042,33.41072],[-83.89805,33.41029],[-83.89541,33.40794],[-83.89511,33.4073],[-83.8959,33.40202],[-83.89508,33.39673],[-83.89359,33.39487],[-83.88618,33.39141],[-83.88136,33.39108],[-83.87878,33.38979],[-83.87726,33.38594],[-83.87764,33.38367],[-83.87485,33.37944],[-83.87329,33.37804],[-83.86891,33.3773],[-83.86562,33.37772],[-83.86441,33.37719],[-83.86432,33.37567],[-83.8666,33.3726],[-83.86438,33.37085],[-83.86306,33.36828],[-83.85912,33.36874],[-83.85394,33.36724],[-83.85458,33.36966],[-83.85692,33.37188],[-83.85143,33.37278],[-83.8474,33.3745],[-83.84716,33.37505],[-83.84793,33.37642],[-83.84629,33.37978],[-83.84515,33.38138],[-83.84154,33.38461],[-83.83825,33.38959],[-83.83102,33.39346],[-83.83309,33.39584],[-83.83995,33.39953],[-83.84254,33.40258],[-83.84375,33.40492],[-83.83697,33.40504],[-83.83688,33.40788],[-83.84502,33.40775],[-83.84521,33.41472],[-83.82816,33.41503],[-83.83068,33.41884],[-83.83087,33.42152],[-83.83048,33.42204],[-83.8287,33.42243],[-83.82837,33.42612],[-83.82613,33.42826],[-83.82632,33.43029],[-83.82348,33.43339],[-83.82366,33.43479],[-83.82503,33.43674],[-83.82421,33.43781],[-83.82267,33.4379],[-83.82097,33.43632],[-83.81945,33.43702],[-83.8172,33.43624],[-83.81627,33.43671],[-83.8122,33.43466],[-83.80838,33.43634],[-83.80737,33.44083],[-83.79195,33.44637],[-83.77128,33.45249],[-83.76951,33.45465],[-83.76769,33.45544],[-83.7632,33.45895],[-83.73669,33.48086],[-83.70474,33.48852],[-83.70951,33.49219],[-83.71228,33.4951],[-83.70527,33.5009],[-83.70322,33.49795],[-83.70103,33.4983],[-83.69711,33.49482],[-83.69654,33.49325],[-83.69472,33.49191],[-83.69264,33.48914],[-83.6889,33.48585],[-83.68917,33.48453],[-83.6876,33.48312],[-83.68335,33.48285],[-83.67904,33.4839],[-83.67842,33.48364],[-83.67464,33.48722],[-83.6831,33.49443],[-83.68314,33.49678],[-83.68446,33.50173],[-83.68659,33.50627],[-83.68595,33.5085],[-83.68814,33.51071],[-83.6822,33.52622],[-83.67764,33.57155],[-83.68109,33.57574],[-83.68144,33.57791],[-83.68191,33.57774],[-83.683,33.57938],[-83.68439,33.57957],[-83.68707,33.58228],[-83.68577,33.58501],[-83.68602,33.58668],[-83.68683,33.58728],[-83.68739,33.58856],[-83.6809,33.59692],[-83.69941,33.60944],[-83.69155,33.61699],[-83.73435,33.64564],[-83.75829,33.64635],[-83.91482,33.7442],[-83.91487,33.7431],[-83.91561,33.74229],[-83.91496,33.741],[-83.91518,33.73933],[-83.91753,33.73711],[-83.9173,33.73416],[-83.91606,33.73118],[-83.91832,33.72737],[-83.91825,33.72491],[-83.9187,33.72376],[-83.91797,33.72112],[-83.9154,33.71856],[-83.91665,33.7164],[-83.91431,33.71474],[-83.91424,33.7135],[-83.91325,33.71258],[-83.91458,33.71068],[-83.916,33.71029],[-83.91759,33.70832],[-83.91966,33.7089],[-83.92305,33.71115],[-83.92411,33.71112],[-83.92524,33.71018],[-83.9246,33.70787],[-83.92552,33.70623],[-83.92391,33.70389],[-83.92269,33.69784],[-83.92064,33.6941],[-83.92038,33.69146],[-83.91812,33.68949],[-83.9204,33.68558],[-83.92214,33.68552],[-83.92258,33.68509],[-83.92253,33.68374],[-83.9232,33.68279],[-83.92252,33.68146],[-83.92463,33.68089],[-83.9231,33.67897],[-83.92363,33.67472],[-83.92309,33.67385],[-83.92576,33.66462],[-83.92992,33.65889],[-83.92998,33.65518],[-83.93086,33.65182],[-84.01045,33.56356],[-84.00337,33.56353],[-84.00328,33.55488],[-84.01065,33.55494],[-84.01068,33.56331],[-84.04438,33.52594],[-84.04503,33.52472],[-84.04801,33.52267],[-84.0541,33.52011],[-84.05522,33.51867]]]}},{"type":"Feature","properties":{"name":"Oconee"},"geometry":{"type":"Polygon","coordinates":[[[-83.64703,33.9062],[-83.64477,33.9048],[-83.64307,33.90489],[-83.64207,33.90582],[-83.6442,33.90633],[-83.64425,33.90694],[-83.64236,33.90701],[-83.64011,33.9083],[-83.63885,33.90831],[-83.63725,33.90432],[-83.6358,33.90459],[-83.63534,33.90209],[-83.63338,33.90105],[-83.63341,33.89994],[-83.63264,33.89965],[-83.63135,33.89749],[-83.63155,33.8962],[-83.63092,33.89519],[-83.63049,33.89219],[-83.63171,33.89125],[-83.63101,33.89083],[-83.63057,33.8868],[-83.62643,33.88493],[-83.6255,33.88564],[-83.62211,33.88469],[-83.61923,33.88552],[-83.61797,33.88355],[-83.61621,33.88297],[-83.61523,33.88332],[-83.61308,33.88231],[-83.61258,33.88161],[-83.60891,33.88114],[-83.60445,33.8817],[-83.60265,33.88365],[-83.60204,33.88342],[-83.6021,33.88207],[-83.60119,33.88164],[-83.6,33.88146],[-83.59841,33.8824],[-83.59628,33.88284],[-83.59512,33.88162],[-83.59372,33.8813],[-83.59054,33.88147],[-83.58646,33.88328],[-83.58376,33.88385],[-83.58231,33.88185],[-83.5843,33.8801],[-83.58411,33.87828],[-83.58495,33.87828],[-83.58619,33.87697],[-83.58614,33.87494],[-83.58706,33.87354],[-83.58735,33.8718],[-83.58733,33.86764],[-83.59007,33.8647],[-83.59062,33.86336],[-83.58903,33.86193],[-83.58855,33.86223],[-83.58817,33.86451],[-83.58686,33.86336],[-83.58506,33.86449],[-83.58276,33.86285],[-83.58158,33.85991],[-83.57937,33.85887],[-83.57472,33.85421],[-83.57414,33.85277],[-83.57477,33.85096],[-83.57465,33.849],[-83.57365,33.84852],[-83.57326,33.84741],[-83.57141,33.84652],[-83.56964,33.847],[-83.56587,33.8468],[-83.56393,33.84472],[-83.56262,33.84418],[-83.56178,33.84248],[-83.55536,33.83905],[-83.55338,33.83873],[-83.55109,33.83648],[-83.54949,33.83588],[-83.54705,33.83364],[-83.5434,33.83277],[-83.5428,33.83131],[-83.53275,33.82558],[-83.53138,33.82427],[-83.53123,33.82324],[-83.53303,33.8227],[-83.53377,33.82177],[-83.53334,33.82096],[-83.52921,33.82119],[-83.52438,33.81993],[-83.52168,33.81819],[-83.52013,33.81967],[-83.51742,33.81651],[-83.51589,33.81778],[-83.51253,33.81667],[-83.5106,33.81538],[-83.51005,33.81555],[-83.50996,33.81722],[-83.50919,33.81771],[-83.50633,33.81788],[-83.50394,33.81653],[-83.50256,33.81733],[-83.50105,33.8167],[-83.50211,33.81495],[-83.50159,33.81332],[-83.50112,33.81328],[-83.50069,33.81427],[-83.49915,33.81455],[-83.49631,33.81278],[-83.4958,33.81049],[-83.49372,33.80938],[-83.49255,33.80742],[-83.49304,33.806],[-83.49262,33.8052],[-83.49107,33.80614],[-83.48956,33.8046],[-83.48764,33.8047],[-83.48575,33.80727],[-83.48331,33.80572],[-83.48328,33.80257],[-83.48015,33.80268],[-83.47952,33.80227],[-83.47999,33.80155],[-83.48174,33.80147],[-83.48296,33.79996],[-83.48162,33.79724],[-83.47977,33.79668],[-83.47688,33.79867],[-83.47527,33.79841],[-83.47582,33.79608],[-83.47778,33.79603],[-83.47858,33.79227],[-83.47791,33.79149],[-83.47498,33.79076],[-83.47328,33.78962],[-83.47429,33.78707],[-83.47076,33.78443],[-83.47064,33.78018],[-83.46585,33.77599],[-83.46501,33.77456],[-83.46171,33.774],[-83.46147,33.77238],[-83.46023,33.77023],[-83.45816,33.76848],[-83.45952,33.7655],[-83.45831,33.76321],[-83.45609,33.76093],[-83.4558,33.75953],[-83.45473,33.7586],[-83.45556,33.75733],[-83.45361,33.75054],[-83.45362,33.74883],[-83.45227,33.74741],[-83.4513,33.74783],[-83.45057,33.74734],[-83.4515,33.74482],[-83.45124,33.74366],[-83.45272,33.74267],[-83.45278,33.74215],[-83.45156,33.74144],[-83.4519,33.73846],[-83.45036,33.73478],[-83.44972,33.73401],[-83.44766,33.73368],[-83.44688,33.73311],[-83.44672,33.73037],[-83.44512,33.7263],[-83.44532,33.7226],[-83.44337,33.72198],[-83.43992,33.71917],[-83.43699,33.71957],[-83.43456,33.71922],[-83.4333,33.71721],[-83.43121,33.71549],[-83.42961,33.71543],[-83.42813,33.71621],[-83.42562,33.7161],[-83.42401,33.7154],[-83.42352,33.71478],[-83.42429,33.71353],[-83.42416,33.71274],[-83.41946,33.70919],[-83.41888,33.7072],[-83.41922,33.70602],[-83.41805,33.70442],[-83.41738,33.70434],[-83.41628,33.70515],[-83.41549,33.70436],[-83.4139,33.70425],[-83.41267,33.70325],[-83.41175,33.70363],[-83.40896,33.7016],[-83.40847,33.7],[-83.40619,33.69831],[-83.29145,33.73431],[-83.29447,33.73781],[-83.29705,33.73794],[-83.29739,33.73906],[-83.2961,33.74328],[-83.29147,33.74531],[-83.29143,33.75034],[-83.29092,33.75134],[-83.28925,33.75253],[-83.28466,33.75309],[-83.28288,33.7548],[-83.28388,33.75667],[-83.28259,33.75949],[-83.28034,33.75953],[-83.28034,33.76177],[-83.28103,33.76412],[-83.285,33.77039],[-83.28414,33.77628],[-83.28217,33.78058],[-83.28084,33.78236],[-83.28082,33.78318],[-83.282,33.78539],[-83.28321,33.78661],[-83.28247,33.78807],[-83.28293,33.78898],[-83.28552,33.79026],[-83.28905,33.79119],[-83.2913,33.79392],[-83.29274,33.79663],[-83.29425,33.79786],[-83.29478,33.80256],[-83.29423,33.80494],[-83.29433,33.80701],[-83.29212,33.80955],[-83.29236,33.81035],[-83.2968,33.81292],[-83.29835,33.81334],[-83.30258,33.81235],[-83.3045,33.81117],[-83.30662,33.81144],[-83.27593,33.84798],[-83.2816,33.84886],[-83.28377,33.84996],[-83.2873,33.85036],[-83.28903,33.85134],[-83.29476,33.85052],[-83.30226,33.85044],[-83.30624,33.85158],[-83.30888,33.85407],[-83.31304,33.85566],[-83.31987,33.85455],[-83.32423,33.85477],[-83.3265,33.85548],[-83.32539,33.85783],[-83.32779,33.86015],[-83.32475,33.8615],[-83.32402,33.86455],[-83.32787,33.86918],[-83.33215,33.87128],[-83.33479,33.87149],[-83.33809,33.87374],[-83.34438,33.87526],[-83.34572,33.87865],[-83.35015,33.87724],[-83.35246,33.87729],[-83.35289,33.87686],[-83.35213,33.8754],[-83.35281,33.87469],[-83.35699,33.87464],[-83.35995,33.87557],[-83.36119,33.87697],[-83.36106,33.87955],[-83.36151,33.88066],[-83.36374,33.88258],[-83.36408,33.88466],[-83.36537,33.88589],[-83.36624,33.88779],[-83.37074,33.88678],[-83.3727,33.88531],[-83.37341,33.88559],[-83.37659,33.89039],[-83.37847,33.89109],[-83.37903,33.89301],[-83.38187,33.89371],[-83.38491,33.89545],[-83.38452,33.89651],[-83.38229,33.89748],[-83.38247,33.89839],[-83.39081,33.89997],[-83.39347,33.90229],[-83.39379,33.9064],[-83.3943,33.90757],[-83.39765,33.90904],[-83.39843,33.91001],[-83.40222,33.91116],[-83.40292,33.91308],[-83.40488,33.91275],[-83.40424,33.91324],[-83.4063,33.91412],[-83.4056,33.91484],[-83.40618,33.9159],[-83.40804,33.91545],[-83.40804,33.91649],[-83.41106,33.91818],[-83.41312,33.91737],[-83.4141,33.9183],[-83.41551,33.91854],[-83.41744,33.92101],[-83.42021,33.92239],[-83.41998,33.92313],[-83.41888,33.9238],[-83.42193,33.92705],[-83.42572,33.9262],[-83.4276,33.92657],[-83.4292,33.92563],[-83.43067,33.92613],[-83.43228,33.9243],[-83.43445,33.9238],[-83.43541,33.92273],[-83.43835,33.92246],[-83.44283,33.92338],[-83.44494,33.92473],[-83.44804,33.92568],[-83.44957,33.92565],[-83.45002,33.92463],[-83.454,33.92433],[-83.461,33.92662],[-83.46399,33.92593],[-83.46672,33.92623],[-83.46857,33.92838],[-83.46852,33.93061],[-83.46921,33.93113],[-83.4716,33.93021],[-83.47265,33.92927],[-83.47529,33.92889],[-83.48071,33.92973],[-83.48343,33.93122],[-83.48721,33.93125],[-83.49168,33.93245],[-83.49581,33.93023],[-83.4985,33.93102],[-83.5022,33.93111],[-83.5039,33.93033],[-83.50831,33.9312],[-83.53738,33.96591],[-83.64703,33.9062]]]}},{"type":"Feature","properties":{"name":"Oglethorpe"},"geometry":{"type":"Polygon","coordinates":[[[-82.94679,33.84267],[-82.9449,33.84628],[-82.94255,33.84664],[-82.94255,33.84878],[-82.94198,33.8493],[-82.93874,33.84943],[-82.93637,33.84877],[-82.9329,33.84971],[-82.93173,33.84905],[-82.92736,33.85119],[-82.92528,33.85289],[-82.9243,33.85481],[-82.92221,33.85649],[-82.92128,33.85867],[-82.92134,33.85966],[-82.92036,33.86103],[-82.92032,33.86331],[-82.91913,33.86414],[-82.91842,33.86546],[-82.91861,33.86668],[-82.91762,33.86823],[-82.91764,33.86922],[-82.91443,33.87348],[-82.91256,33.87698],[-82.90991,33.87765],[-82.90479,33.88053],[-82.90209,33.88419],[-82.89615,33.89034],[-82.89494,33.89328],[-82.89008,33.89649],[-82.88957,33.89923],[-82.88607,33.90489],[-82.88631,33.90628],[-82.88752,33.90791],[-82.88533,33.90902],[-82.88518,33.90987],[-82.88376,33.91127],[-82.88376,33.91246],[-82.88232,33.91219],[-82.88227,33.9127],[-82.88017,33.91379],[-82.87927,33.915],[-82.87691,33.91551],[-82.87505,33.91828],[-82.87546,33.91893],[-82.87465,33.92016],[-82.87445,33.9219],[-82.87312,33.92266],[-82.87212,33.92203],[-82.87107,33.92214],[-82.86734,33.92481],[-82.86611,33.9251],[-82.86524,33.92608],[-82.86343,33.92614],[-82.86287,33.92681],[-82.86149,33.92645],[-82.86071,33.92778],[-82.85555,33.92749],[-82.85446,33.92872],[-82.85375,33.93057],[-82.85446,33.93265],[-82.85375,33.93271],[-82.85282,33.93475],[-82.85054,33.93469],[-82.85048,33.93583],[-82.8511,33.93687],[-82.85055,33.93713],[-82.84979,33.93655],[-82.84898,33.93669],[-82.8487,33.93817],[-82.84783,33.9389],[-82.8487,33.93935],[-82.8487,33.93986],[-82.84669,33.94064],[-82.8448,33.93961],[-82.84353,33.94033],[-82.84169,33.93961],[-82.83743,33.94015],[-82.83554,33.93957],[-82.83292,33.94065],[-82.83155,33.94194],[-82.82951,33.94163],[-82.82846,33.94075],[-82.82759,33.9412],[-82.82539,33.94087],[-82.82441,33.94228],[-82.82322,33.94236],[-82.82273,33.94381],[-82.82207,33.94428],[-82.81998,33.94474],[-82.81937,33.94365],[-82.81824,33.94339],[-82.81781,33.94434],[-82.81573,33.94506],[-82.81659,33.94549],[-82.81616,33.94605],[-82.81478,33.94605],[-82.81195,33.94497],[-82.80871,33.94587],[-82.80692,33.94825],[-82.80737,33.94929],[-82.80717,33.95024],[-82.80572,33.95082],[-82.80511,33.94999],[-82.80351,33.95013],[-82.80287,33.95066],[-82.80167,33.95015],[-82.80103,33.95078],[-82.79903,33.95069],[-82.79729,33.94965],[-82.79451,33.94947],[-82.79378,33.94867],[-82.79138,33.95296],[-82.78858,33.95435],[-82.78823,33.9568],[-82.78662,33.95775],[-82.78366,33.95839],[-82.7843,33.95957],[-82.78248,33.96204],[-82.78243,33.96417],[-82.78063,33.96483],[-82.78105,33.96639],[-82.78038,33.96717],[-82.78147,33.96884],[-82.77951,33.97112],[-82.78582,33.97239],[-82.79832,33.97802],[-82.80696,33.97959],[-82.80953,33.98072],[-82.81352,33.9816],[-82.81888,33.98606],[-82.82072,33.98592],[-82.82459,33.98438],[-82.82575,33.9845],[-82.82859,33.98655],[-82.83116,33.98916],[-82.83505,33.99084],[-82.83725,33.99269],[-82.83853,33.99199],[-82.84005,33.99289],[-82.84096,33.99207],[-82.84185,33.98994],[-82.84204,33.98598],[-82.84165,33.98465],[-82.84302,33.9837],[-82.85137,33.98215],[-82.85789,33.98386],[-82.86359,33.98304],[-82.86448,33.98397],[-82.86591,33.98904],[-82.86691,33.99054],[-82.87053,33.99316],[-82.87928,33.99517],[-82.88031,33.99677],[-82.88075,33.99957],[-82.88164,34.0006],[-82.8832,34.00114],[-82.88494,34.00018],[-82.88647,34.00014],[-82.89322,34.00234],[-82.90185,34.00318],[-82.90611,34.00444],[-82.90673,34.0054],[-82.90671,34.00789],[-82.90501,34.01114],[-82.90583,34.01192],[-82.91104,34.01172],[-82.91618,34.01249],[-82.91672,34.0118],[-82.91653,34.01069],[-82.91457,34.00765],[-82.91725,34.00621],[-82.91836,34.00679],[-82.92127,34.0101],[-82.92242,34.01018],[-82.9244,34.0081],[-82.92722,34.00731],[-82.92812,34.00798],[-82.92934,34.01059],[-82.93426,34.0136],[-82.93802,34.01503],[-82.94199,34.01459],[-82.94265,34.01655],[-82.94276,34.02],[-82.94385,34.0228],[-82.93999,34.02412],[-82.93795,34.0258],[-82.93526,34.02533],[-82.93366,34.02627],[-82.93412,34.02745],[-82.93642,34.02819],[-82.94156,34.02737],[-82.94314,34.02758],[-82.94791,34.03282],[-82.94975,34.03565],[-82.95381,34.03817],[-82.95547,34.03796],[-82.95747,34.03584],[-82.95963,34.03531],[-82.96148,34.03545],[-82.9628,34.03629],[-82.96398,34.03904],[-82.96561,34.04054],[-82.97405,34.0419],[-82.97651,34.04327],[-82.98182,34.04307],[-82.98354,34.04206],[-82.98531,34.04191],[-82.98552,34.04061],[-82.98349,34.03856],[-82.98421,34.03736],[-82.9845,34.03539],[-82.98711,34.03589],[-82.9883,34.03716],[-82.99014,34.0381],[-82.99081,34.03503],[-82.99205,34.03485],[-82.9935,34.03563],[-82.99471,34.0355],[-82.99658,34.03404],[-83.0009,34.0319],[-83.00183,34.03079],[-83.00623,34.031],[-83.00832,34.03164],[-83.01086,34.03108],[-83.01302,34.03365],[-83.01492,34.03503],[-83.01653,34.03268],[-83.02019,34.03259],[-83.0202,34.02973],[-83.02076,34.02889],[-83.02933,34.03088],[-83.03106,34.02684],[-83.03187,34.02598],[-83.03407,34.02566],[-83.03646,34.0264],[-83.03798,34.02621],[-83.04253,34.0214],[-83.04672,34.0181],[-83.04849,34.01574],[-83.04935,34.01607],[-83.053,34.01952],[-83.0566,34.01867],[-83.06206,34.01916],[-83.06472,34.02196],[-83.0658,34.02403],[-83.06892,34.0238],[-83.07044,34.02498],[-83.07068,34.02658],[-83.07133,34.02714],[-83.0735,34.02651],[-83.07529,34.02683],[-83.07638,34.02495],[-83.07725,34.02497],[-83.07916,34.02676],[-83.08081,34.02742],[-83.08171,34.02892],[-83.08385,34.02846],[-83.09027,34.03225],[-83.09078,34.03386],[-83.09058,34.03476],[-83.09101,34.03496],[-83.09199,34.0339],[-83.09188,34.03204],[-83.09233,34.03093],[-83.09488,34.02888],[-83.09513,34.02712],[-83.09766,34.02794],[-83.09792,34.02918],[-83.09906,34.02834],[-83.10088,34.02579],[-83.10023,34.02485],[-83.10097,34.02479],[-83.10444,34.02651],[-83.10503,34.02805],[-83.10753,34.0282],[-83.10865,34.02928],[-83.10956,34.03205],[-83.10973,34.03455],[-83.10938,34.03527],[-83.11183,34.03756],[-83.11325,34.03792],[-83.11507,34.037],[-83.11536,34.03891],[-83.12104,34.04244],[-83.12431,34.04392],[-83.12433,34.0448],[-83.1236,34.04597],[-83.12413,34.04764],[-83.12624,34.04619],[-83.13093,34.04466],[-83.13511,34.04474],[-83.13536,34.04391],[-83.13898,34.04287],[-83.14673,34.03921],[-83.1548,34.03655],[-83.16404,34.03468],[-83.17337,34.02775],[-83.18113,34.02071],[-83.18234,34.02004],[-83.18602,34.01953],[-83.18768,34.01821],[-83.19297,34.01056],[-83.20024,34.00793],[-83.212,34.00277],[-83.21638,34.00202],[-83.21945,34.00059],[-83.22191,34.00071],[-83.22233,34.00138],[-83.22217,34.00544],[-83.22335,34.0079],[-83.225,34.00957],[-83.22648,34.00827],[-83.22772,34.00835],[-83.2286,34.00917],[-83.22976,34.0091],[-83.23247,34.01049],[-83.23466,34.0118],[-83.23593,34.01326],[-83.23701,34.01356],[-83.25826,33.99894],[-83.26197,33.99835],[-83.26899,34.0006],[-83.26918,33.98167],[-83.27556,33.97751],[-83.27088,33.97562],[-83.26741,33.97226],[-83.26623,33.97032],[-83.2656,33.96812],[-83.26573,33.96379],[-83.26702,33.96102],[-83.26955,33.95797],[-83.27411,33.95555],[-83.27915,33.95465],[-83.2776,33.94647],[-83.27542,33.9422],[-83.24086,33.90443],[-83.27551,33.84848],[-83.30662,33.81144],[-83.3045,33.81117],[-83.30258,33.81235],[-83.29835,33.81334],[-83.2968,33.81292],[-83.29222,33.81019],[-83.29227,33.80931],[-83.29361,33.8083],[-83.29433,33.80701],[-83.29423,33.80494],[-83.29478,33.80256],[-83.29425,33.79786],[-83.29274,33.79663],[-83.2913,33.79392],[-83.28905,33.79119],[-83.28365,33.78951],[-83.28253,33.7884],[-83.28321,33.78661],[-83.282,33.78539],[-83.28078,33.78264],[-83.28414,33.77628],[-83.285,33.77039],[-83.28127,33.76466],[-83.28066,33.7619],[-83.11873,33.69882],[-83.04914,33.71556],[-83.04825,33.71415],[-83.0459,33.71266],[-83.04302,33.71186],[-83.04086,33.71067],[-83.03753,33.70634],[-83.03438,33.70552],[-83.03015,33.70148],[-83.02611,33.70087],[-83.02393,33.69724],[-83.01909,33.69294],[-83.01564,33.6912],[-83.01028,33.69101],[-83.00788,33.68987],[-83.0052,33.69138],[-83.00141,33.69201],[-82.99863,33.69387],[-82.99687,33.69408],[-82.9956,33.69358],[-82.99474,33.69516],[-82.99211,33.69768],[-82.99215,33.69899],[-82.99321,33.7014],[-82.99127,33.70234],[-82.98863,33.70657],[-82.98242,33.71067],[-82.97999,33.71092],[-82.94905,33.73333],[-82.96002,33.75181],[-82.98729,33.78071],[-82.98566,33.78171],[-82.98476,33.78384],[-82.98484,33.78436],[-82.98632,33.78541],[-82.98619,33.78583],[-82.98494,33.78715],[-82.98311,33.78734],[-82.98265,33.78842],[-82.98158,33.78854],[-82.98046,33.78941],[-82.98013,33.79101],[-82.97921,33.79224],[-82.97889,33.79481],[-82.97747,33.7958],[-82.97657,33.80207],[-82.97277,33.8035],[-82.97143,33.80509],[-82.96953,33.80543],[-82.96888,33.80603],[-82.96856,33.80746],[-82.9658,33.8096],[-82.96304,33.8103],[-82.96084,33.81172],[-82.96085,33.81246],[-82.95983,33.81371],[-82.95951,33.81672],[-82.95813,33.81756],[-82.95859,33.8182],[-82.9581,33.81852],[-82.95817,33.81956],[-82.95597,33.82193],[-82.9552,33.82442],[-82.95644,33.82626],[-82.95376,33.82871],[-82.95381,33.83067],[-82.95257,33.83307],[-82.9499,33.83505],[-82.94881,33.83719],[-82.94896,33.83916],[-82.94679,33.84267]]]}},{"type":"Feature","properties":{"name":"Paulding"},"geometry":{"type":"Polygon","coordinates":[[[-84.96941,33.97353],[-84.97868,33.95139],[-85.04983,33.95263],[-85.05031,33.90449],[-85.03668,33.90433],[-85.03736,33.85117],[-85.03786,33.84143],[-85.03793,33.81189],[-85.00435,33.80557],[-84.99555,33.80463],[-84.98587,33.80227],[-84.9712,33.79962],[-84.91863,33.78633],[-84.90169,33.7807],[-84.87915,33.77476],[-84.83271,33.77602],[-84.8327,33.77852],[-84.79985,33.77991],[-84.80026,33.78225],[-84.7638,33.78734],[-84.75469,33.78712],[-84.75067,33.78774],[-84.74144,33.78772],[-84.74135,33.78857],[-84.72412,33.7886],[-84.72393,33.81699],[-84.72503,33.81699],[-84.72474,33.86693],[-84.72401,33.90865],[-84.72343,33.91712],[-84.72383,33.91779],[-84.72394,33.92233],[-84.7228,33.94391],[-84.72298,33.94758],[-84.73958,33.94779],[-84.73894,34.0298],[-84.73783,34.08233],[-84.89684,34.0825],[-84.89694,34.0787],[-84.90994,34.0786],[-84.91004,34.0753],[-84.91336,34.0753],[-84.91444,34.0753],[-84.91433,34.08261],[-84.92274,34.0825],[-84.92874,34.0717],[-84.96941,33.97353]]]}},{"type":"Feature","properties":{"name":"Peach"},"geometry":{"type":"Polygon","coordinates":[[[-83.83722,32.64415],[-83.92012,32.58699],[-83.92975,32.58729],[-83.93051,32.58005],[-83.94536,32.56962],[-83.94524,32.55267],[-83.955,32.55274],[-83.95471,32.56305],[-83.9567,32.5618],[-84.00311,32.53019],[-84.00351,32.52916],[-84.00336,32.52689],[-84.00131,32.52407],[-84.00069,32.52102],[-84.00144,32.52058],[-84.00267,32.52132],[-84.00438,32.52098],[-84.00636,32.52181],[-84.00726,32.52297],[-84.0079,32.5229],[-84.00948,32.51922],[-84.00883,32.51593],[-84.01037,32.51497],[-84.01383,32.5149],[-84.01533,32.51374],[-84.01661,32.51174],[-84.01627,32.51005],[-84.01521,32.50974],[-84.01477,32.51085],[-84.01365,32.51074],[-84.01385,32.50917],[-84.01422,32.50864],[-84.0164,32.50821],[-84.01815,32.50641],[-83.98743,32.50609],[-83.98729,32.51434],[-83.97121,32.51425],[-83.97111,32.50593],[-83.93247,32.50569],[-83.93221,32.51164],[-83.92336,32.51135],[-83.92424,32.50353],[-83.93112,32.48374],[-83.92302,32.48326],[-83.92283,32.49743],[-83.9005,32.49698],[-83.89851,32.49535],[-83.89658,32.49452],[-83.89247,32.49414],[-83.88988,32.49454],[-83.88648,32.49374],[-83.88494,32.49205],[-83.8826,32.49197],[-83.88142,32.4907],[-83.87955,32.49052],[-83.87727,32.48933],[-83.87584,32.48608],[-83.87463,32.485],[-83.87341,32.48114],[-83.87209,32.47901],[-83.86515,32.47771],[-83.86334,32.47649],[-83.85988,32.47545],[-83.85537,32.47525],[-83.85105,32.47375],[-83.84938,32.47287],[-83.84768,32.46951],[-83.8455,32.46732],[-83.8442,32.46387],[-83.8419,32.46052],[-83.84044,32.46018],[-83.83905,32.46103],[-83.83782,32.46112],[-83.83723,32.46052],[-83.83444,32.45989],[-83.83259,32.45866],[-83.8291,32.45829],[-83.82778,32.45756],[-83.82764,32.43915],[-83.81712,32.43988],[-83.81715,32.44671],[-83.79771,32.44699],[-83.79769,32.49657],[-83.78775,32.49653],[-83.78731,32.51285],[-83.77791,32.51295],[-83.77801,32.50555],[-83.74901,32.50525],[-83.7487,32.53416],[-83.74816,32.53339],[-83.74507,32.53186],[-83.74263,32.5318],[-83.73897,32.52857],[-83.73616,32.52875],[-83.73349,32.52618],[-83.7328,32.52317],[-83.73184,32.52252],[-83.73044,32.52278],[-83.72953,32.52225],[-83.72785,32.52272],[-83.72727,32.5224],[-83.72694,32.5213],[-83.72314,32.52112],[-83.72189,32.52326],[-83.71986,32.53176],[-83.72005,32.58412],[-83.71931,32.5889],[-83.71922,32.59744],[-83.71903,32.59834],[-83.71438,32.60372],[-83.71273,32.61058],[-83.71871,32.61064],[-83.71863,32.63498],[-83.72818,32.63513],[-83.72807,32.65077],[-83.72777,32.65143],[-83.70915,32.6513],[-83.70891,32.67496],[-83.70437,32.67835],[-83.70198,32.68225],[-83.70104,32.68788],[-83.70109,32.6916],[-83.76679,32.69262],[-83.83722,32.64415]]]}},{"type":"Feature","properties":{"name":"Pickens"},"geometry":{"type":"Polygon","coordinates":[[[-84.43723,34.54935],[-84.46786,34.54997],[-84.46799,34.56349],[-84.4858,34.56327],[-84.48566,34.55671],[-84.47653,34.55665],[-84.47673,34.55013],[-84.50281,34.55048],[-84.50261,34.56368],[-84.51152,34.56365],[-84.51169,34.55675],[-84.52052,34.55667],[-84.52064,34.55096],[-84.52139,34.55046],[-84.57372,34.55073],[-84.57385,34.54946],[-84.61039,34.54955],[-84.65406,34.54895],[-84.65415,34.48796],[-84.65329,34.4632],[-84.64453,34.46299],[-84.64443,34.45579],[-84.65373,34.45579],[-84.65323,34.41259],[-84.58283,34.41219],[-84.58263,34.38149],[-84.44233,34.38039],[-84.44213,34.38819],[-84.42452,34.38799],[-84.42453,34.38059],[-84.40072,34.38049],[-84.40077,34.37327],[-84.39222,34.37329],[-84.39212,34.38069],[-84.25759,34.38099],[-84.25687,34.46733],[-84.31968,34.46786],[-84.34566,34.54841],[-84.34555,34.56274],[-84.3715,34.56291],[-84.37135,34.5485],[-84.42456,34.54933],[-84.4244,34.55741],[-84.42871,34.55749],[-84.429,34.55367],[-84.43243,34.54944],[-84.43723,34.54935]]]}},{"type":"Feature","properties":{"name":"Pierce"},"geometry":{"type":"Polygon","coordinates":[[[-82.07655,31.27554],[-82.07528,31.27567],[-82.07444,31.2741],[-82.07343,31.2738],[-82.0721,31.27456],[-82.07133,31.27626],[-82.07026,31.27639],[-82.06842,31.27423],[-82.06659,31.27396],[-82.06612,31.273],[-82.06489,31.27279],[-82.06353,31.27121],[-82.06275,31.27193],[-82.06329,31.27397],[-82.06135,31.27442],[-82.06102,31.27539],[-82.0619,31.27621],[-82.06133,31.27648],[-82.05985,31.27569],[-82.05869,31.27379],[-82.05601,31.27487],[-82.05563,31.27305],[-82.053,31.27287],[-82.05177,31.27112],[-82.04856,31.2725],[-82.04881,31.27311],[-82.05034,31.27354],[-82.0502,31.27416],[-82.04759,31.27392],[-82.0473,31.27509],[-82.04504,31.27518],[-82.0438,31.27649],[-82.04298,31.27618],[-82.04291,31.27462],[-82.04054,31.27502],[-82.0401,31.27463],[-82.04005,31.27341],[-82.03906,31.27302],[-82.03812,31.27325],[-82.03734,31.27432],[-82.0349,31.27524],[-82.03415,31.27482],[-82.03397,31.27348],[-82.03322,31.2734],[-82.032,31.27501],[-82.03348,31.27657],[-82.03174,31.27751],[-82.0311,31.27728],[-82.0312,31.27617],[-82.02985,31.27431],[-82.02857,31.27482],[-82.02841,31.27599],[-82.02899,31.27738],[-82.02825,31.27785],[-82.02628,31.27625],[-82.0235,31.27677],[-82.0235,31.27545],[-82.02251,31.27511],[-82.02157,31.27638],[-82.02218,31.27884],[-82.02139,31.27935],[-82.01932,31.27805],[-82.01666,31.2785],[-82.01514,31.27718],[-82.01248,31.27766],[-82.01221,31.27681],[-82.01389,31.27573],[-82.0137,31.27504],[-82.01124,31.27585],[-82.01086,31.27734],[-82.00961,31.27795],[-82.00852,31.27769],[-82.00831,31.276],[-82.00727,31.27573],[-82.00678,31.27706],[-82.00782,31.27817],[-82.0081,31.27965],[-82.00643,31.28132],[-82.00653,31.28229],[-82.00593,31.28336],[-82.00652,31.28458],[-82.0063,31.2852],[-82.00481,31.28596],[-82.0032,31.28421],[-82.00219,31.28408],[-82.00159,31.28494],[-82.00247,31.28637],[-82.00223,31.28736],[-82.00027,31.28796],[-81.99858,31.287],[-81.99798,31.28831],[-81.99716,31.28868],[-81.99211,31.308],[-81.99384,31.3076],[-81.99508,31.30837],[-81.99758,31.30881],[-81.99814,31.30944],[-81.99934,31.30969],[-82.00024,31.31125],[-82.00071,31.31036],[-82.00173,31.31016],[-82.00336,31.31109],[-82.00488,31.31099],[-82.00534,31.31177],[-82.0046,31.31239],[-82.00702,31.31391],[-82.00729,31.31493],[-82.00901,31.31463],[-82.00893,31.31635],[-82.00984,31.3162],[-82.01154,31.31682],[-82.01209,31.31779],[-82.01304,31.31827],[-82.01205,31.31968],[-82.01331,31.31991],[-82.01268,31.32063],[-82.01292,31.32124],[-82.01403,31.32179],[-82.01341,31.32291],[-82.01422,31.32377],[-82.01539,31.32382],[-82.0151,31.32484],[-82.01599,31.32455],[-82.01649,31.3253],[-82.01731,31.32536],[-82.01738,31.32658],[-82.01878,31.32606],[-82.01907,31.32737],[-82.0202,31.32744],[-82.02052,31.32831],[-82.01978,31.32898],[-82.02079,31.32931],[-82.02022,31.32991],[-82.02071,31.3303],[-82.02051,31.3312],[-82.02103,31.33121],[-82.0211,31.33064],[-82.02238,31.33242],[-82.02231,31.33295],[-82.02321,31.33302],[-82.02343,31.33399],[-82.02286,31.33455],[-82.0237,31.3357],[-82.02385,31.33692],[-82.02445,31.33722],[-82.02429,31.3388],[-82.0267,31.34103],[-82.02718,31.34097],[-82.02737,31.34026],[-82.02771,31.34052],[-82.02778,31.34172],[-82.02863,31.34222],[-82.02807,31.34277],[-82.02879,31.34376],[-82.02795,31.34372],[-82.02856,31.34516],[-82.02995,31.34437],[-82.03079,31.34492],[-82.0299,31.34535],[-82.03046,31.34608],[-82.03207,31.34606],[-82.03153,31.3466],[-82.0322,31.34691],[-82.03245,31.34916],[-82.03391,31.3498],[-82.03294,31.35058],[-82.03367,31.35098],[-82.03309,31.35204],[-82.03496,31.3549],[-82.03407,31.35563],[-82.03438,31.35676],[-82.0353,31.35728],[-82.03631,31.35703],[-82.03643,31.35777],[-82.03564,31.35834],[-82.03729,31.35828],[-82.03864,31.35892],[-82.03911,31.36054],[-82.04074,31.36187],[-82.04041,31.36418],[-82.03976,31.36426],[-82.04005,31.365],[-82.03883,31.36618],[-82.03984,31.36624],[-82.0401,31.36726],[-82.03866,31.36793],[-82.03863,31.36954],[-82.03947,31.36963],[-82.03906,31.3704],[-82.04097,31.37237],[-82.04073,31.37323],[-82.04121,31.37389],[-82.04275,31.37437],[-82.04188,31.37509],[-82.04224,31.37576],[-82.04155,31.3759],[-82.04273,31.37708],[-82.04214,31.37804],[-82.04116,31.3781],[-82.04156,31.37875],[-82.04084,31.37972],[-82.04111,31.38049],[-82.04047,31.38063],[-82.04045,31.37993],[-82.03993,31.38018],[-82.03989,31.38207],[-82.04014,31.38241],[-82.04202,31.38232],[-82.04144,31.38327],[-82.04186,31.38446],[-82.04305,31.38414],[-82.04405,31.38454],[-82.04443,31.38502],[-82.04365,31.38565],[-82.04483,31.38614],[-82.04495,31.38772],[-82.04388,31.38835],[-82.04489,31.38944],[-82.04382,31.38982],[-82.04407,31.39073],[-82.04589,31.39043],[-82.04605,31.39115],[-82.04494,31.39211],[-82.0434,31.39162],[-82.0446,31.39378],[-82.04392,31.39486],[-82.04501,31.39579],[-82.04599,31.39494],[-82.04745,31.3947],[-82.04788,31.39586],[-82.04901,31.39571],[-82.04994,31.39632],[-82.04986,31.39723],[-82.0516,31.3992],[-82.05091,31.3995],[-82.0492,31.39864],[-82.05016,31.40116],[-82.04964,31.40208],[-82.05013,31.40424],[-82.05114,31.4034],[-82.05184,31.4036],[-82.05398,31.40758],[-82.05558,31.40719],[-82.05602,31.40829],[-82.05752,31.40912],[-82.05613,31.40994],[-82.05643,31.41273],[-82.05529,31.41234],[-82.05406,31.41376],[-82.05487,31.41571],[-82.05479,31.41674],[-82.05538,31.41691],[-82.05495,31.41763],[-82.05569,31.41912],[-82.05497,31.42068],[-82.05558,31.42442],[-82.05465,31.42535],[-82.05412,31.42827],[-82.05518,31.42873],[-82.05435,31.42902],[-82.05467,31.42987],[-82.05264,31.43127],[-82.05418,31.4316],[-82.054,31.43283],[-82.05474,31.43609],[-82.05365,31.43766],[-82.05384,31.43829],[-82.05308,31.43878],[-82.05436,31.43982],[-82.05374,31.44068],[-82.05393,31.4425],[-82.05477,31.44304],[-82.05374,31.44353],[-82.05486,31.44689],[-82.0537,31.44703],[-82.05353,31.44853],[-82.05498,31.45099],[-82.05475,31.45131],[-82.05337,31.45112],[-82.05436,31.45235],[-82.05275,31.45457],[-82.05545,31.45597],[-82.05709,31.45787],[-82.0565,31.45838],[-82.05745,31.45981],[-82.05853,31.46029],[-82.05817,31.46094],[-82.06106,31.46253],[-82.06095,31.46353],[-82.06239,31.46426],[-82.06228,31.46503],[-82.06362,31.46653],[-82.06522,31.46738],[-82.06624,31.46685],[-82.06652,31.46737],[-82.06854,31.46784],[-82.06897,31.46908],[-82.07015,31.46966],[-82.07176,31.4715],[-82.0742,31.47228],[-82.0865,31.47849],[-82.09051,31.48001],[-82.09801,31.48125],[-82.10441,31.48127],[-82.11239,31.48054],[-82.11836,31.47927],[-82.1248,31.47693],[-82.13194,31.47161],[-82.13663,31.47007],[-82.14102,31.46943],[-82.14786,31.46942],[-82.15508,31.47112],[-82.16386,31.47591],[-82.17548,31.48463],[-82.18591,31.49352],[-82.19841,31.50534],[-82.21034,31.51181],[-82.21617,31.51624],[-82.2215,31.52156],[-82.22659,31.5307],[-82.23925,31.53057],[-82.23883,31.51764],[-82.25595,31.51741],[-82.25583,31.50542],[-82.26958,31.5057],[-82.26966,31.49264],[-82.30042,31.49317],[-82.30062,31.46781],[-82.31502,31.46794],[-82.31511,31.45714],[-82.33002,31.45709],[-82.33049,31.44206],[-82.34499,31.44175],[-82.34484,31.43013],[-82.40151,31.43029],[-82.40179,31.41728],[-82.41725,31.41712],[-82.41741,31.40499],[-82.40256,31.40483],[-82.40252,31.40001],[-82.40255,31.39087],[-82.41698,31.39086],[-82.41699,31.37886],[-82.40263,31.37877],[-82.40263,31.36499],[-82.38945,31.3649],[-82.38928,31.35227],[-82.39022,31.31073],[-82.38742,31.31075],[-82.38721,31.29711],[-82.38603,31.29758],[-82.38534,31.2973],[-82.38577,31.2953],[-82.38392,31.2931],[-82.38387,31.29123],[-82.38013,31.29103],[-82.37891,31.29041],[-82.37753,31.29091],[-82.37472,31.29022],[-82.37199,31.28742],[-82.36892,31.28693],[-82.36752,31.28586],[-82.36722,31.28497],[-82.36821,31.28385],[-82.36935,31.28455],[-82.3703,31.28408],[-82.3702,31.28347],[-82.36855,31.2826],[-82.36927,31.28042],[-82.36849,31.2782],[-82.36954,31.27733],[-82.36825,31.2764],[-82.36626,31.2737],[-82.36295,31.27306],[-82.36131,31.27441],[-82.36064,31.27311],[-82.35925,31.2726],[-82.35929,31.27186],[-82.3602,31.27137],[-82.36101,31.27149],[-82.36195,31.27265],[-82.36266,31.27212],[-82.3621,31.26929],[-82.3603,31.26912],[-82.35979,31.26858],[-82.3601,31.26698],[-82.35839,31.26687],[-82.35839,31.26545],[-82.35674,31.26547],[-82.35676,31.26465],[-82.35789,31.26402],[-82.35798,31.26335],[-82.35594,31.26335],[-82.35562,31.26293],[-82.35595,31.26173],[-82.35286,31.26091],[-82.35255,31.25881],[-82.35089,31.25797],[-82.35065,31.25541],[-82.34716,31.25571],[-82.34702,31.25402],[-82.34428,31.25466],[-82.34334,31.25328],[-82.34078,31.25249],[-82.33983,31.25105],[-82.33953,31.24851],[-82.33759,31.24785],[-82.33669,31.24607],[-82.33246,31.24499],[-82.33203,31.2432],[-82.33324,31.24218],[-82.33311,31.24168],[-82.33152,31.24107],[-82.32964,31.24139],[-82.32885,31.2404],[-82.31873,31.23705],[-82.31761,31.23495],[-82.31831,31.23263],[-82.31803,31.23155],[-82.31465,31.23123],[-82.31369,31.22912],[-82.31268,31.22837],[-82.31362,31.22736],[-82.31504,31.22789],[-82.31557,31.22688],[-82.31504,31.22596],[-82.30675,31.22537],[-82.30479,31.22637],[-82.30307,31.22474],[-82.2997,31.22543],[-82.29767,31.22471],[-82.29713,31.22503],[-82.29747,31.22583],[-82.29718,31.22618],[-82.29638,31.22547],[-82.29518,31.2266],[-82.29254,31.22643],[-82.29154,31.22545],[-82.28809,31.22581],[-82.2887,31.22429],[-82.28757,31.22348],[-82.28456,31.22445],[-82.28398,31.22529],[-82.28397,31.22636],[-82.28317,31.2265],[-82.28154,31.22553],[-82.2797,31.22537],[-82.27813,31.22414],[-82.27636,31.22396],[-82.27668,31.22322],[-82.27917,31.22252],[-82.27779,31.22193],[-82.2773,31.22113],[-82.27639,31.22102],[-82.27558,31.22153],[-82.27272,31.22122],[-82.2724,31.21808],[-82.26946,31.21973],[-82.26871,31.21858],[-82.26862,31.21695],[-82.26759,31.21768],[-82.26681,31.21739],[-82.26669,31.21845],[-82.26539,31.21899],[-82.26524,31.22065],[-82.26405,31.22126],[-82.26202,31.21913],[-82.25977,31.21835],[-82.25884,31.21846],[-82.25639,31.22059],[-82.25464,31.22083],[-82.25382,31.22026],[-82.25386,31.21928],[-82.25333,31.21874],[-82.25198,31.21915],[-82.2505,31.21877],[-82.24976,31.22006],[-82.24927,31.22012],[-82.24876,31.21868],[-82.24667,31.21742],[-82.24542,31.2179],[-82.24402,31.21725],[-82.2426,31.21801],[-82.24042,31.21713],[-82.2376,31.21894],[-82.23371,31.2186],[-82.2315,31.22028],[-82.22752,31.21874],[-82.22629,31.22048],[-82.22568,31.2206],[-82.22082,31.21785],[-82.2223,31.2175],[-82.22365,31.21602],[-82.22394,31.2154],[-82.22351,31.2148],[-82.22059,31.21616],[-82.21979,31.21592],[-82.21962,31.21454],[-82.21903,31.21401],[-82.21538,31.21608],[-82.21352,31.21494],[-82.21146,31.21539],[-82.21117,31.21514],[-82.21171,31.21432],[-82.20985,31.21441],[-82.2092,31.21395],[-82.20984,31.21217],[-82.20836,31.21173],[-82.2058,31.21228],[-82.20429,31.21127],[-82.20437,31.21057],[-82.20584,31.20999],[-82.20573,31.20953],[-82.20468,31.20942],[-82.20212,31.2108],[-82.19924,31.20827],[-82.19766,31.2084],[-82.19656,31.20773],[-82.19492,31.20766],[-82.19395,31.20605],[-82.19601,31.20541],[-82.19488,31.20422],[-82.19537,31.20309],[-82.19457,31.20302],[-82.19325,31.20388],[-82.1932,31.20208],[-82.18982,31.20536],[-82.18845,31.20587],[-82.18816,31.20656],[-82.18684,31.20577],[-82.18546,31.20589],[-82.18457,31.20519],[-82.18297,31.20568],[-82.18285,31.20645],[-82.18475,31.20765],[-82.18478,31.20833],[-82.18298,31.20886],[-82.18297,31.21014],[-82.18211,31.21117],[-82.17951,31.21228],[-82.17696,31.21258],[-82.17551,31.21378],[-82.1741,31.21602],[-82.1742,31.21662],[-82.1756,31.21725],[-82.17467,31.21791],[-82.17354,31.21824],[-82.17233,31.21784],[-82.17267,31.21591],[-82.1718,31.21532],[-82.17083,31.21587],[-82.17045,31.21769],[-82.16944,31.21732],[-82.16809,31.21569],[-82.16734,31.21723],[-82.16683,31.21741],[-82.16664,31.21596],[-82.16727,31.21492],[-82.16623,31.21477],[-82.16561,31.21512],[-82.16433,31.21746],[-82.16341,31.21715],[-82.16355,31.21604],[-82.16284,31.21608],[-82.1589,31.21981],[-82.15817,31.21987],[-82.15762,31.21897],[-82.15681,31.21907],[-82.15501,31.22],[-82.15352,31.22177],[-82.15142,31.22248],[-82.14982,31.22471],[-82.15059,31.22626],[-82.15035,31.22701],[-82.15078,31.22805],[-82.15037,31.22853],[-82.14904,31.22791],[-82.1481,31.22808],[-82.14692,31.22684],[-82.1464,31.22688],[-82.14635,31.22821],[-82.14511,31.22943],[-82.1455,31.22978],[-82.14705,31.22961],[-82.14657,31.23064],[-82.14769,31.23274],[-82.14741,31.23453],[-82.14831,31.23469],[-82.14972,31.23384],[-82.15053,31.23429],[-82.1507,31.23501],[-82.14982,31.23577],[-82.14616,31.23535],[-82.14468,31.23709],[-82.14355,31.23619],[-82.14193,31.23763],[-82.14262,31.23969],[-82.13995,31.24266],[-82.13979,31.2435],[-82.14088,31.24415],[-82.14203,31.24294],[-82.14321,31.24322],[-82.14395,31.24465],[-82.14473,31.24879],[-82.14368,31.25005],[-82.14092,31.24958],[-82.14044,31.2507],[-82.14168,31.25219],[-82.14317,31.25091],[-82.14403,31.25081],[-82.14552,31.25253],[-82.14406,31.25359],[-82.14416,31.25505],[-82.14174,31.25633],[-82.14012,31.25862],[-82.13909,31.2587],[-82.13735,31.25801],[-82.13429,31.25806],[-82.1338,31.25716],[-82.13448,31.25542],[-82.13381,31.25478],[-82.13313,31.25487],[-82.13237,31.25699],[-82.13006,31.2568],[-82.12983,31.25738],[-82.13048,31.25839],[-82.13013,31.25894],[-82.12876,31.25891],[-82.12687,31.25791],[-82.12572,31.25843],[-82.12601,31.25998],[-82.12563,31.26049],[-82.12425,31.25959],[-82.12273,31.26012],[-82.12228,31.26108],[-82.12338,31.26204],[-82.12329,31.26246],[-82.12215,31.26301],[-82.1205,31.26537],[-82.11648,31.26667],[-82.11555,31.26764],[-82.11571,31.26885],[-82.11476,31.26957],[-82.11458,31.27063],[-82.11271,31.27142],[-82.11012,31.27134],[-82.10819,31.27218],[-82.10481,31.27139],[-82.10325,31.27168],[-82.10084,31.2739],[-82.10024,31.27668],[-82.09939,31.27652],[-82.09813,31.27526],[-82.09669,31.27495],[-82.09331,31.27664],[-82.09264,31.27594],[-82.09251,31.27424],[-82.09085,31.2733],[-82.08926,31.27373],[-82.08885,31.27463],[-82.08916,31.27577],[-82.09072,31.27628],[-82.09065,31.27679],[-82.08929,31.27662],[-82.08763,31.27554],[-82.08429,31.27526],[-82.08291,31.27391],[-82.08302,31.27216],[-82.08245,31.27143],[-82.07811,31.27379],[-82.07655,31.27554]]]}},{"type":"Feature","properties":{"name":"Pike"},"geometry":{"type":"Polygon","coordinates":[[[-84.30274,32.9997],[-84.30275,33.00415],[-84.29867,33.00414],[-84.29867,32.99967],[-84.29299,32.99969],[-84.29247,32.99856],[-84.2923,32.99601],[-84.29097,32.9946],[-84.28985,32.99159],[-84.27014,32.99101],[-84.26917,33.03144],[-84.25906,33.03152],[-84.25885,33.03968],[-84.24992,33.03974],[-84.24866,33.03933],[-84.24766,33.15104],[-84.24819,33.18902],[-84.37369,33.18962],[-84.37314,33.20036],[-84.39363,33.20027],[-84.39347,33.20831],[-84.45134,33.20889],[-84.45277,33.20827],[-84.45294,33.20635],[-84.45523,33.20359],[-84.45528,33.20264],[-84.45851,33.20098],[-84.46239,33.2019],[-84.46675,33.19929],[-84.46794,33.19964],[-84.46916,33.20156],[-84.47046,33.20169],[-84.47083,33.20056],[-84.4725,33.20188],[-84.47433,33.20157],[-84.47625,33.19942],[-84.47627,33.19585],[-84.47733,33.19517],[-84.47692,33.19408],[-84.47797,33.1934],[-84.47742,33.1923],[-84.47792,33.19226],[-84.47842,33.1912],[-84.48046,33.1905],[-84.48087,33.18875],[-84.48727,33.18679],[-84.48865,33.18729],[-84.48946,33.18615],[-84.49042,33.18678],[-84.49311,33.1863],[-84.49504,33.18508],[-84.49609,33.18354],[-84.49678,33.18387],[-84.49674,33.18333],[-84.49774,33.18277],[-84.4982,33.18181],[-84.49988,33.18103],[-84.50165,33.17935],[-84.50379,33.17855],[-84.50717,33.17557],[-84.5076,33.17386],[-84.50606,33.17221],[-84.50559,33.16823],[-84.5082,33.16385],[-84.51008,33.16206],[-84.50917,33.15993],[-84.50905,33.1573],[-84.50737,33.15544],[-84.50719,33.15467],[-84.50999,33.15415],[-84.51255,33.14975],[-84.51504,33.14839],[-84.51562,33.14626],[-84.51485,33.14396],[-84.51559,33.14279],[-84.51782,33.14184],[-84.51568,33.14017],[-84.51575,33.13921],[-84.51684,33.13802],[-84.51417,33.13509],[-84.51301,33.13158],[-84.51236,33.13104],[-84.51077,33.13085],[-84.51121,33.12918],[-84.51094,33.12628],[-84.51132,33.12591],[-84.51398,33.12597],[-84.51811,33.12248],[-84.51813,33.12061],[-84.51977,33.1141],[-84.51943,33.11223],[-84.51758,33.11005],[-84.51861,33.105],[-84.51832,33.10182],[-84.51898,33.10123],[-84.5215,33.10193],[-84.52322,33.10047],[-84.52641,33.09955],[-84.52873,33.09805],[-84.52778,33.09586],[-84.52841,33.09401],[-84.5278,33.09193],[-84.52375,33.09419],[-84.52195,33.09464],[-84.51999,33.093],[-84.51966,33.09106],[-84.51882,33.08982],[-84.51704,33.08854],[-84.51139,33.08596],[-84.51071,33.08431],[-84.51226,33.08199],[-84.51286,33.07863],[-84.51338,33.07809],[-84.51593,33.07805],[-84.51706,33.07852],[-84.51739,33.07959],[-84.51678,33.08097],[-84.51789,33.08177],[-84.52103,33.0812],[-84.52483,33.0791],[-84.52723,33.07006],[-84.52339,33.06429],[-84.52275,33.06134],[-84.52308,33.05855],[-84.52388,33.0568],[-84.52331,33.05437],[-84.52542,33.05219],[-84.52606,33.04891],[-84.52748,33.0465],[-84.52778,33.04371],[-84.52919,33.04267],[-84.53193,33.04285],[-84.53517,33.04218],[-84.53702,33.03646],[-84.53685,33.03568],[-84.53525,33.03395],[-84.53505,33.0313],[-84.53308,33.02777],[-84.53474,33.0258],[-84.53376,33.02222],[-84.53388,33.02048],[-84.53752,33.01347],[-84.53794,33.01119],[-84.53304,33.00494],[-84.52947,33.00317],[-84.527,33.00033],[-84.53043,32.99659],[-84.5313,32.99404],[-84.52864,32.98959],[-84.5301,32.98706],[-84.53026,32.98496],[-84.52937,32.98344],[-84.5252,32.98113],[-84.52252,32.97783],[-84.52151,32.97569],[-84.52198,32.97335],[-84.5247,32.97135],[-84.52702,32.97055],[-84.52696,32.96958],[-84.52502,32.96957],[-84.52434,32.96866],[-84.52163,32.96908],[-84.52043,32.96853],[-84.5196,32.96969],[-84.516,32.97037],[-84.51436,32.97122],[-84.51394,32.97061],[-84.51289,32.97077],[-84.51124,32.97208],[-84.50882,32.97142],[-84.50572,32.97255],[-84.50518,32.97382],[-84.50441,32.97381],[-84.50419,32.97461],[-84.50372,32.97462],[-84.50279,32.97648],[-84.5017,32.97667],[-84.50158,32.97745],[-84.50089,32.97759],[-84.49923,32.97972],[-84.50187,32.98316],[-84.49833,32.98275],[-84.49559,32.9845],[-84.49509,32.98543],[-84.4955,32.98692],[-84.49452,32.98682],[-84.49476,32.98833],[-84.49014,32.9907],[-84.49105,32.99218],[-84.48971,32.99373],[-84.29872,32.99147],[-84.29867,32.99967],[-84.30274,32.9997]]]}},{"type":"Feature","properties":{"name":"Polk"},"geometry":{"type":"Polygon","coordinates":[[[-85.16059,33.90569],[-85.05031,33.90449],[-85.04983,33.95263],[-84.97868,33.95139],[-84.92874,34.0717],[-84.92274,34.0825],[-84.92994,34.0826],[-84.93004,34.0782],[-84.93904,34.0784],[-84.93909,34.08255],[-85.04705,34.08288],[-85.04687,34.09641],[-85.09032,34.09664],[-85.12196,34.09675],[-85.12247,34.08314],[-85.15752,34.08346],[-85.15736,34.09727],[-85.21003,34.09762],[-85.21004,34.10032],[-85.25762,34.10067],[-85.25807,34.07913],[-85.42185,34.08082],[-85.40675,34.00231],[-85.40592,34.0001],[-85.38658,33.90172],[-85.21279,33.89921],[-85.21277,33.9063],[-85.16059,33.90569]]]}},{"type":"Feature","properties":{"name":"Pulaski"},"geometry":{"type":"Polygon","coordinates":[[[-83.61579,32.24748],[-83.61585,32.24171],[-83.61,32.24173],[-83.60995,32.23801],[-83.60693,32.23828],[-83.60757,32.19331],[-83.60687,32.19091],[-83.60764,32.18935],[-83.60779,32.18496],[-83.60855,32.11841],[-83.55102,32.11814],[-83.55083,32.12616],[-83.54149,32.12607],[-83.54162,32.11813],[-83.4737,32.11792],[-83.43566,32.11724],[-83.43559,32.12542],[-83.41654,32.12517],[-83.41644,32.13308],[-83.39698,32.13258],[-83.39715,32.1241],[-83.36111,32.12409],[-83.35955,32.12068],[-83.35565,32.11785],[-83.35484,32.11497],[-83.35391,32.11346],[-83.35046,32.11264],[-83.35099,32.11166],[-83.35337,32.11126],[-83.35421,32.11047],[-83.35397,32.10973],[-83.35286,32.10902],[-83.35256,32.10774],[-83.35288,32.1069],[-83.35379,32.10662],[-83.35676,32.10749],[-83.35757,32.10798],[-83.35747,32.10928],[-83.35799,32.10945],[-83.35951,32.10758],[-83.35938,32.10614],[-83.35851,32.10573],[-83.35631,32.10601],[-83.34828,32.10284],[-83.34747,32.10391],[-83.34686,32.10636],[-83.34458,32.10701],[-83.34305,32.108],[-83.34152,32.10787],[-83.33731,32.10589],[-83.32086,32.11956],[-83.30893,32.12571],[-83.31065,32.12829],[-83.30469,32.1332],[-83.3248,32.15037],[-83.31883,32.15538],[-83.31839,32.15633],[-83.30689,32.1654],[-83.29111,32.17882],[-83.32133,32.20411],[-83.34781,32.22759],[-83.37393,32.24974],[-83.34653,32.27249],[-83.36612,32.28944],[-83.36776,32.28893],[-83.46999,32.37642],[-83.47039,32.37678],[-83.47014,32.37703],[-83.49804,32.40171],[-83.49986,32.40025],[-83.50094,32.39852],[-83.5008,32.39436],[-83.50243,32.39097],[-83.50247,32.38936],[-83.50343,32.38926],[-83.50379,32.39022],[-83.50473,32.39049],[-83.50667,32.3889],[-83.50802,32.39161],[-83.51204,32.39208],[-83.51325,32.39271],[-83.51347,32.39355],[-83.51567,32.39591],[-83.51664,32.39605],[-83.51639,32.39648],[-83.51756,32.39754],[-83.5175,32.39804],[-83.51863,32.39791],[-83.51894,32.39827],[-83.51838,32.39861],[-83.51889,32.39929],[-83.51923,32.399],[-83.52075,32.39986],[-83.52068,32.40114],[-83.52307,32.40234],[-83.52374,32.40219],[-83.5794,32.3363],[-83.58793,32.32329],[-83.6092,32.29776],[-83.61558,32.28856],[-83.6064,32.28843],[-83.60637,32.25133],[-83.6158,32.25147],[-83.61579,32.24748]]]}},{"type":"Feature","properties":{"name":"Putnam"},"geometry":{"type":"Polygon","coordinates":[[[-83.53982,33.31682],[-83.54216,33.27881],[-83.54588,33.17194],[-83.49989,33.17814],[-83.43684,33.18584],[-83.43668,33.18462],[-83.43565,33.18317],[-83.43502,33.1836],[-83.4327,33.18329],[-83.43029,33.18564],[-83.42935,33.18557],[-83.42723,33.18295],[-83.42485,33.18279],[-83.42332,33.18212],[-83.42055,33.17873],[-83.41796,33.17731],[-83.41743,33.17772],[-83.4173,33.17903],[-83.41571,33.17876],[-83.41397,33.17978],[-83.41303,33.17873],[-83.41168,33.17914],[-83.41112,33.17966],[-83.41133,33.18077],[-83.41002,33.18139],[-83.40644,33.18527],[-83.40498,33.18423],[-83.40379,33.18244],[-83.4023,33.18199],[-83.40089,33.18316],[-83.39828,33.1823],[-83.39591,33.18261],[-83.3935,33.18371],[-83.39147,33.18351],[-83.39031,33.18481],[-83.38808,33.18559],[-83.38789,33.18396],[-83.3871,33.18291],[-83.38752,33.18097],[-83.3832,33.1789],[-83.38016,33.17584],[-83.37529,33.17671],[-83.375,33.17624],[-83.37563,33.17387],[-83.37425,33.17197],[-83.36859,33.17279],[-83.36784,33.17241],[-83.36636,33.17029],[-83.36324,33.16906],[-83.36177,33.17098],[-83.36288,33.17243],[-83.36216,33.17457],[-83.3636,33.17741],[-83.36359,33.1799],[-83.36241,33.18015],[-83.36013,33.17967],[-83.35929,33.17883],[-83.35777,33.17833],[-83.35441,33.17977],[-83.35057,33.1768],[-83.34865,33.17447],[-83.34837,33.17314],[-83.34716,33.17274],[-83.34707,33.17182],[-83.34624,33.17112],[-83.345,33.17117],[-83.34425,33.17033],[-83.3417,33.16971],[-83.34155,33.17066],[-83.34227,33.17225],[-83.33949,33.17236],[-83.3379,33.17118],[-83.33319,33.16931],[-83.33062,33.16749],[-83.32881,33.16842],[-83.32722,33.17068],[-83.32742,33.17157],[-83.32969,33.17335],[-83.32953,33.1744],[-83.32826,33.17513],[-83.32515,33.17472],[-83.32301,33.17369],[-83.32024,33.16952],[-83.31919,33.16919],[-83.31822,33.16956],[-83.31582,33.17327],[-83.31522,33.17585],[-83.31561,33.17702],[-83.31893,33.17999],[-83.31861,33.18339],[-83.31738,33.18318],[-83.31578,33.1811],[-83.31222,33.18194],[-83.31042,33.18118],[-83.30647,33.18051],[-83.3038,33.18076],[-83.30212,33.18228],[-83.2999,33.18539],[-83.29715,33.18769],[-83.29459,33.18937],[-83.2911,33.1904],[-83.28219,33.18929],[-83.27912,33.18754],[-83.27411,33.18724],[-83.27504,33.18947],[-83.27522,33.19132],[-83.27378,33.20126],[-83.27026,33.20392],[-83.26777,33.20492],[-83.26475,33.20782],[-83.26254,33.20833],[-83.2614,33.2109],[-83.26081,33.21525],[-83.25935,33.21771],[-83.25981,33.22145],[-83.25951,33.22303],[-83.25681,33.2274],[-83.25603,33.23106],[-83.25342,33.23291],[-83.25264,33.23428],[-83.2524,33.23805],[-83.25397,33.24014],[-83.25426,33.24109],[-83.25375,33.24265],[-83.2551,33.24422],[-83.25559,33.24648],[-83.25512,33.24841],[-83.2554,33.25454],[-83.25429,33.25805],[-83.25346,33.25929],[-83.25108,33.26033],[-83.2496,33.2599],[-83.2444,33.26218],[-83.23904,33.26261],[-83.23824,33.26245],[-83.2333,33.2585],[-83.22946,33.25629],[-83.22867,33.25679],[-83.22444,33.26684],[-83.22569,33.27029],[-83.22982,33.27472],[-83.23003,33.27605],[-83.22908,33.27685],[-83.22041,33.27794],[-83.21547,33.28145],[-83.21317,33.28208],[-83.21156,33.28189],[-83.20902,33.27883],[-83.20399,33.27911],[-83.20286,33.28033],[-83.20122,33.28409],[-83.1995,33.28526],[-83.19519,33.28588],[-83.18982,33.28893],[-83.1857,33.28966],[-83.17844,33.29205],[-83.17707,33.29354],[-83.17531,33.29828],[-83.1705,33.30143],[-83.16382,33.30339],[-83.15095,33.30814],[-83.14756,33.30844],[-83.14649,33.30906],[-83.14586,33.31005],[-83.14577,33.31208],[-83.14733,33.31478],[-83.14827,33.31795],[-83.15052,33.32161],[-83.15043,33.32274],[-83.14778,33.32587],[-83.14752,33.32932],[-83.14353,33.33474],[-83.14343,33.33721],[-83.14412,33.33987],[-83.14479,33.34077],[-83.14896,33.3426],[-83.1503,33.34612],[-83.15146,33.34715],[-83.15273,33.34812],[-83.15676,33.34928],[-83.16015,33.35095],[-83.16466,33.35537],[-83.16563,33.35849],[-83.16682,33.3605],[-83.16683,33.36243],[-83.16918,33.36401],[-83.17002,33.36518],[-83.17042,33.36676],[-83.16952,33.36901],[-83.16972,33.37039],[-83.17334,33.3734],[-83.17327,33.37536],[-83.17477,33.37562],[-83.17827,33.37799],[-83.17791,33.38234],[-83.17961,33.38282],[-83.18208,33.38264],[-83.18473,33.38336],[-83.18752,33.3861],[-83.188,33.38709],[-83.18687,33.38926],[-83.1879,33.39248],[-83.19717,33.39581],[-83.20035,33.39247],[-83.20287,33.38876],[-83.20806,33.38714],[-83.2107,33.38824],[-83.21202,33.38783],[-83.21445,33.38489],[-83.21324,33.38327],[-83.21352,33.38192],[-83.21448,33.38076],[-83.21732,33.37958],[-83.21988,33.38012],[-83.22333,33.37961],[-83.22456,33.38042],[-83.22477,33.38377],[-83.22324,33.38695],[-83.21989,33.39029],[-83.21938,33.39203],[-83.22041,33.39369],[-83.21845,33.3951],[-83.21651,33.3951],[-83.21448,33.39673],[-83.21249,33.39924],[-83.21242,33.39997],[-83.21311,33.40085],[-83.21748,33.40296],[-83.22606,33.40458],[-83.22765,33.40429],[-83.23028,33.40251],[-83.23549,33.40231],[-83.23676,33.40144],[-83.2382,33.39943],[-83.24103,33.39839],[-83.24279,33.39808],[-83.24387,33.39867],[-83.24423,33.4019],[-83.24274,33.40758],[-83.24108,33.41093],[-83.24038,33.41351],[-83.24056,33.4168],[-83.23971,33.41837],[-83.23979,33.41943],[-83.24133,33.4206],[-83.24439,33.42124],[-83.2466,33.4232],[-83.2485,33.42607],[-83.24856,33.42901],[-83.25078,33.43091],[-83.2529,33.43474],[-83.25682,33.43775],[-83.25755,33.43992],[-83.25845,33.44098],[-83.26306,33.44394],[-83.26308,33.44585],[-83.26113,33.4488],[-83.25855,33.44944],[-83.25701,33.45082],[-83.25726,33.45623],[-83.26724,33.46159],[-83.27486,33.46412],[-83.27777,33.46888],[-83.27826,33.47662],[-83.27989,33.48345],[-83.40382,33.46099],[-83.53374,33.43447],[-83.53394,33.42756],[-83.53781,33.3938],[-83.53673,33.37413],[-83.53935,33.35331],[-83.53982,33.31682]]]}},{"type":"Feature","properties":{"name":"Quitman"},"geometry":{"type":"Polygon","coordinates":[[[-85.13433,31.89141],[-85.13373,31.88956],[-85.13163,31.88676],[-85.12933,31.88246],[-85.12843,31.87966],[-85.12843,31.87756],[-85.12883,31.87636],[-85.13373,31.87006],[-85.13583,31.86246],[-85.13743,31.86066],[-85.14013,31.85876],[-85.14073,31.85746],[-85.14023,31.85526],[-85.13803,31.85126],[-85.13773,31.84586],[-85.13833,31.84416],[-85.14133,31.84106],[-85.14183,31.83926],[-85.14003,31.83546],[-85.13773,31.83216],[-85.13593,31.83046],[-85.13253,31.82846],[-85.13193,31.82706],[-85.13453,31.82496],[-85.13403,31.82216],[-85.13173,31.81886],[-85.13123,31.81676],[-85.13153,31.81306],[-85.13293,31.80806],[-85.13233,31.80146],[-85.13283,31.79886],[-85.13223,31.79516],[-85.13293,31.79236],[-85.13713,31.78836],[-85.14183,31.78236],[-85.14183,31.78126],[-85.14123,31.78046],[-85.07383,31.77906],[-85.07394,31.77144],[-85.02663,31.77096],[-85.02653,31.77886],[-84.91034,31.77684],[-84.90868,31.87516],[-84.90701,31.92447],[-84.91726,31.92466],[-84.9172,31.93309],[-84.93614,31.93375],[-84.93576,31.94184],[-84.95525,31.94226],[-84.9549,31.95028],[-84.97407,31.95021],[-84.9737,31.9593],[-84.96421,31.95906],[-84.96395,31.96693],[-84.95403,31.96677],[-84.9537,31.97478],[-85.00123,31.97596],[-85.00113,31.98386],[-85.01183,31.98376],[-85.01193,31.97586],[-85.04203,31.97566],[-85.04193,31.98476],[-85.06094,31.9851],[-85.06093,31.99186],[-85.06823,31.99186],[-85.06833,31.98676],[-85.07093,31.98166],[-85.06993,31.97836],[-85.06683,31.97476],[-85.06593,31.97246],[-85.06593,31.97116],[-85.06783,31.96736],[-85.07023,31.96566],[-85.07393,31.96416],[-85.08323,31.96246],[-85.08573,31.96076],[-85.08673,31.95916],[-85.08683,31.95776],[-85.08443,31.95406],[-85.08243,31.94536],[-85.08033,31.94256],[-85.07893,31.94146],[-85.07893,31.94016],[-85.08473,31.93736],[-85.08643,31.93596],[-85.09183,31.92886],[-85.09823,31.92626],[-85.09953,31.92526],[-85.10023,31.92406],[-85.10133,31.91866],[-85.10243,31.91736],[-85.10563,31.91606],[-85.10723,31.91476],[-85.10913,31.91436],[-85.11313,31.91186],[-85.11273,31.90986],[-85.10983,31.90806],[-85.10803,31.90516],[-85.10823,31.90426],[-85.11153,31.90356],[-85.11223,31.90276],[-85.11063,31.89686],[-85.11203,31.89476],[-85.11403,31.89336],[-85.11703,31.89286],[-85.12063,31.89336],[-85.12393,31.89276],[-85.13293,31.89306],[-85.13413,31.89216],[-85.13433,31.89141]]]}},{"type":"Feature","properties":{"name":"Rabun"},"geometry":{"type":"Polygon","coordinates":[[[-83.4828,34.9933],[-83.54938,34.99239],[-83.54688,34.94649],[-83.58224,34.94281],[-83.5916,34.94138],[-83.59351,34.93947],[-83.59661,34.93956],[-83.60159,34.93834],[-83.60122,34.93654],[-83.60196,34.93443],[-83.60204,34.93192],[-83.59951,34.93019],[-83.59967,34.92193],[-83.59322,34.92155],[-83.59379,34.91794],[-83.59522,34.9171],[-83.59709,34.91368],[-83.59901,34.91277],[-83.60247,34.91398],[-83.60395,34.91316],[-83.60676,34.91406],[-83.60827,34.91288],[-83.61031,34.91365],[-83.61255,34.91354],[-83.61471,34.91424],[-83.61856,34.91104],[-83.61805,34.90928],[-83.61838,34.90867],[-83.62254,34.90926],[-83.62401,34.9105],[-83.62659,34.91009],[-83.62839,34.90689],[-83.62999,34.90599],[-83.62849,34.90349],[-83.62869,34.90149],[-83.62799,34.89979],[-83.62859,34.89749],[-83.62989,34.89519],[-83.63059,34.89449],[-83.63359,34.89389],[-83.63559,34.89229],[-83.63769,34.89299],[-83.64528,34.89138],[-83.64445,34.88865],[-83.6464,34.88702],[-83.64698,34.88581],[-83.64781,34.88539],[-83.64942,34.8833],[-83.65013,34.88089],[-83.65665,34.87865],[-83.65481,34.87678],[-83.65454,34.87539],[-83.65627,34.87259],[-83.65619,34.86753],[-83.65492,34.86559],[-83.65695,34.862],[-83.65643,34.8605],[-83.65788,34.85918],[-83.65819,34.85654],[-83.66012,34.85519],[-83.66065,34.85103],[-83.66167,34.84816],[-83.6613,34.84376],[-83.65961,34.84051],[-83.65932,34.83892],[-83.65929,34.83404],[-83.65812,34.83167],[-83.65909,34.83028],[-83.65645,34.82551],[-83.65219,34.82299],[-83.64868,34.82537],[-83.63945,34.82277],[-83.63554,34.82316],[-83.63349,34.82454],[-83.6298,34.82538],[-83.62497,34.82302],[-83.62199,34.82282],[-83.61877,34.82366],[-83.61282,34.82204],[-83.6113,34.82408],[-83.61136,34.82587],[-83.60645,34.82774],[-83.59782,34.82533],[-83.59605,34.82453],[-83.59455,34.823],[-83.59217,34.82163],[-83.58992,34.82138],[-83.589,34.82061],[-83.58792,34.82068],[-83.587,34.82008],[-83.58773,34.81908],[-83.58758,34.81797],[-83.58682,34.81687],[-83.58517,34.81623],[-83.58414,34.81525],[-83.58462,34.81396],[-83.58431,34.81262],[-83.58171,34.81079],[-83.58207,34.80965],[-83.58304,34.80921],[-83.58215,34.8082],[-83.58245,34.80729],[-83.58146,34.80643],[-83.58121,34.80501],[-83.57751,34.80324],[-83.57776,34.80101],[-83.57527,34.79956],[-83.57634,34.79557],[-83.57365,34.795],[-83.57089,34.79134],[-83.56685,34.79116],[-83.5656,34.79004],[-83.56316,34.78918],[-83.56244,34.78807],[-83.5605,34.78784],[-83.55664,34.78506],[-83.55661,34.78446],[-83.55923,34.78351],[-83.56225,34.78128],[-83.55997,34.77834],[-83.55893,34.77559],[-83.55897,34.77388],[-83.5604,34.77177],[-83.55827,34.7701],[-83.5578,34.76824],[-83.55614,34.76772],[-83.55487,34.76627],[-83.55483,34.76562],[-83.55566,34.76457],[-83.55505,34.7634],[-83.55627,34.76117],[-83.55609,34.75893],[-83.55681,34.75765],[-83.55441,34.75447],[-83.55229,34.75275],[-83.55202,34.75115],[-83.55096,34.74993],[-83.54842,34.74939],[-83.54555,34.74996],[-83.54298,34.74989],[-83.54133,34.74858],[-83.53697,34.74864],[-83.53513,34.74742],[-83.53693,34.74634],[-83.53723,34.7456],[-83.53529,34.74147],[-83.53538,34.73983],[-83.53422,34.74002],[-83.53295,34.73905],[-83.52953,34.73857],[-83.52636,34.73905],[-83.52162,34.73658],[-83.52107,34.73586],[-83.51673,34.73524],[-83.5151,34.73286],[-83.51279,34.73168],[-83.51181,34.73177],[-83.50971,34.73319],[-83.50349,34.73429],[-83.50222,34.73295],[-83.50025,34.73294],[-83.4994,34.73138],[-83.49683,34.72904],[-83.49395,34.7289],[-83.49203,34.72699],[-83.48844,34.72692],[-83.48635,34.7262],[-83.48473,34.72669],[-83.48365,34.72551],[-83.48169,34.7251],[-83.48032,34.72392],[-83.47862,34.72395],[-83.47746,34.72509],[-83.4699,34.72918],[-83.46904,34.73006],[-83.46915,34.73111],[-83.46612,34.73357],[-83.46472,34.73352],[-83.46344,34.73253],[-83.46094,34.73308],[-83.45756,34.73185],[-83.45019,34.73435],[-83.44794,34.7362],[-83.44637,34.73686],[-83.4462,34.73846],[-83.44748,34.74156],[-83.44608,34.74305],[-83.4397,34.74302],[-83.43791,34.74206],[-83.43661,34.74213],[-83.43577,34.74247],[-83.43135,34.74733],[-83.42625,34.7468],[-83.42373,34.74494],[-83.42284,34.74351],[-83.42464,34.74015],[-83.42452,34.73922],[-83.42291,34.73766],[-83.42326,34.73642],[-83.42244,34.73566],[-83.41859,34.73463],[-83.41596,34.73297],[-83.41341,34.73309],[-83.40671,34.73189],[-83.40527,34.7311],[-83.40366,34.72892],[-83.39867,34.73115],[-83.39535,34.73209],[-83.39286,34.73439],[-83.38738,34.73739],[-83.38493,34.73491],[-83.38611,34.73345],[-83.38399,34.73325],[-83.38238,34.73169],[-83.38104,34.7313],[-83.3781,34.73133],[-83.37588,34.73223],[-83.37484,34.73199],[-83.3743,34.7297],[-83.37001,34.72489],[-83.36653,34.72179],[-83.3576,34.7167],[-83.35406,34.71601],[-83.35245,34.71613],[-83.35306,34.71992],[-83.35342,34.72842],[-83.35067,34.73218],[-83.34908,34.73663],[-83.34731,34.73788],[-83.34544,34.73845],[-83.33916,34.73829],[-83.33861,34.73904],[-83.3391,34.7407],[-83.33891,34.74178],[-83.33305,34.7456],[-83.33233,34.74912],[-83.32631,34.75084],[-83.3272,34.75476],[-83.32649,34.75603],[-83.3251,34.75667],[-83.32017,34.75688],[-83.31875,34.75763],[-83.31965,34.75906],[-83.3233,34.76074],[-83.32206,34.76255],[-83.31918,34.76461],[-83.32249,34.76561],[-83.323,34.76625],[-83.32079,34.76835],[-83.31898,34.77131],[-83.32266,34.77739],[-83.32121,34.77904],[-83.32413,34.78732],[-83.32414,34.78925],[-83.32354,34.7899],[-83.32044,34.79058],[-83.32009,34.79122],[-83.32064,34.79267],[-83.3204,34.79318],[-83.31406,34.79647],[-83.3138,34.79752],[-83.31461,34.79893],[-83.31416,34.79956],[-83.30552,34.80198],[-83.30322,34.80221],[-83.30084,34.80434],[-83.29942,34.80945],[-83.30053,34.81056],[-83.3044,34.81115],[-83.30659,34.81405],[-83.30606,34.81605],[-83.30301,34.81884],[-83.30057,34.81866],[-83.29895,34.81745],[-83.30009,34.81575],[-83.29985,34.81504],[-83.29605,34.81311],[-83.29514,34.81323],[-83.29454,34.81386],[-83.29452,34.81603],[-83.29058,34.81776],[-83.28996,34.81846],[-83.29108,34.82319],[-83.29039,34.82406],[-83.28903,34.82465],[-83.28461,34.82283],[-83.28227,34.82024],[-83.27708,34.817],[-83.27514,34.8167],[-83.27406,34.81761],[-83.27233,34.81781],[-83.27088,34.81859],[-83.26832,34.82112],[-83.26964,34.82365],[-83.26753,34.82711],[-83.26718,34.83132],[-83.26761,34.8328],[-83.27089,34.83424],[-83.2721,34.83418],[-83.27259,34.83551],[-83.27095,34.83795],[-83.27024,34.84134],[-83.2672,34.84847],[-83.266,34.8491],[-83.26173,34.84864],[-83.26051,34.84753],[-83.26063,34.84528],[-83.25729,34.8441],[-83.25414,34.84458],[-83.2514,34.84423],[-83.24893,34.84514],[-83.24848,34.84568],[-83.24871,34.84619],[-83.2529,34.84732],[-83.25391,34.84877],[-83.25245,34.85218],[-83.25354,34.85429],[-83.25332,34.85592],[-83.24785,34.85479],[-83.24641,34.85552],[-83.24648,34.85682],[-83.24824,34.85817],[-83.24807,34.85889],[-83.24634,34.86003],[-83.24788,34.86204],[-83.24809,34.86558],[-83.24746,34.86647],[-83.24603,34.86723],[-83.24201,34.86538],[-83.23911,34.86509],[-83.23831,34.86587],[-83.23865,34.86729],[-83.23788,34.86888],[-83.23659,34.86929],[-83.2347,34.87074],[-83.23883,34.87162],[-83.24058,34.87279],[-83.24127,34.87472],[-83.24315,34.87687],[-83.243,34.87754],[-83.23951,34.87889],[-83.23579,34.87789],[-83.23249,34.87778],[-83.22925,34.87976],[-83.22807,34.87906],[-83.22362,34.87915],[-83.22013,34.87804],[-83.2194,34.87877],[-83.21989,34.88111],[-83.21742,34.88238],[-83.21765,34.88514],[-83.21728,34.88609],[-83.2154,34.88803],[-83.21403,34.88857],[-83.21302,34.88836],[-83.21277,34.88761],[-83.21393,34.88625],[-83.21475,34.88431],[-83.21458,34.88363],[-83.21338,34.88263],[-83.21149,34.88214],[-83.21044,34.88035],[-83.20957,34.87986],[-83.20654,34.87961],[-83.20526,34.88017],[-83.20103,34.88441],[-83.2012,34.8852],[-83.20316,34.88728],[-83.20355,34.88899],[-83.20476,34.89022],[-83.20354,34.89345],[-83.20238,34.89381],[-83.20033,34.89325],[-83.19922,34.89241],[-83.1986,34.89038],[-83.19718,34.89059],[-83.19672,34.89145],[-83.19769,34.89363],[-83.19766,34.89477],[-83.19451,34.89943],[-83.19358,34.8993],[-83.1915,34.89678],[-83.18928,34.89726],[-83.18813,34.89809],[-83.18293,34.90218],[-83.18069,34.90458],[-83.18064,34.90642],[-83.18116,34.90797],[-83.18092,34.90947],[-83.17463,34.91028],[-83.17352,34.91162],[-83.17316,34.91315],[-83.17071,34.91424],[-83.17013,34.91699],[-83.16861,34.91936],[-83.16647,34.91959],[-83.16484,34.91917],[-83.16042,34.91502],[-83.15808,34.91474],[-83.15699,34.91512],[-83.15645,34.91706],[-83.15788,34.91989],[-83.15735,34.92271],[-83.1587,34.92572],[-83.15809,34.92735],[-83.15924,34.92861],[-83.15689,34.93077],[-83.15512,34.93071],[-83.14858,34.92732],[-83.14614,34.9268],[-83.14377,34.92494],[-83.14152,34.92451],[-83.13925,34.92636],[-83.13453,34.92862],[-83.13306,34.93028],[-83.13141,34.93036],[-83.12996,34.93135],[-83.12981,34.93249],[-83.13164,34.93486],[-83.13174,34.93572],[-83.12731,34.93863],[-83.12054,34.93294],[-83.11909,34.93318],[-83.11854,34.93535],[-83.1179,34.93604],[-83.1141,34.93548],[-83.11308,34.93476],[-83.11175,34.93496],[-83.11195,34.93632],[-83.11509,34.93901],[-83.11565,34.94118],[-83.11655,34.9425],[-83.1189,34.94302],[-83.12108,34.94215],[-83.12238,34.94334],[-83.12475,34.94719],[-83.12743,34.9493],[-83.12736,34.95019],[-83.12568,34.95041],[-83.12475,34.95107],[-83.12678,34.95319],[-83.12705,34.95424],[-83.12659,34.95486],[-83.12482,34.95509],[-83.12056,34.95321],[-83.11883,34.95329],[-83.11729,34.95263],[-83.11651,34.95113],[-83.11412,34.95018],[-83.11482,34.95285],[-83.12029,34.95796],[-83.12023,34.95913],[-83.11592,34.95914],[-83.11579,34.96017],[-83.12162,34.96277],[-83.12198,34.96476],[-83.12069,34.96661],[-83.12033,34.96878],[-83.11562,34.97305],[-83.11548,34.97404],[-83.11652,34.97509],[-83.11653,34.97572],[-83.11118,34.97572],[-83.11087,34.97648],[-83.1121,34.97899],[-83.11128,34.981],[-83.11052,34.98112],[-83.10864,34.97974],[-83.10774,34.97981],[-83.10577,34.9815],[-83.10591,34.98196],[-83.10706,34.98232],[-83.10696,34.98354],[-83.10423,34.98583],[-83.1018,34.98613],[-83.10172,34.98689],[-83.10286,34.98871],[-83.10134,34.98994],[-83.09897,34.9901],[-83.09824,34.99082],[-83.09883,34.99195],[-83.10352,34.99367],[-83.10349,34.99456],[-83.10221,34.99599],[-83.10287,34.99726],[-83.10629,34.9987],[-83.10861,35.00066],[-83.11061,35.0013],[-83.29685,34.99628],[-83.4828,34.9933]]]}},{"type":"Feature","properties":{"name":"Randolph"},"geometry":{"type":"Polygon","coordinates":[[[-84.68094,31.62003],[-84.65652,31.61998],[-84.65631,31.63789],[-84.64958,31.63794],[-84.6493,31.64367],[-84.63624,31.64355],[-84.6362,31.63803],[-84.62223,31.63782],[-84.62252,31.62847],[-84.60693,31.62825],[-84.60678,31.6378],[-84.59715,31.63761],[-84.59741,31.62136],[-84.5865,31.62116],[-84.5866,31.63739],[-84.58433,31.63741],[-84.57797,31.63725],[-84.57802,31.6211],[-84.56884,31.6211],[-84.56882,31.62863],[-84.55713,31.62845],[-84.55695,31.62117],[-84.54685,31.6212],[-84.54554,31.62196],[-84.54463,31.62328],[-84.54534,31.62402],[-84.54495,31.62477],[-84.54557,31.6251],[-84.54507,31.62551],[-84.5453,31.62651],[-84.54363,31.62659],[-84.5442,31.62721],[-84.54336,31.62749],[-84.54347,31.62852],[-84.5426,31.62964],[-84.54319,31.63004],[-84.54286,31.63178],[-84.54203,31.63215],[-84.54252,31.63263],[-84.54163,31.63362],[-84.542,31.63456],[-84.54144,31.63557],[-84.54011,31.63623],[-84.53859,31.63803],[-84.53881,31.63917],[-84.53985,31.64011],[-84.53827,31.64185],[-84.53855,31.6423],[-84.53809,31.64228],[-84.53741,31.64365],[-84.53665,31.6441],[-84.53696,31.64476],[-84.53612,31.6461],[-84.53615,31.64692],[-84.53721,31.64768],[-84.53679,31.64871],[-84.5376,31.64951],[-84.53767,31.65109],[-84.53721,31.65195],[-84.53808,31.65215],[-84.53768,31.65294],[-84.53806,31.65308],[-84.53814,31.65455],[-84.53751,31.65462],[-84.53876,31.65641],[-84.53863,31.65807],[-84.53767,31.65858],[-84.53812,31.65887],[-84.53781,31.65998],[-84.53734,31.66019],[-84.53981,31.66307],[-84.54018,31.66429],[-84.53951,31.66591],[-84.54021,31.66613],[-84.53896,31.66711],[-84.53831,31.66691],[-84.53786,31.66774],[-84.53792,31.66997],[-84.53847,31.67063],[-84.53788,31.67087],[-84.53818,31.6711],[-84.53747,31.67242],[-84.53814,31.67246],[-84.53828,31.67315],[-84.53736,31.6738],[-84.5387,31.67419],[-84.53667,31.67614],[-84.53516,31.67663],[-84.53516,31.6773],[-84.53563,31.67757],[-84.5351,31.67902],[-84.5357,31.67916],[-84.53547,31.68171],[-84.53626,31.68218],[-84.53619,31.68277],[-84.53704,31.68299],[-84.53671,31.68325],[-84.53731,31.68446],[-84.53785,31.68457],[-84.53766,31.68565],[-84.53851,31.68696],[-84.53963,31.68811],[-84.54023,31.68795],[-84.54065,31.68894],[-84.54011,31.69033],[-84.5411,31.69178],[-84.5402,31.6923],[-84.54122,31.69354],[-84.54112,31.69418],[-84.54164,31.69384],[-84.54474,31.69733],[-84.54397,31.69819],[-84.54429,31.69855],[-84.5447,31.69829],[-84.54433,31.69911],[-84.54484,31.69933],[-84.54509,31.70093],[-84.54563,31.70108],[-84.54525,31.7016],[-84.54675,31.70339],[-84.54665,31.70424],[-84.54729,31.70446],[-84.54699,31.70472],[-84.54737,31.70511],[-84.54751,31.7086],[-84.54689,31.70995],[-84.54795,31.71072],[-84.54734,31.71145],[-84.54783,31.71228],[-84.54688,31.71242],[-84.548,31.71299],[-84.54766,31.71374],[-84.54811,31.71432],[-84.5492,31.71416],[-84.54926,31.71483],[-84.54868,31.71528],[-84.5493,31.71523],[-84.54915,31.71573],[-84.55008,31.71565],[-84.54968,31.71608],[-84.55001,31.71672],[-84.55143,31.71707],[-84.55118,31.71767],[-84.55193,31.71831],[-84.55192,31.71903],[-84.55429,31.71995],[-84.55497,31.72114],[-84.55492,31.72218],[-84.5554,31.72243],[-84.55484,31.72308],[-84.55605,31.72372],[-84.55574,31.7241],[-84.55689,31.72535],[-84.55672,31.72577],[-84.5562,31.72548],[-84.55624,31.727],[-84.55567,31.72749],[-84.5566,31.72767],[-84.55683,31.72875],[-84.55765,31.72878],[-84.5576,31.72994],[-84.55822,31.73015],[-84.55814,31.73057],[-84.55906,31.73094],[-84.55984,31.73232],[-84.56092,31.73276],[-84.56043,31.73425],[-84.56132,31.73396],[-84.56193,31.73452],[-84.56157,31.73654],[-84.56246,31.73651],[-84.56218,31.73803],[-84.56254,31.73847],[-84.56217,31.73867],[-84.56244,31.73934],[-84.5632,31.73917],[-84.56332,31.74149],[-84.56388,31.7416],[-84.56292,31.74552],[-84.56365,31.74637],[-84.56391,31.74607],[-84.5647,31.74665],[-84.56488,31.74822],[-84.56583,31.74908],[-84.56529,31.74994],[-84.56604,31.75055],[-84.56516,31.75055],[-84.56571,31.75123],[-84.5649,31.75129],[-84.56721,31.75256],[-84.56819,31.75472],[-84.56949,31.75578],[-84.56874,31.75573],[-84.56855,31.75618],[-84.57035,31.75701],[-84.56944,31.75762],[-84.57011,31.75789],[-84.57014,31.7593],[-84.56972,31.75986],[-84.57026,31.76079],[-84.56839,31.76342],[-84.5675,31.76401],[-84.56662,31.76388],[-84.56622,31.76482],[-84.56684,31.76532],[-84.56553,31.76543],[-84.56558,31.7666],[-84.56482,31.76727],[-84.56521,31.76747],[-84.56489,31.76852],[-84.56356,31.76884],[-84.56387,31.76905],[-84.56317,31.7706],[-84.60309,31.772],[-84.60282,31.7807],[-84.60247,31.78114],[-84.60286,31.78398],[-84.59978,31.92017],[-84.67583,31.92053],[-84.67579,31.92868],[-84.68571,31.92898],[-84.68552,31.92031],[-84.80066,31.92285],[-84.80065,31.93153],[-84.81012,31.93184],[-84.8104,31.92291],[-84.90701,31.92447],[-84.90868,31.87516],[-84.91034,31.77684],[-84.95864,31.77785],[-84.95848,31.76058],[-84.95932,31.71338],[-84.94938,31.7134],[-84.94978,31.67991],[-84.94055,31.67986],[-84.94064,31.67229],[-84.931,31.67231],[-84.93135,31.65543],[-84.94251,31.65555],[-84.94235,31.61867],[-84.86239,31.61894],[-84.81766,31.61978],[-84.74336,31.61941],[-84.68094,31.62003]]]}},{"type":"Feature","properties":{"name":"Richmond"},"geometry":{"type":"Polygon","coordinates":[[[-82.22102,33.40787],[-82.26589,33.37473],[-82.3535,33.31232],[-82.34916,33.31324],[-82.34495,33.31179],[-82.34146,33.31174],[-82.33428,33.30931],[-82.32421,33.30317],[-82.32225,33.30017],[-82.32096,33.30057],[-82.31998,33.29956],[-82.31863,33.3001],[-82.31725,33.2993],[-82.31554,33.29914],[-82.31154,33.29715],[-82.31049,33.2955],[-82.30971,33.29554],[-82.3039,33.29095],[-82.30293,33.28936],[-82.30129,33.2883],[-82.30039,33.28555],[-82.29884,33.28439],[-82.2978,33.28267],[-82.29819,33.27989],[-82.29689,33.27801],[-82.29736,33.2776],[-82.29653,33.27684],[-82.29472,33.27641],[-82.29362,33.27694],[-82.29255,33.27659],[-82.28981,33.2742],[-82.28651,33.27414],[-82.28587,33.27338],[-82.28164,33.2718],[-82.27854,33.26917],[-82.27309,33.26755],[-82.27068,33.26795],[-82.26758,33.2674],[-82.24984,33.27335],[-82.20812,33.28616],[-82.20742,33.28672],[-82.19355,33.2906],[-82.17424,33.29677],[-82.17,33.29699],[-82.16815,33.29612],[-82.16458,33.29589],[-82.16247,33.29333],[-82.16109,33.28938],[-82.15916,33.28807],[-82.15778,33.28617],[-82.1559,33.28547],[-82.15237,33.28259],[-82.14379,33.28186],[-82.14019,33.28015],[-82.1382,33.27879],[-82.13723,33.27744],[-82.13375,33.27588],[-82.13371,33.27425],[-82.1328,33.27253],[-82.13304,33.27073],[-82.1325,33.269],[-82.12994,33.2667],[-82.13024,33.26534],[-82.12927,33.26364],[-82.13011,33.26047],[-82.12877,33.25923],[-82.12691,33.25419],[-82.12579,33.25266],[-82.126,33.25115],[-82.12523,33.2505],[-82.12533,33.24967],[-82.12126,33.2479],[-82.11959,33.24776],[-82.11479,33.24448],[-82.11357,33.24306],[-82.11192,33.24253],[-82.11075,33.24154],[-82.10913,33.24131],[-82.10757,33.23928],[-82.10739,33.23724],[-82.10605,33.23561],[-82.10484,33.23505],[-82.1034,33.23301],[-82.09989,33.23132],[-82.09259,33.23008],[-82.08816,33.23025],[-82.08531,33.23228],[-82.08284,33.23263],[-82.07758,33.23566],[-82.07623,33.23577],[-82.07574,33.23688],[-82.07231,33.23904],[-82.06406,33.2408],[-82.06003,33.24257],[-82.05844,33.24157],[-82.05666,33.24132],[-82.05175,33.23934],[-82.04992,33.23782],[-82.04921,33.2383],[-82.0483,33.23804],[-82.04758,33.23708],[-82.04603,33.2364],[-82.04414,33.2364],[-82.04099,33.235],[-82.0402,33.23541],[-82.03906,33.23449],[-82.03578,33.2336],[-82.03451,33.23385],[-82.0337,33.23315],[-82.0291,33.23194],[-82.02631,33.23191],[-82.02465,33.23322],[-82.02342,33.23308],[-82.02179,33.23368],[-82.01765,33.23266],[-82.01565,33.23274],[-82.01149,33.23391],[-82.01006,33.23303],[-82.00868,33.23353],[-82.00149,33.23139],[-81.99677,33.23105],[-81.99502,33.22948],[-81.98995,33.22792],[-81.98867,33.22793],[-81.98655,33.22887],[-81.97889,33.22719],[-81.97772,33.22839],[-81.97472,33.22984],[-81.97024,33.23101],[-81.96858,33.23079],[-81.96489,33.23286],[-81.96295,33.23317],[-81.96186,33.23382],[-81.96023,33.23596],[-81.95161,33.23893],[-81.94836,33.2415],[-81.94675,33.24218],[-81.94309,33.24557],[-81.94048,33.24693],[-81.93856,33.24885],[-81.93884,33.2502],[-81.93739,33.25171],[-81.93327,33.25339],[-81.92792,33.25431],[-81.92442,33.25692],[-81.9227,33.25745],[-81.91462,33.25914],[-81.91195,33.2592],[-81.90949,33.25863],[-81.90611,33.25912],[-81.90496,33.26001],[-81.90391,33.26004],[-81.90129,33.26129],[-81.8986,33.26138],[-81.89644,33.26074],[-81.89534,33.26095],[-81.89374,33.26024],[-81.89164,33.26054],[-81.89044,33.26014],[-81.88817,33.26044],[-81.88728,33.26162],[-81.88604,33.26185],[-81.88514,33.26113],[-81.88298,33.26086],[-81.88154,33.25987],[-81.87747,33.25872],[-81.87101,33.25255],[-81.86974,33.25228],[-81.86878,33.25079],[-81.86586,33.24949],[-81.8647,33.24801],[-81.86329,33.24732],[-81.86232,33.24751],[-81.85863,33.24578],[-81.85615,33.2458],[-81.85536,33.24638],[-81.85374,33.24624],[-81.85239,33.24677],[-81.85214,33.2479],[-81.85324,33.24954],[-81.85314,33.25075],[-81.85114,33.25255],[-81.84904,33.25305],[-81.84514,33.25255],[-81.84034,33.25434],[-81.83964,33.25525],[-81.84014,33.25655],[-81.84104,33.25704],[-81.84474,33.25744],[-81.84614,33.25814],[-81.84814,33.26394],[-81.84794,33.26544],[-81.84729,33.26637],[-81.84386,33.26662],[-81.84214,33.26395],[-81.83834,33.26285],[-81.83754,33.26204],[-81.83674,33.25975],[-81.83454,33.25835],[-81.83384,33.25835],[-81.82844,33.26245],[-81.82854,33.26384],[-81.83014,33.26455],[-81.83344,33.26225],[-81.83534,33.26234],[-81.83594,33.26315],[-81.83604,33.26425],[-81.83524,33.26654],[-81.83574,33.27104],[-81.83554,33.27165],[-81.83318,33.27335],[-81.83244,33.27485],[-81.83264,33.27584],[-81.83334,33.27614],[-81.83634,33.27445],[-81.83884,33.27375],[-81.84404,33.27864],[-81.84444,33.27984],[-81.84424,33.28234],[-81.84564,33.28424],[-81.85184,33.28354],[-81.85764,33.28464],[-81.86134,33.28624],[-81.86324,33.28884],[-81.86334,33.28984],[-81.86164,33.29374],[-81.86204,33.29694],[-81.86154,33.29794],[-81.86004,33.29914],[-81.85294,33.29964],[-81.85164,33.29854],[-81.85034,33.29644],[-81.84963,33.29615],[-81.84874,33.29674],[-81.84954,33.30004],[-81.84652,33.30285],[-81.84604,33.30434],[-81.84774,33.30724],[-81.85173,33.30875],[-81.85365,33.31033],[-81.85568,33.31024],[-81.85785,33.30672],[-81.86034,33.30524],[-81.86206,33.30248],[-81.86393,33.30204],[-81.86474,33.30374],[-81.86394,33.30764],[-81.86494,33.31184],[-81.86654,33.31374],[-81.86864,33.31394],[-81.87044,33.31294],[-81.87374,33.30904],[-81.87637,33.30686],[-81.87794,33.30374],[-81.87904,33.30254],[-81.88074,33.30224],[-81.88184,33.30384],[-81.88224,33.30614],[-81.88344,33.30704],[-81.88464,33.30894],[-81.88414,33.31044],[-81.88204,33.31264],[-81.88154,33.31404],[-81.88164,33.31584],[-81.88254,33.31704],[-81.88374,33.31764],[-81.88664,33.31694],[-81.89054,33.31484],[-81.89254,33.31534],[-81.89294,33.31594],[-81.89274,33.31674],[-81.88994,33.31904],[-81.88914,33.32104],[-81.89054,33.32244],[-81.89554,33.32164],[-81.89784,33.32234],[-81.89904,33.32334],[-81.89944,33.32514],[-81.89694,33.32764],[-81.89654,33.32954],[-81.89694,33.33054],[-81.89944,33.33264],[-81.90138,33.33577],[-81.90234,33.33584],[-81.90364,33.33484],[-81.90274,33.33024],[-81.90464,33.32714],[-81.90604,33.32604],[-81.90613,33.32162],[-81.90705,33.32084],[-81.91154,33.31914],[-81.91284,33.31934],[-81.91374,33.32004],[-81.91294,33.32174],[-81.90914,33.32394],[-81.90824,33.32574],[-81.90814,33.32714],[-81.90944,33.32834],[-81.91834,33.33284],[-81.91914,33.33444],[-81.91764,33.33754],[-81.91614,33.33894],[-81.91504,33.34154],[-81.90984,33.34244],[-81.90844,33.34384],[-81.90914,33.34664],[-81.91146,33.34716],[-81.91321,33.34682],[-81.91604,33.34224],[-81.9188,33.34021],[-81.92346,33.3449],[-81.92474,33.34534],[-81.92754,33.34514],[-81.93034,33.34394],[-81.93274,33.34354],[-81.93724,33.34364],[-81.93974,33.34494],[-81.94024,33.34644],[-81.93984,33.34774],[-81.93564,33.35204],[-81.93474,33.35394],[-81.93483,33.35604],[-81.93624,33.35794],[-81.94174,33.36134],[-81.94474,33.36404],[-81.94674,33.36734],[-81.94684,33.36924],[-81.94634,33.37064],[-81.94374,33.37234],[-81.93964,33.37254],[-81.93774,33.37174],[-81.93464,33.36894],[-81.93294,33.36824],[-81.93063,33.36817],[-81.92574,33.37114],[-81.92494,33.37214],[-81.92484,33.37414],[-81.92498,33.37514],[-81.92891,33.37756],[-81.93086,33.38008],[-81.93155,33.38216],[-81.93201,33.38732],[-81.93545,33.39785],[-81.93811,33.39993],[-81.94448,33.40367],[-81.94563,33.40584],[-81.94545,33.40688],[-81.94489,33.40796],[-81.94267,33.40919],[-81.93477,33.4068],[-81.93077,33.40712],[-81.928,33.40888],[-81.92614,33.41137],[-81.9245,33.41248],[-81.92415,33.41066],[-81.91889,33.40745],[-81.91641,33.40735],[-81.91261,33.408],[-81.9112,33.40918],[-81.90979,33.41139],[-81.90963,33.4126],[-81.90988,33.41403],[-81.91077,33.41504],[-81.91358,33.41599],[-81.91633,33.41612],[-81.92078,33.41731],[-81.92455,33.41911],[-81.93113,33.42398],[-81.93243,33.42571],[-81.93139,33.42847],[-81.92974,33.42959],[-81.92072,33.43099],[-81.91732,33.43235],[-81.91561,33.43364],[-81.91428,33.4353],[-81.91313,33.43833],[-81.91385,33.44203],[-81.91944,33.4491],[-81.92634,33.46294],[-81.92944,33.46584],[-81.93414,33.46834],[-81.94174,33.47004],[-81.94644,33.47174],[-81.95744,33.47694],[-81.96704,33.48064],[-81.97342,33.48261],[-81.98064,33.48404],[-81.98594,33.48654],[-81.98934,33.49004],[-81.99094,33.49424],[-81.99038,33.50076],[-81.99194,33.50443],[-81.99444,33.50763],[-81.99594,33.51144],[-82.00054,33.51803],[-82.00134,33.52013],[-82.00434,33.52193],[-82.00714,33.52283],[-82.00829,33.52452],[-82.00983,33.53031],[-82.01154,33.53173],[-82.01984,33.53504],[-82.02344,33.53794],[-82.02344,33.54073],[-82.02824,33.54493],[-82.04877,33.53062],[-82.0537,33.5277],[-82.06303,33.52074],[-82.07069,33.5161],[-82.12895,33.47378],[-82.17934,33.43837],[-82.17995,33.43873],[-82.17971,33.4381],[-82.22102,33.40787]]]}},{"type":"Feature","properties":{"name":"Rockdale"},"geometry":{"type":"Polygon","coordinates":[[[-84.05439,33.72846],[-84.05661,33.72661],[-84.05861,33.72291],[-84.07811,33.68531],[-84.11579,33.61467],[-84.117,33.6172],[-84.11553,33.6183],[-84.11552,33.61889],[-84.11799,33.62024],[-84.11882,33.62219],[-84.1235,33.62366],[-84.12384,33.62561],[-84.12801,33.62677],[-84.12868,33.62796],[-84.12849,33.63016],[-84.12922,33.63137],[-84.13367,33.63148],[-84.13769,33.63062],[-84.14049,33.63147],[-84.14136,33.63261],[-84.14111,33.63412],[-84.14021,33.63543],[-84.13851,33.63637],[-84.13807,33.63716],[-84.13832,33.63767],[-84.1407,33.63766],[-84.14266,33.63637],[-84.14387,33.63632],[-84.1459,33.63763],[-84.14897,33.63872],[-84.15116,33.63877],[-84.15447,33.64575],[-84.15546,33.64565],[-84.15703,33.64438],[-84.15861,33.64448],[-84.15849,33.64246],[-84.15979,33.64008],[-84.16077,33.63948],[-84.1611,33.63779],[-84.16953,33.63913],[-84.17313,33.64097],[-84.17294,33.64158],[-84.17157,33.64222],[-84.17234,33.64323],[-84.17217,33.64437],[-84.17018,33.6459],[-84.18414,33.64616],[-84.18412,33.643],[-84.18051,33.63658],[-84.1801,33.6356],[-84.18021,33.6338],[-84.17945,33.63254],[-84.18109,33.63092],[-84.18154,33.62911],[-84.17665,33.6252],[-84.17515,33.62465],[-84.17212,33.62191],[-84.17216,33.62083],[-84.17029,33.61828],[-84.16471,33.61085],[-84.16123,33.60748],[-84.15769,33.60193],[-84.15381,33.59728],[-84.14971,33.5868],[-84.14683,33.58662],[-84.14496,33.58343],[-84.14011,33.58015],[-84.1394,33.57839],[-84.13984,33.57581],[-84.13935,33.57441],[-84.13863,33.57356],[-84.1373,33.57324],[-84.13384,33.56998],[-84.13108,33.56599],[-84.13088,33.56433],[-84.12937,33.56405],[-84.1281,33.56245],[-84.12481,33.56115],[-84.1233,33.56104],[-84.12019,33.56235],[-84.11732,33.5629],[-84.11534,33.56612],[-84.11289,33.5667],[-84.10682,33.56641],[-84.10555,33.56582],[-84.1039,33.56372],[-84.09105,33.55596],[-84.08989,33.55466],[-84.08574,33.55602],[-84.08206,33.55545],[-84.08058,33.55453],[-84.07893,33.55229],[-84.07721,33.55094],[-84.07639,33.55088],[-84.07528,33.55156],[-84.07448,33.55135],[-84.07315,33.54973],[-84.07288,33.54816],[-84.07008,33.54702],[-84.06907,33.54722],[-84.06653,33.54943],[-84.06572,33.54947],[-84.06274,33.54372],[-84.05959,33.54055],[-84.05748,33.54003],[-84.05576,33.54169],[-84.05276,33.54273],[-84.04985,33.54123],[-84.04859,33.5388],[-84.05136,33.53604],[-84.0506,33.53394],[-84.05093,33.53032],[-84.05206,33.52994],[-84.05496,33.53081],[-84.05584,33.53052],[-84.0563,33.52848],[-84.05613,33.5265],[-84.05445,33.52602],[-84.05297,33.5264],[-84.04656,33.53066],[-84.04567,33.5301],[-84.04468,33.52846],[-84.04449,33.52578],[-84.01068,33.56331],[-84.01065,33.55494],[-84.00328,33.55488],[-84.00337,33.56353],[-84.01045,33.56356],[-83.93086,33.65182],[-83.92998,33.65518],[-83.92992,33.65889],[-83.92576,33.66462],[-83.92309,33.67385],[-83.92363,33.67472],[-83.9231,33.67897],[-83.92463,33.68089],[-83.92252,33.68146],[-83.9232,33.68279],[-83.92253,33.68374],[-83.92258,33.68509],[-83.92214,33.68552],[-83.9204,33.68558],[-83.91812,33.68949],[-83.92038,33.69146],[-83.92064,33.6941],[-83.92269,33.69784],[-83.92391,33.70389],[-83.92552,33.70623],[-83.9246,33.70787],[-83.92524,33.71018],[-83.92411,33.71112],[-83.92305,33.71115],[-83.91966,33.7089],[-83.91759,33.70832],[-83.916,33.71029],[-83.91458,33.71068],[-83.91325,33.71258],[-83.91424,33.7135],[-83.91431,33.71474],[-83.91665,33.7164],[-83.9154,33.71856],[-83.91797,33.72112],[-83.9187,33.72376],[-83.91825,33.72491],[-83.91832,33.72737],[-83.91606,33.73118],[-83.9173,33.73416],[-83.91753,33.73711],[-83.91518,33.73933],[-83.91496,33.741],[-83.91561,33.74229],[-83.91495,33.74291],[-83.91481,33.74408],[-83.98203,33.78605],[-84.01751,33.75761],[-84.04123,33.73946],[-84.04553,33.73541],[-84.05439,33.72846]]]}},{"type":"Feature","properties":{"name":"Schley"},"geometry":{"type":"Polygon","coordinates":[[[-84.36322,32.39765],[-84.36292,32.38945],[-84.37272,32.38935],[-84.37282,32.39755],[-84.36322,32.39765],[-84.36242,32.42805],[-84.38182,32.42805],[-84.38212,32.41425],[-84.39232,32.41405],[-84.3909,32.37479],[-84.38993,32.29724],[-84.4133,32.29753],[-84.41328,32.28948],[-84.4101,32.28945],[-84.41041,32.23186],[-84.42945,32.23215],[-84.42992,32.19417],[-84.42785,32.19298],[-84.42371,32.19295],[-84.42008,32.19168],[-84.42051,32.17436],[-84.43002,32.17426],[-84.43022,32.16626],[-84.32411,32.16486],[-84.27991,32.16376],[-84.27991,32.15926],[-84.26991,32.15926],[-84.26961,32.16616],[-84.26041,32.16606],[-84.26061,32.15916],[-84.24991,32.16003],[-84.18357,32.15849],[-84.18166,32.2297],[-84.22014,32.23115],[-84.21921,32.29506],[-84.25591,32.29616],[-84.25461,32.37205],[-84.32381,32.37245],[-84.32331,32.39785],[-84.34371,32.39775],[-84.34351,32.38495],[-84.35312,32.38505],[-84.35322,32.39775],[-84.36322,32.39765]]]}},{"type":"Feature","properties":{"name":"Screven"},"geometry":{"type":"Polygon","coordinates":[[[-81.67175,32.96786],[-81.76765,32.90935],[-81.83465,32.7581],[-81.86794,32.68115],[-81.868,32.67993],[-81.86695,32.67731],[-81.86725,32.67605],[-81.86619,32.67471],[-81.86868,32.67317],[-81.86672,32.66983],[-81.86618,32.66967],[-81.86579,32.67115],[-81.86509,32.67106],[-81.86486,32.67037],[-81.86522,32.66894],[-81.86492,32.66795],[-81.86615,32.66848],[-81.86719,32.66599],[-81.86615,32.66531],[-81.86639,32.66454],[-81.86594,32.66291],[-81.86414,32.66211],[-81.86332,32.66032],[-81.86064,32.65852],[-81.85881,32.65803],[-81.85779,32.65862],[-81.85757,32.65828],[-81.85824,32.65715],[-81.85438,32.65652],[-81.85366,32.65498],[-81.85297,32.6546],[-81.85336,32.65371],[-81.85297,32.6531],[-81.84974,32.6525],[-81.84966,32.65165],[-81.84829,32.65114],[-81.84794,32.65222],[-81.84751,32.6523],[-81.84572,32.6496],[-81.84414,32.64943],[-81.84365,32.65004],[-81.841,32.64909],[-81.83922,32.64955],[-81.83654,32.65094],[-81.83795,32.6521],[-81.83498,32.65231],[-81.83431,32.65343],[-81.83135,32.65253],[-81.82891,32.65299],[-81.82602,32.65209],[-81.82598,32.65154],[-81.8271,32.65105],[-81.82699,32.65056],[-81.82224,32.64906],[-81.81932,32.64673],[-81.81601,32.64761],[-81.81338,32.6457],[-81.81314,32.64676],[-81.81103,32.64634],[-81.81096,32.64732],[-81.81016,32.64739],[-81.80836,32.64582],[-81.80723,32.64399],[-81.80364,32.64423],[-81.80202,32.6432],[-81.80051,32.64152],[-81.80038,32.64057],[-81.80159,32.63868],[-81.80288,32.63793],[-81.80292,32.63727],[-81.80214,32.63617],[-81.80028,32.63571],[-81.80065,32.63424],[-81.79804,32.6318],[-81.79836,32.63101],[-81.80045,32.63088],[-81.80117,32.63026],[-81.8008,32.62892],[-81.79905,32.62717],[-81.79737,32.62624],[-81.79618,32.62682],[-81.79542,32.62801],[-81.79382,32.62852],[-81.79131,32.62736],[-81.7896,32.62552],[-81.79052,32.62496],[-81.7905,32.62449],[-81.78819,32.62364],[-81.7885,32.62262],[-81.78603,32.62175],[-81.78486,32.62194],[-81.78313,32.6205],[-81.78284,32.61913],[-81.78464,32.61722],[-81.78397,32.61521],[-81.78177,32.61306],[-81.78003,32.6122],[-81.77949,32.61109],[-81.77744,32.60934],[-81.77379,32.60704],[-81.77283,32.60667],[-81.77236,32.60698],[-81.77274,32.60825],[-81.77362,32.60911],[-81.77115,32.60923],[-81.76838,32.60806],[-81.76816,32.60667],[-81.76638,32.60455],[-81.76149,32.60056],[-81.7605,32.60062],[-81.76083,32.60192],[-81.76029,32.60244],[-81.75799,32.60149],[-81.75606,32.60152],[-81.75565,32.60214],[-81.75474,32.60215],[-81.75386,32.60139],[-81.75492,32.60055],[-81.75481,32.5992],[-81.75277,32.59891],[-81.75131,32.59714],[-81.75024,32.59661],[-81.74956,32.59673],[-81.74941,32.59782],[-81.7486,32.59784],[-81.74748,32.59572],[-81.74813,32.59523],[-81.74637,32.59347],[-81.74607,32.59159],[-81.74512,32.59113],[-81.74338,32.59135],[-81.74121,32.59002],[-81.74175,32.58785],[-81.73978,32.58788],[-81.73859,32.58643],[-81.73332,32.58577],[-81.73394,32.58368],[-81.73456,32.5835],[-81.73451,32.58076],[-81.7337,32.57964],[-81.73247,32.57933],[-81.73306,32.57846],[-81.73193,32.57766],[-81.73262,32.57682],[-81.7325,32.57632],[-81.7302,32.57541],[-81.7301,32.57438],[-81.72955,32.57384],[-81.72663,32.57353],[-81.72711,32.57223],[-81.72549,32.57177],[-81.72459,32.57223],[-81.72384,32.57179],[-81.72163,32.56875],[-81.71934,32.56706],[-81.71941,32.56572],[-81.71812,32.56595],[-81.71565,32.56467],[-81.71403,32.56463],[-81.71319,32.56343],[-81.71234,32.56446],[-81.71211,32.56565],[-81.70898,32.56613],[-81.70798,32.56584],[-81.70685,32.56486],[-81.70635,32.56348],[-81.70501,32.5634],[-81.70425,32.56232],[-81.70277,32.56143],[-81.70254,32.55952],[-81.70369,32.5591],[-81.70341,32.55826],[-81.70193,32.55753],[-81.70055,32.5561],[-81.6993,32.55635],[-81.6971,32.5536],[-81.69521,32.55228],[-81.69611,32.55106],[-81.6926,32.54967],[-81.69173,32.54844],[-81.69041,32.54776],[-81.68964,32.54629],[-81.68865,32.54658],[-81.68771,32.54608],[-81.68614,32.54852],[-81.68518,32.5483],[-81.68381,32.54919],[-81.6832,32.54922],[-81.68229,32.54844],[-81.67764,32.54841],[-81.67574,32.54723],[-81.67618,32.54528],[-81.67543,32.54455],[-81.67122,32.54342],[-81.66879,32.54329],[-81.6669,32.54435],[-81.66619,32.54423],[-81.66593,32.54266],[-81.66485,32.54179],[-81.66443,32.54037],[-81.6647,32.53952],[-81.66579,32.53923],[-81.6658,32.5388],[-81.66164,32.53709],[-81.65976,32.53684],[-81.65993,32.53908],[-81.65943,32.53981],[-81.65841,32.53953],[-81.65652,32.53991],[-81.65521,32.53802],[-81.65547,32.53703],[-81.65345,32.53447],[-81.65353,32.53328],[-81.65451,32.53211],[-81.65449,32.53151],[-81.65313,32.53104],[-81.6506,32.5316],[-81.65054,32.53006],[-81.64812,32.52747],[-81.64715,32.52755],[-81.64637,32.52879],[-81.64125,32.52923],[-81.64073,32.52971],[-81.64172,32.5318],[-81.63972,32.5321],[-81.6394,32.53253],[-81.63333,32.52918],[-81.63266,32.53016],[-81.63006,32.52825],[-81.62876,32.52856],[-81.62868,32.52768],[-81.6301,32.52628],[-81.62888,32.52413],[-81.6272,32.5247],[-81.62436,32.52468],[-81.62386,32.5238],[-81.62124,32.52394],[-81.62125,32.52493],[-81.62064,32.52545],[-81.61745,32.52505],[-81.61696,32.5242],[-81.61827,32.5231],[-81.61748,32.52049],[-81.61755,32.51795],[-81.61642,32.5157],[-81.61517,32.51553],[-81.6126,32.51632],[-81.61292,32.51474],[-81.61252,32.51379],[-81.61146,32.51448],[-81.61073,32.51365],[-81.60869,32.51333],[-81.60629,32.51459],[-81.60577,32.5141],[-81.60609,32.51318],[-81.60384,32.51205],[-81.60524,32.5116],[-81.60527,32.51096],[-81.59989,32.50917],[-81.5992,32.50858],[-81.59956,32.50763],[-81.59883,32.50736],[-81.5956,32.50646],[-81.59337,32.50658],[-81.59294,32.50711],[-81.59343,32.50782],[-81.5955,32.50805],[-81.59476,32.50923],[-81.58775,32.51244],[-81.58543,32.51187],[-81.57848,32.51247],[-81.57591,32.50935],[-81.57401,32.50828],[-81.57359,32.50733],[-81.57429,32.50637],[-81.57413,32.50589],[-81.57281,32.50604],[-81.57212,32.50545],[-81.57078,32.50597],[-81.56774,32.50219],[-81.56672,32.50155],[-81.5617,32.50148],[-81.56165,32.50042],[-81.56303,32.49981],[-81.56192,32.49873],[-81.56263,32.49764],[-81.55981,32.49645],[-81.55971,32.49596],[-81.56045,32.49582],[-81.56002,32.49546],[-81.55836,32.49553],[-81.55762,32.49654],[-81.55706,32.49651],[-81.55618,32.49584],[-81.55469,32.49253],[-81.5529,32.4927],[-81.55183,32.49175],[-81.55061,32.49226],[-81.54957,32.49197],[-81.54801,32.48929],[-81.53856,32.50906],[-81.49116,32.53596],[-81.38921,32.59542],[-81.39376,32.60233],[-81.39703,32.60558],[-81.40467,32.6112],[-81.40646,32.61304],[-81.40752,32.61658],[-81.40844,32.61719],[-81.41048,32.61741],[-81.41191,32.61841],[-81.41297,32.6204],[-81.41235,32.62271],[-81.41309,32.6248],[-81.41738,32.62739],[-81.41866,32.62939],[-81.41843,32.6347],[-81.41701,32.63615],[-81.41476,32.63744],[-81.41341,32.63737],[-81.41288,32.63668],[-81.41152,32.63291],[-81.41026,32.63139],[-81.40933,32.6311],[-81.40727,32.63174],[-81.40285,32.63621],[-81.40274,32.63703],[-81.40424,32.63826],[-81.41005,32.63878],[-81.41183,32.63938],[-81.41255,32.64152],[-81.41182,32.64216],[-81.40811,32.64223],[-81.40511,32.64269],[-81.40358,32.6434],[-81.40003,32.64576],[-81.39804,32.64779],[-81.39459,32.64957],[-81.39303,32.65154],[-81.39382,32.65349],[-81.39943,32.65681],[-81.40327,32.65616],[-81.40527,32.65652],[-81.40719,32.66052],[-81.4073,32.66156],[-81.40665,32.66251],[-81.40537,32.66292],[-81.40412,32.66207],[-81.40325,32.65946],[-81.40233,32.6588],[-81.40034,32.65849],[-81.39829,32.6595],[-81.39715,32.66138],[-81.39754,32.66259],[-81.40147,32.66469],[-81.40391,32.66688],[-81.40429,32.6678],[-81.40318,32.67284],[-81.40103,32.67749],[-81.40121,32.67988],[-81.40322,32.68288],[-81.40432,32.68376],[-81.4058,32.68404],[-81.40701,32.68555],[-81.40571,32.68873],[-81.40568,32.68989],[-81.40749,32.69233],[-81.40901,32.69655],[-81.40962,32.69705],[-81.41087,32.69686],[-81.4112,32.69582],[-81.4103,32.69345],[-81.41054,32.69251],[-81.4124,32.6921],[-81.41358,32.69547],[-81.41781,32.69557],[-81.41888,32.69621],[-81.4206,32.69983],[-81.42142,32.70049],[-81.42674,32.70087],[-81.42752,32.7019],[-81.42408,32.70629],[-81.42436,32.70808],[-81.42646,32.70902],[-81.42593,32.71004],[-81.42244,32.70961],[-81.42119,32.71198],[-81.42004,32.71242],[-81.41667,32.71228],[-81.41556,32.71286],[-81.41512,32.71367],[-81.41504,32.71448],[-81.41576,32.71588],[-81.41935,32.71839],[-81.42028,32.71958],[-81.42034,32.72105],[-81.41838,32.72197],[-81.41157,32.72119],[-81.40999,32.72186],[-81.41007,32.7231],[-81.41058,32.72332],[-81.41559,32.72353],[-81.41777,32.72507],[-81.41781,32.72658],[-81.41675,32.72876],[-81.41828,32.73092],[-81.41854,32.73258],[-81.41704,32.73308],[-81.41467,32.73208],[-81.41327,32.73209],[-81.4121,32.73262],[-81.4116,32.73385],[-81.41377,32.73675],[-81.41368,32.73799],[-81.41267,32.73908],[-81.40824,32.73996],[-81.40704,32.74066],[-81.40607,32.74162],[-81.40493,32.74556],[-81.40502,32.74828],[-81.40587,32.74914],[-81.41066,32.74932],[-81.41787,32.74783],[-81.4186,32.74799],[-81.4197,32.74917],[-81.4191,32.75149],[-81.41673,32.75328],[-81.41371,32.75283],[-81.41157,32.75312],[-81.41022,32.75373],[-81.40816,32.7558],[-81.40799,32.75628],[-81.40856,32.75663],[-81.41112,32.75485],[-81.41226,32.75469],[-81.41404,32.75542],[-81.41382,32.75742],[-81.41184,32.76215],[-81.41209,32.76387],[-81.41325,32.76461],[-81.41463,32.76418],[-81.41663,32.76054],[-81.41777,32.76022],[-81.4189,32.76113],[-81.41736,32.76333],[-81.41683,32.76532],[-81.4171,32.76609],[-81.41894,32.76763],[-81.42289,32.7685],[-81.42911,32.7679],[-81.43194,32.76891],[-81.43208,32.77055],[-81.43151,32.77148],[-81.42985,32.77213],[-81.42259,32.773],[-81.4186,32.77273],[-81.41735,32.77334],[-81.41446,32.77815],[-81.41439,32.77893],[-81.41617,32.77979],[-81.42001,32.77892],[-81.42483,32.7787],[-81.42686,32.77946],[-81.43008,32.78177],[-81.43124,32.78414],[-81.4309,32.78511],[-81.42998,32.78524],[-81.42642,32.78267],[-81.42393,32.78273],[-81.42279,32.78341],[-81.42203,32.78457],[-81.42207,32.78556],[-81.42669,32.78651],[-81.42758,32.78694],[-81.42767,32.78761],[-81.42689,32.78895],[-81.425,32.79033],[-81.4197,32.79323],[-81.41988,32.79486],[-81.42298,32.794],[-81.42523,32.79419],[-81.42635,32.79888],[-81.42829,32.80083],[-81.42815,32.80152],[-81.4269,32.80224],[-81.42345,32.80176],[-81.42244,32.80248],[-81.42224,32.80313],[-81.42279,32.80429],[-81.42467,32.80663],[-81.42644,32.81071],[-81.42542,32.81113],[-81.42377,32.81051],[-81.42134,32.81211],[-81.4185,32.81566],[-81.41798,32.8182],[-81.41858,32.81868],[-81.42059,32.81865],[-81.42435,32.81618],[-81.42709,32.81687],[-81.42824,32.81858],[-81.42795,32.81938],[-81.42304,32.81975],[-81.42236,32.82024],[-81.42195,32.82147],[-81.42249,32.82289],[-81.43016,32.82777],[-81.42915,32.82864],[-81.42367,32.82831],[-81.42183,32.82927],[-81.42062,32.83122],[-81.42104,32.83341],[-81.42161,32.83518],[-81.42331,32.8366],[-81.42648,32.84077],[-81.43012,32.8419],[-81.43285,32.84348],[-81.43481,32.84354],[-81.43718,32.84053],[-81.43865,32.84008],[-81.44036,32.84113],[-81.44288,32.84585],[-81.44228,32.84859],[-81.44267,32.85011],[-81.4436,32.85063],[-81.44487,32.85097],[-81.4494,32.84913],[-81.4512,32.84792],[-81.45174,32.84476],[-81.45274,32.84415],[-81.46072,32.84604],[-81.46021,32.8474],[-81.45769,32.84656],[-81.45556,32.84651],[-81.45706,32.85039],[-81.45692,32.8526],[-81.45595,32.85515],[-81.45302,32.85964],[-81.45336,32.86385],[-81.45137,32.86716],[-81.45135,32.86858],[-81.45288,32.87296],[-81.45392,32.87407],[-81.45841,32.87396],[-81.46056,32.87516],[-81.46188,32.87755],[-81.46505,32.8809],[-81.46714,32.8806],[-81.46804,32.87668],[-81.47038,32.87627],[-81.47171,32.87691],[-81.47592,32.87764],[-81.47752,32.87967],[-81.47944,32.88108],[-81.47725,32.88555],[-81.47747,32.88668],[-81.4764,32.88796],[-81.4717,32.89044],[-81.47024,32.89039],[-81.4671,32.889],[-81.46619,32.88913],[-81.46608,32.88994],[-81.46823,32.89165],[-81.46823,32.89325],[-81.46465,32.896],[-81.46407,32.89781],[-81.46513,32.89932],[-81.4677,32.9009],[-81.47076,32.9009],[-81.47162,32.9],[-81.4718,32.8985],[-81.47065,32.89504],[-81.47118,32.89411],[-81.47214,32.89381],[-81.47553,32.89672],[-81.47994,32.89796],[-81.48081,32.89861],[-81.48087,32.90022],[-81.47937,32.90233],[-81.47918,32.9042],[-81.47918,32.90564],[-81.48144,32.90889],[-81.48001,32.91344],[-81.4813,32.91459],[-81.48464,32.91423],[-81.48705,32.91477],[-81.48763,32.91641],[-81.48726,32.91785],[-81.48444,32.91882],[-81.48325,32.92063],[-81.4832,32.9218],[-81.4896,32.92704],[-81.49207,32.92782],[-81.49509,32.9316],[-81.49983,32.93261],[-81.50243,32.93535],[-81.50272,32.93869],[-81.49957,32.94372],[-81.49945,32.94499],[-81.50402,32.94809],[-81.50861,32.95255],[-81.51001,32.95733],[-81.51005,32.96097],[-81.51135,32.96672],[-81.5108,32.96853],[-81.50884,32.96937],[-81.50785,32.96885],[-81.50757,32.96559],[-81.50614,32.96413],[-81.50246,32.9628],[-81.49983,32.96382],[-81.49784,32.97301],[-81.49474,32.979],[-81.4948,32.98059],[-81.49567,32.98273],[-81.49416,32.9857],[-81.496,32.9883],[-81.49633,32.99021],[-81.49614,32.99091],[-81.49225,32.99351],[-81.49146,32.99544],[-81.4912,32.99782],[-81.4915,32.99857],[-81.49274,32.99911],[-81.49737,32.99976],[-81.49983,33.00065],[-81.50063,33.00245],[-81.50013,33.00375],[-81.49875,33.00506],[-81.49437,33.00577],[-81.4919,33.00669],[-81.49142,33.00808],[-81.49225,33.00934],[-81.49664,33.01022],[-81.49868,33.01134],[-81.50203,33.01511],[-81.50405,33.01625],[-81.50568,33.01597],[-81.50667,33.01508],[-81.50741,33.01154],[-81.50822,33.01053],[-81.50952,33.01001],[-81.51069,33.01032],[-81.51163,33.01159],[-81.51156,33.01237],[-81.5084,33.01555],[-81.50822,33.01751],[-81.51028,33.02123],[-81.51133,33.02146],[-81.51372,33.02057],[-81.51607,33.02083],[-81.51839,33.02159],[-81.51907,33.0232],[-81.51759,33.02399],[-81.51402,33.02366],[-81.51169,33.02451],[-81.51059,33.02581],[-81.51124,33.02779],[-81.51323,33.02855],[-81.51963,33.02918],[-81.52274,33.03084],[-81.52845,33.03565],[-81.52879,33.03687],[-81.52843,33.03993],[-81.52912,33.04081],[-81.53072,33.04086],[-81.5355,33.03849],[-81.53879,33.03918],[-81.54008,33.04061],[-81.54183,33.04565],[-81.62489,32.99642],[-81.67175,32.96786]]]}},{"type":"Feature","properties":{"name":"Seminole"},"geometry":{"type":"Polygon","coordinates":[[[-84.90473,31.07232],[-85.01611,31.07538],[-85.02739,31.07556],[-85.02857,31.07525],[-85.02836,31.0741],[-85.0264,31.0712],[-85.02129,31.06537],[-85.01815,31.05925],[-85.01312,31.05584],[-85.01139,31.05355],[-85.01025,31.04825],[-85.00913,31.04653],[-85.00858,31.04406],[-85.00941,31.03238],[-85.00505,31.0247],[-85.00455,31.01918],[-85.00006,31.01498],[-84.99943,31.01384],[-84.99995,31.00856],[-85.0025,31.00069],[-85.0019,31.00068],[-85.00182,30.99789],[-85.00299,30.99262],[-85.00238,30.98784],[-85.00593,30.9798],[-85.00573,30.97591],[-85.00403,30.97347],[-84.99993,30.97119],[-84.99763,30.97119],[-84.98722,30.96854],[-84.98413,30.96709],[-84.98253,30.96559],[-84.98013,30.96129],[-84.97953,30.95559],[-84.98223,30.94689],[-84.98303,30.94259],[-84.98363,30.93699],[-84.98313,30.93479],[-84.98063,30.93269],[-84.97523,30.93079],[-84.97103,30.92819],[-84.96943,30.92199],[-84.96673,30.91729],[-84.95613,30.90759],[-84.95232,30.90229],[-84.94963,30.89739],[-84.94642,30.89389],[-84.94253,30.88849],[-84.94132,30.88769],[-84.93812,30.88679],[-84.93502,30.88479],[-84.93442,30.88359],[-84.93412,30.88249],[-84.93452,30.88129],[-84.93962,30.87429],[-84.93982,30.87259],[-84.93882,30.87079],[-84.93312,30.86589],[-84.93232,30.86429],[-84.93302,30.86259],[-84.93522,30.86139],[-84.93642,30.85979],[-84.93612,30.85699],[-84.93322,30.85149],[-84.92782,30.84789],[-84.92632,30.84539],[-84.92567,30.84268],[-84.92624,30.83996],[-84.92708,30.83902],[-84.93214,30.8383],[-84.93481,30.83585],[-84.93592,30.83329],[-84.93722,30.82519],[-84.93742,30.82089],[-84.93682,30.81849],[-84.93092,30.81049],[-84.92832,30.80509],[-84.92792,30.80279],[-84.92902,30.79729],[-84.92832,30.79309],[-84.92672,30.79019],[-84.91802,30.77809],[-84.91743,30.77589],[-84.91802,30.77209],[-84.92012,30.76599],[-84.91502,30.76119],[-84.91442,30.75389],[-84.91352,30.75229],[-84.91112,30.75119],[-84.90732,30.75059],[-84.90192,30.75189],[-84.89802,30.75149],[-84.89612,30.75059],[-84.89617,30.75019],[-84.88752,30.74179],[-84.88522,30.73499],[-84.88382,30.73259],[-84.87542,30.72749],[-84.87132,30.72378],[-84.86815,30.71909],[-84.86469,30.71154],[-84.86347,30.71149],[-84.86294,30.71466],[-84.86333,30.71807],[-84.86921,30.72723],[-84.87132,30.73246],[-84.86981,30.73728],[-84.86906,30.74304],[-84.86753,30.74767],[-84.86625,30.74953],[-84.86513,30.75018],[-84.86552,30.75059],[-84.86442,30.75129],[-84.86142,30.75159],[-84.85953,30.75288],[-84.86142,30.75739],[-84.86112,30.76199],[-84.85952,30.76359],[-84.85882,30.76369],[-84.85592,30.76219],[-84.85182,30.76349],[-84.84932,30.76679],[-84.84942,30.76739],[-84.85082,30.76839],[-84.84992,30.77219],[-84.84562,30.77339],[-84.84042,30.77219],[-84.83952,30.77309],[-84.83962,30.77639],[-84.83842,30.77689],[-84.83782,30.77799],[-84.83632,30.77889],[-84.83352,30.77919],[-84.82872,30.77739],[-84.82852,30.77859],[-84.82712,30.77829],[-84.82702,30.77899],[-84.82532,30.77849],[-84.82502,30.77899],[-84.82322,30.77919],[-84.82212,30.78029],[-84.82082,30.7794],[-84.82082,30.78189],[-84.81792,30.78319],[-84.81502,30.78279],[-84.81542,30.78199],[-84.81392,30.78139],[-84.81312,30.78309],[-84.81192,30.78299],[-84.81092,30.78619],[-84.81032,30.78709],[-84.80922,30.78759],[-84.8078,30.78974],[-84.80702,30.79149],[-84.80742,30.79259],[-84.80612,30.79519],[-84.80622,30.79649],[-84.80522,30.79699],[-84.80482,30.79789],[-84.80292,30.79859],[-84.80252,30.79929],[-84.80282,30.79979],[-84.80102,30.80139],[-84.79982,30.80129],[-84.79902,30.80199],[-84.79622,30.80069],[-84.79582,30.80109],[-84.79472,30.80099],[-84.79442,30.80159],[-84.79292,30.80079],[-84.79252,30.80089],[-84.79232,30.80189],[-84.79112,30.80159],[-84.79102,30.80049],[-84.79032,30.80099],[-84.78882,30.80099],[-84.78872,30.80039],[-84.78792,30.80019],[-84.78772,30.80099],[-84.78672,30.80139],[-84.78802,30.80149],[-84.78832,30.80199],[-84.78692,30.80519],[-84.78822,30.80719],[-84.78812,30.80899],[-84.78872,30.80909],[-84.78752,30.81079],[-84.78812,30.81259],[-84.78942,30.81289],[-84.78992,30.81349],[-84.78922,30.81638],[-84.78812,30.81688],[-84.78702,30.81668],[-84.78692,30.81739],[-84.78452,30.81848],[-84.78412,30.81998],[-84.78512,30.82019],[-84.78532,30.82069],[-84.78532,30.82359],[-84.78472,30.82449],[-84.78241,30.82544],[-84.78202,30.82599],[-84.78252,30.82749],[-84.77952,30.82839],[-84.77832,30.82779],[-84.77722,30.82899],[-84.77692,30.83029],[-84.77492,30.83209],[-84.77272,30.83309],[-84.77222,30.83449],[-84.77311,30.8361],[-84.772,30.83638],[-84.77032,30.83539],[-84.76892,30.83689],[-84.76972,30.83749],[-84.76962,30.83939],[-84.77082,30.84069],[-84.77132,30.84249],[-84.76972,30.84369],[-84.76952,30.87639],[-84.76688,30.87634],[-84.76689,30.88531],[-84.75592,30.88527],[-84.75472,30.97743],[-84.75295,31.04121],[-84.7423,31.04092],[-84.74227,31.0501],[-84.73162,31.05009],[-84.73086,31.06919],[-84.86777,31.07123],[-84.87798,31.07196],[-84.90473,31.07232]]]}},{"type":"Feature","properties":{"name":"Spalding"},"geometry":{"type":"Polygon","coordinates":[[[-84.39365,33.31457],[-84.39284,33.31278],[-84.39317,33.30853],[-84.39281,33.30806],[-84.3945,33.30769],[-84.39552,33.3055],[-84.39488,33.3041],[-84.39674,33.30294],[-84.39703,33.30157],[-84.39838,33.30143],[-84.39793,33.30275],[-84.3985,33.30423],[-84.40273,33.30544],[-84.40546,33.30229],[-84.4064,33.29935],[-84.40837,33.29842],[-84.40747,33.29655],[-84.40852,33.29552],[-84.40859,33.29406],[-84.41052,33.29457],[-84.41074,33.29384],[-84.41182,33.29367],[-84.41284,33.29458],[-84.41346,33.29357],[-84.41332,33.29232],[-84.41499,33.29322],[-84.41586,33.29264],[-84.4191,33.29355],[-84.41934,33.29263],[-84.41846,33.29189],[-84.41886,33.29156],[-84.42016,33.29194],[-84.42042,33.29075],[-84.4191,33.28727],[-84.42035,33.28654],[-84.42197,33.2868],[-84.42289,33.28645],[-84.42461,33.28244],[-84.42657,33.2807],[-84.4259,33.2799],[-84.42687,33.27941],[-84.42646,33.27892],[-84.42778,33.27751],[-84.42925,33.27677],[-84.42851,33.27568],[-84.4308,33.27582],[-84.43033,33.27501],[-84.43085,33.27351],[-84.42998,33.27292],[-84.43046,33.2724],[-84.4316,33.27234],[-84.43177,33.27171],[-84.43041,33.2685],[-84.43115,33.26695],[-84.43071,33.26581],[-84.43131,33.26317],[-84.43282,33.26338],[-84.43338,33.26161],[-84.43232,33.25822],[-84.43326,33.25728],[-84.43291,33.2565],[-84.49753,33.25742],[-84.49704,33.25624],[-84.4973,33.25233],[-84.49825,33.25002],[-84.49971,33.25007],[-84.50161,33.25146],[-84.50231,33.25075],[-84.50433,33.25011],[-84.50444,33.24953],[-84.5058,33.24856],[-84.50795,33.24862],[-84.50802,33.24761],[-84.50736,33.24632],[-84.5091,33.24479],[-84.50881,33.24351],[-84.50787,33.24233],[-84.50806,33.24034],[-84.50851,33.23985],[-84.50701,33.2378],[-84.50593,33.23803],[-84.50613,33.23892],[-84.50496,33.23853],[-84.50407,33.23914],[-84.50319,33.23745],[-84.50227,33.23696],[-84.50216,33.23395],[-84.50029,33.23344],[-84.50092,33.23118],[-84.50293,33.22926],[-84.50383,33.22733],[-84.50565,33.22679],[-84.50582,33.22727],[-84.50478,33.22836],[-84.50573,33.22881],[-84.5066,33.22664],[-84.50407,33.22352],[-84.50407,33.22223],[-84.50228,33.22094],[-84.50273,33.21969],[-84.50058,33.21896],[-84.50148,33.21757],[-84.5011,33.21665],[-84.50235,33.21635],[-84.50241,33.21534],[-84.50192,33.2149],[-84.50055,33.21507],[-84.49958,33.21367],[-84.50004,33.21298],[-84.49951,33.2122],[-84.49812,33.21174],[-84.49819,33.21048],[-84.49728,33.21038],[-84.49679,33.20981],[-84.49609,33.2074],[-84.49744,33.20621],[-84.49713,33.20509],[-84.4982,33.2047],[-84.49795,33.20358],[-84.49844,33.20165],[-84.49691,33.2017],[-84.49452,33.20035],[-84.493,33.2001],[-84.49209,33.19822],[-84.49054,33.19759],[-84.49258,33.19561],[-84.49315,33.1964],[-84.49383,33.19651],[-84.49501,33.19425],[-84.49599,33.19358],[-84.49674,33.19226],[-84.49628,33.19061],[-84.49514,33.18962],[-84.49559,33.18825],[-84.49498,33.18759],[-84.49613,33.18637],[-84.49663,33.18498],[-84.49687,33.1841],[-84.49641,33.18344],[-84.49504,33.18508],[-84.49311,33.1863],[-84.49042,33.18678],[-84.48946,33.18615],[-84.48865,33.18729],[-84.48727,33.18679],[-84.48087,33.18875],[-84.48046,33.1905],[-84.47842,33.1912],[-84.47792,33.19226],[-84.47742,33.1923],[-84.47797,33.1934],[-84.47692,33.19408],[-84.47733,33.19517],[-84.47627,33.19585],[-84.47625,33.19942],[-84.47433,33.20157],[-84.4725,33.20188],[-84.47083,33.20056],[-84.47046,33.20169],[-84.46916,33.20156],[-84.46794,33.19964],[-84.46675,33.19929],[-84.46239,33.2019],[-84.45851,33.20098],[-84.45528,33.20264],[-84.45523,33.20359],[-84.45294,33.20635],[-84.45277,33.20827],[-84.45134,33.20889],[-84.40448,33.2085],[-84.39347,33.20831],[-84.39363,33.20027],[-84.37314,33.20036],[-84.37369,33.18962],[-84.2275,33.18891],[-84.22398,33.18336],[-84.22428,33.17939],[-84.12398,33.17862],[-84.12344,33.23616],[-84.123,33.24451],[-84.11812,33.24442],[-84.11812,33.24873],[-84.12268,33.2488],[-84.12262,33.25267],[-84.08899,33.28565],[-84.09145,33.2865],[-84.09301,33.28992],[-84.09698,33.29166],[-84.09721,33.2921],[-84.09672,33.29282],[-84.09714,33.29382],[-84.09885,33.2948],[-84.10313,33.29899],[-84.10574,33.29957],[-84.10884,33.30128],[-84.11006,33.30034],[-84.11009,33.29913],[-84.11162,33.29822],[-84.11375,33.29774],[-84.11647,33.30033],[-84.118,33.30088],[-84.11855,33.30242],[-84.12138,33.30188],[-84.1218,33.30075],[-84.12403,33.30007],[-84.12456,33.30021],[-84.12463,33.3009],[-84.12743,33.30137],[-84.12788,33.30237],[-84.13118,33.30229],[-84.13437,33.30375],[-84.13507,33.30819],[-84.13875,33.30891],[-84.13847,33.31064],[-84.13984,33.31175],[-84.13983,33.31292],[-84.14217,33.31352],[-84.14303,33.31466],[-84.14552,33.3137],[-84.14626,33.31396],[-84.14594,33.3153],[-84.14486,33.31568],[-84.14502,33.31653],[-84.14892,33.31506],[-84.14811,33.31393],[-84.14818,33.31313],[-84.15018,33.31354],[-84.15091,33.31298],[-84.15058,33.33564],[-84.19309,33.33603],[-84.24727,33.33581],[-84.24701,33.3516],[-84.24744,33.35262],[-84.38812,33.35246],[-84.38583,33.35027],[-84.38433,33.34588],[-84.38277,33.34313],[-84.38273,33.3419],[-84.38378,33.34078],[-84.38304,33.34021],[-84.38353,33.33888],[-84.38442,33.33921],[-84.38583,33.34128],[-84.38677,33.33987],[-84.38585,33.33891],[-84.38737,33.33878],[-84.38873,33.33934],[-84.3896,33.33717],[-84.38932,33.33624],[-84.38851,33.33578],[-84.39052,33.33426],[-84.39011,33.33334],[-84.38904,33.33303],[-84.38902,33.33188],[-84.3866,33.33142],[-84.38721,33.33086],[-84.38718,33.33016],[-84.38584,33.32952],[-84.38548,33.3278],[-84.38479,33.32729],[-84.38561,33.32483],[-84.38442,33.32412],[-84.38552,33.32171],[-84.38403,33.31961],[-84.38595,33.3185],[-84.3868,33.31628],[-84.38884,33.31539],[-84.39024,33.31625],[-84.39173,33.31638],[-84.39227,33.31715],[-84.39307,33.31701],[-84.39365,33.31457]]]}},{"type":"Feature","properties":{"name":"Stephens"},"geometry":{"type":"Polygon","coordinates":[[[-83.42185,34.55918],[-83.45843,34.48393],[-83.41498,34.46868],[-83.41312,34.46771],[-83.41157,34.46585],[-83.40912,34.46451],[-83.40425,34.4638],[-83.40065,34.46175],[-83.39805,34.461],[-83.38574,34.46516],[-83.37305,34.47022],[-83.25759,34.4738],[-83.20955,34.47609],[-83.17784,34.47702],[-83.1518,34.49847],[-83.10367,34.53662],[-83.10345,34.53862],[-83.10512,34.54104],[-83.10771,34.54126],[-83.10924,34.54218],[-83.11032,34.54424],[-83.11025,34.54706],[-83.11067,34.54786],[-83.11427,34.55082],[-83.1179,34.55274],[-83.12189,34.55234],[-83.12347,34.55331],[-83.12405,34.55407],[-83.12424,34.5556],[-83.12205,34.55803],[-83.12202,34.55893],[-83.1229,34.56012],[-83.12718,34.562],[-83.12968,34.5617],[-83.13098,34.5611],[-83.13228,34.5597],[-83.13338,34.5595],[-83.13988,34.5618],[-83.14078,34.5627],[-83.13968,34.5669],[-83.13988,34.568],[-83.14318,34.5734],[-83.14638,34.5753],[-83.14898,34.576],[-83.15258,34.5783],[-83.15898,34.5793],[-83.15908,34.5815],[-83.15778,34.5838],[-83.15458,34.5869],[-83.15458,34.5882],[-83.15818,34.5896],[-83.16088,34.5895],[-83.16828,34.591],[-83.16967,34.59169],[-83.17038,34.5927],[-83.17018,34.5953],[-83.17098,34.5981],[-83.17098,34.5988],[-83.16928,34.6],[-83.16508,34.6009],[-83.16058,34.5995],[-83.15908,34.6022],[-83.15968,34.6033],[-83.16428,34.6044],[-83.17048,34.6077],[-83.17258,34.6078],[-83.17568,34.6073],[-83.18078,34.6075],[-83.18528,34.607],[-83.19688,34.6031],[-83.19738,34.6032],[-83.19698,34.606],[-83.19778,34.6071],[-83.19978,34.6084],[-83.20379,34.6096],[-83.20883,34.6107],[-83.2164,34.61101],[-83.22228,34.60948],[-83.22778,34.6113],[-83.22968,34.6109],[-83.23258,34.6116],[-83.23821,34.61574],[-83.24338,34.618],[-83.24358,34.6189],[-83.24238,34.6205],[-83.24067,34.62451],[-83.24648,34.6269],[-83.24748,34.6305],[-83.24828,34.6317],[-83.25198,34.6339],[-83.25388,34.6367],[-83.25648,34.6383],[-83.26258,34.6404],[-83.27198,34.6419],[-83.27796,34.64485],[-83.27958,34.648],[-83.28078,34.649],[-83.28208,34.6497],[-83.28518,34.6503],[-83.29318,34.6543],[-83.30085,34.66247],[-83.30148,34.66658],[-83.30464,34.66956],[-83.30892,34.67027],[-83.31439,34.66894],[-83.3164,34.66932],[-83.31852,34.67477],[-83.31944,34.67597],[-83.32146,34.67754],[-83.329,34.68114],[-83.33282,34.68119],[-83.33814,34.68005],[-83.34053,34.68074],[-83.342,34.68177],[-83.34262,34.68299],[-83.33823,34.68719],[-83.36504,34.67531],[-83.38913,34.62679],[-83.42185,34.55918]]]}},{"type":"Feature","properties":{"name":"Stewart"},"geometry":{"type":"Polygon","coordinates":[[[-85.06206,32.13249],[-85.06154,32.12967],[-85.05916,32.12526],[-85.05505,32.11367],[-85.0534,32.10484],[-85.05169,32.10152],[-85.04955,32.09536],[-85.04506,32.08806],[-85.04476,32.08584],[-85.04685,32.08378],[-85.05116,32.08253],[-85.05323,32.0806],[-85.05581,32.07444],[-85.05549,32.07266],[-85.05422,32.07091],[-85.05418,32.06798],[-85.05673,32.06035],[-85.05663,32.05416],[-85.05883,32.04666],[-85.05803,32.04376],[-85.05415,32.03932],[-85.05347,32.03782],[-85.05353,32.03595],[-85.05803,32.03361],[-85.05777,32.03182],[-85.05625,32.02834],[-85.05522,32.02721],[-85.04887,32.02301],[-85.04883,32.0217],[-85.04901,32.02118],[-85.0512,32.02067],[-85.05367,32.02066],[-85.05531,32.01775],[-85.05381,32.0135],[-85.05508,32.01071],[-85.06344,32.00414],[-85.06454,32.00249],[-85.06743,31.99526],[-85.06823,31.99186],[-85.06093,31.99186],[-85.06094,31.9851],[-85.04193,31.98476],[-85.04203,31.97566],[-85.01193,31.97586],[-85.01183,31.98376],[-85.00113,31.98386],[-85.00123,31.97596],[-84.9537,31.97478],[-84.95403,31.96677],[-84.96395,31.96693],[-84.96421,31.95906],[-84.9737,31.9593],[-84.97407,31.95021],[-84.9549,31.95028],[-84.95525,31.94226],[-84.93576,31.94184],[-84.93614,31.93375],[-84.9172,31.93309],[-84.91726,31.92466],[-84.8104,31.92291],[-84.81012,31.93184],[-84.80065,31.93153],[-84.80066,31.92285],[-84.68552,31.92031],[-84.68571,31.92898],[-84.67579,31.92868],[-84.67583,31.92053],[-84.65582,31.92031],[-84.65495,31.9418],[-84.65501,31.96153],[-84.64536,31.96149],[-84.64513,31.96972],[-84.65504,31.96965],[-84.65519,31.97706],[-84.64499,31.977],[-84.64481,31.98432],[-84.65517,31.98435],[-84.65492,32.01046],[-84.65426,32.01231],[-84.65406,32.0151],[-84.65412,32.02846],[-84.64442,32.02886],[-84.64427,32.03702],[-84.64356,32.037],[-84.64402,32.04466],[-84.64232,32.15185],[-84.65142,32.15185],[-84.65162,32.16015],[-84.64242,32.16015],[-84.64262,32.16795],[-84.64042,32.16795],[-84.64032,32.17655],[-84.63132,32.17635],[-84.63112,32.18405],[-84.64032,32.18425],[-84.64032,32.22525],[-84.64932,32.22515],[-84.64932,32.23295],[-84.77812,32.23085],[-84.80252,32.23085],[-84.80253,32.22095],[-84.81402,32.22105],[-84.81392,32.23085],[-84.92333,32.23085],[-84.92353,32.22785],[-84.92293,32.22475],[-84.92543,32.22155],[-84.93013,32.21905],[-84.93933,32.21795],[-84.94893,32.21855],[-84.9594,32.21786],[-84.96813,32.21935],[-84.97083,32.21885],[-84.97333,32.21765],[-84.97703,32.21455],[-84.97983,32.21105],[-84.98043,32.20945],[-84.98023,32.20775],[-84.97763,32.20625],[-84.97443,32.20355],[-84.97293,32.20335],[-84.96943,32.20445],[-84.96693,32.20445],[-84.96463,32.20355],[-84.96273,32.20155],[-84.96173,32.19875],[-84.96373,32.19585],[-84.96683,32.19395],[-84.96913,32.19385],[-84.97503,32.19105],[-84.99013,32.18685],[-85.00053,32.18309],[-85.00853,32.1819],[-85.01127,32.18049],[-85.01345,32.17869],[-85.01708,32.17352],[-85.02658,32.1661],[-85.03034,32.16173],[-85.03348,32.15693],[-85.03874,32.15227],[-85.04559,32.14376],[-85.05247,32.13905],[-85.05875,32.13602],[-85.06114,32.13407],[-85.06206,32.13249]]]}},{"type":"Feature","properties":{"name":"Sumter"},"geometry":{"type":"Polygon","coordinates":[[[-84.20206,31.91504],[-84.1249,31.91402],[-84.01077,31.91358],[-83.99806,31.91281],[-83.93568,31.91184],[-83.92249,31.90965],[-83.92178,31.91525],[-83.91985,31.91924],[-83.91912,31.92309],[-83.92022,31.92772],[-83.92641,31.93705],[-83.9268,31.94143],[-83.92498,31.94806],[-83.92809,31.95181],[-83.93029,31.95609],[-83.93366,31.95911],[-83.93367,31.95992],[-83.93193,31.96203],[-83.93206,31.96403],[-83.93913,31.97539],[-83.94133,31.97745],[-83.94199,31.98105],[-83.94448,31.9829],[-83.94609,31.9866],[-83.94646,31.98932],[-83.94831,31.99147],[-83.94769,31.99262],[-83.94519,31.99151],[-83.94473,31.9917],[-83.94455,31.99514],[-83.94495,31.99643],[-83.94846,31.99616],[-83.95042,31.9972],[-83.95023,32.00017],[-83.95168,32.0023],[-83.95108,32.00433],[-83.95186,32.00643],[-83.95099,32.00909],[-83.95119,32.01062],[-83.95199,32.01205],[-83.9503,32.01538],[-83.95086,32.01614],[-83.95289,32.01687],[-83.95522,32.02003],[-83.95737,32.02],[-83.95824,32.02031],[-83.95885,32.02122],[-83.95855,32.02222],[-83.95784,32.02273],[-83.9592,32.02444],[-83.95967,32.02785],[-83.96183,32.03176],[-83.96147,32.03588],[-83.96735,32.03731],[-83.96903,32.03826],[-83.96927,32.03867],[-83.96852,32.03995],[-83.96745,32.04047],[-83.96663,32.04175],[-83.96692,32.04409],[-83.96778,32.04547],[-83.96841,32.04606],[-83.97074,32.04616],[-83.97543,32.0432],[-83.97734,32.04269],[-83.97937,32.04341],[-83.98039,32.04491],[-83.97681,32.06161],[-83.9772,32.06321],[-83.978,32.06443],[-83.98235,32.0682],[-83.98674,32.07069],[-83.98716,32.07163],[-83.98612,32.07337],[-83.98396,32.07459],[-83.98309,32.07575],[-83.98133,32.08179],[-83.97828,32.08541],[-83.97862,32.08723],[-83.97693,32.09019],[-83.975,32.091],[-83.97484,32.09219],[-83.9775,32.09241],[-83.97811,32.09468],[-83.97876,32.095],[-83.97959,32.09497],[-83.98062,32.09396],[-83.98243,32.09422],[-83.98357,32.09333],[-83.98472,32.09339],[-83.98517,32.09402],[-83.98487,32.09581],[-83.98581,32.09656],[-83.98695,32.09639],[-83.98889,32.09509],[-83.99036,32.09525],[-83.99067,32.09612],[-83.99028,32.09731],[-83.98828,32.10034],[-83.98877,32.10113],[-83.99338,32.10122],[-83.99566,32.10011],[-83.99781,32.10045],[-83.99817,32.10135],[-83.99712,32.10248],[-83.99777,32.10356],[-84.00003,32.10442],[-84.00062,32.1052],[-84.00015,32.10707],[-84.00083,32.10892],[-84.00019,32.10935],[-83.99917,32.10862],[-83.99841,32.10877],[-83.99758,32.1106],[-83.99662,32.11133],[-83.99655,32.11256],[-83.99744,32.11288],[-83.99942,32.11147],[-84.0014,32.11153],[-84.00241,32.11222],[-84.00385,32.11494],[-84.00699,32.11544],[-84.00659,32.11741],[-84.0069,32.11796],[-84.01058,32.11795],[-84.01162,32.1187],[-84.01196,32.1199],[-84.0114,32.12186],[-84.01185,32.12486],[-84.00853,32.12943],[-84.00868,32.131],[-84.01023,32.13186],[-84.01343,32.13098],[-84.01508,32.13123],[-84.02151,32.13601],[-84.0226,32.13796],[-84.02141,32.13936],[-84.02169,32.14105],[-84.02319,32.14205],[-84.02507,32.14534],[-84.02993,32.1506],[-84.03306,32.15206],[-84.03337,32.15264],[-84.03337,32.15377],[-84.03192,32.15384],[-84.03131,32.15438],[-84.03178,32.15639],[-84.03104,32.15811],[-84.03139,32.15909],[-84.03309,32.16004],[-84.03333,32.16118],[-84.03239,32.16173],[-84.03076,32.1612],[-84.02986,32.16141],[-84.02925,32.16652],[-84.02746,32.16656],[-84.02674,32.16711],[-84.0269,32.16787],[-84.02827,32.16926],[-84.02742,32.17098],[-84.02827,32.17138],[-84.03131,32.17053],[-84.03169,32.1711],[-84.03105,32.17261],[-84.03172,32.1734],[-84.03438,32.17334],[-84.0371,32.17438],[-84.03979,32.17456],[-84.04029,32.17534],[-84.03961,32.17717],[-84.03985,32.17783],[-84.04263,32.17834],[-84.04394,32.17944],[-84.04352,32.18146],[-84.04376,32.18241],[-84.04507,32.18221],[-84.0479,32.18286],[-84.04921,32.18506],[-84.05041,32.18536],[-84.05201,32.18476],[-84.0523,32.18416],[-84.0536,32.18436],[-84.05529,32.18356],[-84.05831,32.18376],[-84.06001,32.18326],[-84.06151,32.18336],[-84.0632,32.18446],[-84.06381,32.18416],[-84.06583,32.18466],[-84.06721,32.18446],[-84.06881,32.18516],[-84.07381,32.18396],[-84.07511,32.18516],[-84.07591,32.18506],[-84.07691,32.18566],[-84.07731,32.18606],[-84.07671,32.18626],[-84.07691,32.18656],[-84.0795,32.18656],[-84.08121,32.18736],[-84.0813,32.18806],[-84.08241,32.18866],[-84.08251,32.18986],[-84.08341,32.18976],[-84.0843,32.19106],[-84.08591,32.19106],[-84.08891,32.19196],[-84.0998,32.19206],[-84.10161,32.19136],[-84.10511,32.19126],[-84.10721,32.19036],[-84.1094,32.19027],[-84.10961,32.19066],[-84.11211,32.19106],[-84.11511,32.19026],[-84.11701,32.19036],[-84.11791,32.18986],[-84.12011,32.19006],[-84.12031,32.18966],[-84.12261,32.18926],[-84.12371,32.18986],[-84.12777,32.18942],[-84.13012,32.18824],[-84.13167,32.18806],[-84.13225,32.18678],[-84.13474,32.18539],[-84.1341,32.22797],[-84.18166,32.2297],[-84.18357,32.15849],[-84.24991,32.16003],[-84.26061,32.15916],[-84.26041,32.16606],[-84.26961,32.16616],[-84.26991,32.15926],[-84.27991,32.15926],[-84.27991,32.16376],[-84.32411,32.16486],[-84.43022,32.16626],[-84.43166,32.12516],[-84.43301,32.04196],[-84.44161,32.04206],[-84.44381,31.96746],[-84.44308,31.96548],[-84.4419,31.9657],[-84.44137,31.96524],[-84.44151,31.96408],[-84.44039,31.96275],[-84.44069,31.96199],[-84.44036,31.95962],[-84.43956,31.95918],[-84.43816,31.96016],[-84.43697,31.95976],[-84.43666,31.95808],[-84.43575,31.95847],[-84.43525,31.95648],[-84.43473,31.95604],[-84.43515,31.9553],[-84.4349,31.95435],[-84.43371,31.95355],[-84.43309,31.95413],[-84.43239,31.95397],[-84.43239,31.95317],[-84.43168,31.95277],[-84.4322,31.95193],[-84.43195,31.9515],[-84.43131,31.9514],[-84.43087,31.95204],[-84.42951,31.95176],[-84.42845,31.95067],[-84.42834,31.94944],[-84.4247,31.94778],[-84.42366,31.9459],[-84.42259,31.9462],[-84.4218,31.94565],[-84.42147,31.94474],[-84.42198,31.94401],[-84.421,31.94352],[-84.42102,31.9429],[-84.4165,31.94045],[-84.41186,31.9366],[-84.4109,31.93635],[-84.40997,31.93673],[-84.40946,31.93632],[-84.40879,31.93778],[-84.4073,31.93614],[-84.40603,31.93644],[-84.40553,31.93577],[-84.40323,31.93486],[-84.40319,31.93338],[-84.40143,31.93176],[-84.40092,31.93057],[-84.40007,31.93045],[-84.39995,31.92943],[-84.39851,31.92905],[-84.39846,31.92649],[-84.39784,31.92535],[-84.39664,31.92545],[-84.39528,31.92379],[-84.39026,31.92169],[-84.39009,31.92049],[-84.38574,31.91771],[-84.38373,31.91719],[-84.38256,31.91607],[-84.38253,31.9149],[-84.38143,31.91446],[-84.38097,31.91372],[-84.38117,31.91152],[-84.37953,31.91101],[-84.38055,31.90926],[-84.38044,31.90833],[-84.378,31.90658],[-84.37666,31.90624],[-84.37542,31.9047],[-84.37505,31.90249],[-84.37396,31.90103],[-84.37351,31.90071],[-84.37279,31.901],[-84.37254,31.90014],[-84.37123,31.89896],[-84.36926,31.89847],[-84.36885,31.89689],[-84.36772,31.89629],[-84.367,31.8968],[-84.36468,31.89579],[-84.36433,31.89319],[-84.36172,31.89176],[-84.36106,31.88999],[-84.35931,31.88903],[-84.35889,31.8866],[-84.35793,31.88542],[-84.35709,31.88509],[-84.35626,31.8858],[-84.35547,31.88492],[-84.35397,31.8848],[-84.35299,31.88403],[-84.35298,31.88306],[-84.35242,31.88275],[-84.35161,31.88088],[-84.35074,31.88076],[-84.35052,31.88191],[-84.34905,31.88215],[-84.34823,31.88133],[-84.3488,31.88012],[-84.34719,31.8789],[-84.34731,31.87765],[-84.34632,31.87701],[-84.34496,31.87707],[-84.3449,31.87639],[-84.34346,31.87566],[-84.34345,31.87449],[-84.34095,31.87365],[-84.34052,31.87276],[-84.33825,31.87359],[-84.33856,31.87517],[-84.33756,31.89984],[-84.33861,31.89983],[-84.33814,31.91619],[-84.28683,31.91543],[-84.28663,31.91594],[-84.26493,31.91605],[-84.20206,31.91504]]]}},{"type":"Feature","properties":{"name":"Talbot"},"geometry":{"type":"Polygon","coordinates":[[[-84.70054,32.84464],[-84.69243,32.82939],[-84.69306,32.73881],[-84.68791,32.73876],[-84.68805,32.73037],[-84.68288,32.73035],[-84.68289,32.72275],[-84.69325,32.72264],[-84.69342,32.7081],[-84.69967,32.70824],[-84.69965,32.70093],[-84.7032,32.70072],[-84.70316,32.6862],[-84.6939,32.68605],[-84.69383,32.68567],[-84.69431,32.66739],[-84.69411,32.60032],[-84.69456,32.59717],[-84.69466,32.5637],[-84.66746,32.56395],[-84.67047,32.56167],[-84.6705,32.55986],[-84.6718,32.55778],[-84.67431,32.55661],[-84.67485,32.55484],[-84.67453,32.55258],[-84.67645,32.55074],[-84.67664,32.55003],[-84.67594,32.5479],[-84.67935,32.54493],[-84.67929,32.53943],[-84.67972,32.53739],[-84.67945,32.53561],[-84.6784,32.53435],[-84.67845,32.53366],[-84.67956,32.53272],[-84.67997,32.53153],[-84.6867,32.52759],[-84.68875,32.52258],[-84.68991,32.52132],[-84.69321,32.51974],[-84.69446,32.51864],[-84.68627,32.51962],[-84.68475,32.52059],[-84.68429,32.51907],[-84.68375,32.51898],[-84.68337,32.51967],[-84.68294,32.51889],[-84.68221,32.51946],[-84.68191,32.51866],[-84.67816,32.51892],[-84.67786,32.51962],[-84.6784,32.52024],[-84.6771,32.52054],[-84.67505,32.52006],[-84.67459,32.52036],[-84.67456,32.52159],[-84.67221,32.52219],[-84.67097,32.52365],[-84.66726,32.52574],[-84.66586,32.52764],[-84.66172,32.52915],[-84.66029,32.52903],[-84.66023,32.52942],[-84.65967,32.52885],[-84.65802,32.52876],[-84.65799,32.52931],[-84.65572,32.53004],[-84.65415,32.53169],[-84.6531,32.53141],[-84.65299,32.53247],[-84.65099,32.53338],[-84.65061,32.53434],[-84.6492,32.53347],[-84.64898,32.53496],[-84.63577,32.53493],[-84.63482,32.53452],[-84.63471,32.53344],[-84.6326,32.53377],[-84.63209,32.53324],[-84.63228,32.53225],[-84.63107,32.53175],[-84.62901,32.53214],[-84.62492,32.53113],[-84.62327,32.53164],[-84.62262,32.53097],[-84.62278,32.53051],[-84.62054,32.52965],[-84.61957,32.52976],[-84.61865,32.531],[-84.61557,32.53278],[-84.61278,32.53317],[-84.61281,32.53366],[-84.61087,32.53482],[-84.60981,32.53464],[-84.60819,32.53528],[-84.60514,32.53515],[-84.60392,32.53329],[-84.60133,32.53154],[-84.60213,32.52941],[-84.60035,32.5282],[-84.59948,32.52625],[-84.59765,32.5246],[-84.59478,32.5234],[-84.59316,32.52418],[-84.5921,32.52308],[-84.59021,32.52336],[-84.58964,32.52276],[-84.5874,32.52313],[-84.58534,32.52276],[-84.58172,32.52441],[-84.58034,32.52425],[-84.57872,32.52478],[-84.57783,32.52572],[-84.57391,32.52549],[-84.57286,32.5259],[-84.57051,32.5282],[-84.5614,32.52806],[-84.56125,32.53503],[-84.56548,32.53513],[-84.56639,32.53592],[-84.56668,32.53703],[-84.56602,32.54006],[-84.56323,32.54227],[-84.5625,32.54461],[-84.56083,32.5444],[-84.56034,32.54496],[-84.55869,32.54532],[-84.55656,32.54695],[-84.5545,32.54757],[-84.55383,32.54873],[-84.55089,32.54928],[-84.55096,32.54272],[-84.54222,32.54257],[-84.54207,32.5499],[-84.53669,32.54999],[-84.53248,32.54983],[-84.53261,32.54269],[-84.50482,32.54182],[-84.50466,32.54821],[-84.49178,32.54832],[-84.49207,32.56196],[-84.43718,32.56231],[-84.40887,32.56192],[-84.40838,32.6105],[-84.40521,32.61146],[-84.4025,32.61373],[-84.40068,32.61347],[-84.39936,32.61471],[-84.39915,32.61587],[-84.39602,32.61751],[-84.39546,32.61709],[-84.39413,32.61765],[-84.39197,32.6196],[-84.39122,32.61935],[-84.39041,32.62248],[-84.38368,32.62853],[-84.37843,32.6318],[-84.37654,32.63524],[-84.37462,32.63736],[-84.37224,32.64295],[-84.37093,32.6479],[-84.37383,32.64676],[-84.36424,32.67936],[-84.33888,32.67904],[-84.33794,32.72065],[-84.33006,32.72074],[-84.3264,32.72137],[-84.32227,32.72116],[-84.32098,32.72306],[-84.3143,32.72554],[-84.31138,32.72891],[-84.30413,32.73371],[-84.30173,32.73418],[-84.29341,32.73395],[-84.28874,32.73615],[-84.28895,32.7428],[-84.28745,32.74734],[-84.28625,32.74763],[-84.28754,32.75014],[-84.29072,32.75384],[-84.29405,32.75462],[-84.29732,32.75476],[-84.2997,32.75602],[-84.30075,32.75793],[-84.30069,32.7609],[-84.30139,32.76134],[-84.30373,32.76118],[-84.30694,32.75956],[-84.30945,32.75902],[-84.31323,32.75599],[-84.31615,32.75554],[-84.32383,32.76186],[-84.32512,32.76238],[-84.32881,32.76211],[-84.33234,32.75959],[-84.33613,32.75971],[-84.33863,32.76136],[-84.33975,32.76273],[-84.34214,32.76915],[-84.34395,32.77206],[-84.34484,32.77581],[-84.34945,32.78179],[-84.35107,32.78287],[-84.35358,32.78358],[-84.35642,32.78332],[-84.35738,32.78209],[-84.35445,32.77554],[-84.35473,32.77395],[-84.35558,32.77356],[-84.35728,32.77368],[-84.35938,32.7748],[-84.36304,32.77817],[-84.36406,32.77825],[-84.3697,32.77618],[-84.37492,32.77726],[-84.38254,32.78028],[-84.3858,32.78325],[-84.38599,32.78594],[-84.3864,32.78635],[-84.39102,32.78696],[-84.39232,32.79462],[-84.39579,32.80036],[-84.39534,32.80167],[-84.39687,32.80584],[-84.39871,32.80867],[-84.40091,32.81003],[-84.40115,32.81094],[-84.40287,32.81268],[-84.40176,32.81605],[-84.40269,32.81737],[-84.40655,32.81978],[-84.40689,32.82066],[-84.40862,32.82195],[-84.40867,32.82357],[-84.40803,32.82468],[-84.40837,32.82643],[-84.41019,32.8273],[-84.41491,32.83453],[-84.42011,32.83648],[-84.42055,32.83842],[-84.42117,32.83881],[-84.43252,32.83865],[-84.43418,32.83806],[-84.43557,32.83412],[-84.43719,32.83186],[-84.43965,32.82969],[-84.44107,32.82658],[-84.44273,32.82521],[-84.44836,32.82502],[-84.45541,32.82863],[-84.45664,32.82866],[-84.45729,32.82988],[-84.45879,32.84125],[-84.46209,32.84588],[-84.46453,32.84809],[-84.46601,32.85144],[-84.46731,32.85301],[-84.47187,32.85405],[-84.4746,32.85575],[-84.47645,32.85607],[-84.47929,32.85438],[-84.48087,32.85209],[-84.48306,32.85225],[-84.48514,32.85447],[-84.48748,32.85481],[-84.48951,32.85587],[-84.49009,32.8569],[-84.49043,32.85813],[-84.48985,32.86141],[-84.4849,32.86602],[-84.48228,32.86717],[-84.47623,32.8714],[-84.4753,32.87246],[-84.47508,32.87363],[-84.47549,32.87633],[-84.47667,32.87736],[-84.47812,32.87783],[-84.48304,32.87813],[-84.48669,32.87914],[-84.4904,32.88099],[-84.49765,32.88356],[-84.49947,32.88333],[-84.50335,32.88169],[-84.50689,32.88179],[-84.50706,32.87747],[-84.57067,32.84518],[-84.70054,32.84464]]]}},{"type":"Feature","properties":{"name":"Taliaferro"},"geometry":{"type":"Polygon","coordinates":[[[-82.82004,33.51894],[-82.81532,33.52114],[-82.78761,33.5107],[-82.7849,33.5112],[-82.78153,33.51276],[-82.77752,33.51318],[-82.77515,33.51224],[-82.77176,33.51242],[-82.76911,33.51326],[-82.76729,33.51457],[-82.7655,33.51434],[-82.7639,33.51298],[-82.76101,33.51202],[-82.75698,33.51234],[-82.75619,33.51171],[-82.75423,33.51156],[-82.75128,33.51014],[-82.74922,33.51058],[-82.74649,33.51234],[-82.74595,33.51287],[-82.74666,33.51374],[-82.74592,33.51579],[-82.7427,33.51818],[-82.74317,33.52086],[-82.74208,33.52153],[-82.74237,33.52207],[-82.74116,33.52264],[-82.74193,33.52462],[-82.74115,33.52511],[-82.7407,33.52839],[-82.73959,33.52866],[-82.73803,33.52818],[-82.73725,33.52905],[-82.73525,33.52826],[-82.73459,33.52862],[-82.73441,33.52963],[-82.73159,33.5302],[-82.73122,33.53261],[-82.73068,33.53252],[-82.73043,33.53165],[-82.72943,33.5329],[-82.72775,33.53303],[-82.72803,33.53432],[-82.72663,33.53526],[-82.7268,33.53618],[-82.72573,33.53801],[-82.72319,33.53916],[-82.7224,33.53882],[-82.72201,33.54058],[-82.72146,33.54113],[-82.72207,33.54182],[-82.72254,33.5442],[-82.72176,33.54505],[-82.72241,33.54566],[-82.7213,33.54579],[-82.72184,33.54712],[-82.721,33.54767],[-82.72162,33.5485],[-82.72168,33.5498],[-82.72077,33.55023],[-82.72071,33.55143],[-82.71951,33.55208],[-82.72039,33.55224],[-82.72053,33.55293],[-82.72203,33.55322],[-82.72256,33.55279],[-82.72449,33.55285],[-82.72374,33.55335],[-82.72388,33.55542],[-82.7228,33.55609],[-82.72239,33.55722],[-82.72281,33.5577],[-82.72207,33.55826],[-82.722,33.56007],[-82.72102,33.55958],[-82.71951,33.56098],[-82.71924,33.56396],[-82.71829,33.56493],[-82.71653,33.56338],[-82.71371,33.56446],[-82.71292,33.56654],[-82.71146,33.56654],[-82.71128,33.56917],[-82.71212,33.56953],[-82.71149,33.57101],[-82.71167,33.57181],[-82.70985,33.57199],[-82.70912,33.57497],[-82.70768,33.57627],[-82.70827,33.57727],[-82.70657,33.57724],[-82.70595,33.57831],[-82.70395,33.57928],[-82.70465,33.58145],[-82.70426,33.58195],[-82.70384,33.58178],[-82.70378,33.58299],[-82.70286,33.58399],[-82.70322,33.58556],[-82.70426,33.58601],[-82.70497,33.58751],[-82.70423,33.58921],[-82.70324,33.58911],[-82.70332,33.58969],[-82.70223,33.58976],[-82.70152,33.5912],[-82.70101,33.59095],[-82.7002,33.59142],[-82.7008,33.59181],[-82.69867,33.59205],[-82.69832,33.59116],[-82.69517,33.59311],[-82.69407,33.5927],[-82.69419,33.59206],[-82.69339,33.59155],[-82.69141,33.59129],[-82.6901,33.59027],[-82.68868,33.59018],[-82.68623,33.5931],[-82.68643,33.59401],[-82.68338,33.59626],[-82.68319,33.59718],[-82.68181,33.59794],[-82.682,33.59858],[-82.68156,33.59906],[-82.67997,33.59979],[-82.68133,33.60079],[-82.68176,33.6003],[-82.68269,33.60053],[-82.68601,33.60396],[-82.68718,33.6026],[-82.68791,33.60274],[-82.68786,33.60455],[-82.6895,33.6117],[-82.6888,33.61503],[-82.68904,33.61573],[-82.69226,33.61764],[-82.69211,33.61991],[-82.69289,33.61978],[-82.69585,33.61714],[-82.6977,33.61833],[-82.70001,33.61853],[-82.70142,33.6181],[-82.70198,33.61722],[-82.70087,33.61495],[-82.70227,33.61434],[-82.70568,33.61719],[-82.70758,33.61776],[-82.70808,33.61358],[-82.70998,33.61279],[-82.70835,33.61176],[-82.7114,33.611],[-82.71442,33.60802],[-82.7171,33.60696],[-82.71805,33.6097],[-82.71736,33.61373],[-82.71932,33.61522],[-82.72437,33.61276],[-82.72725,33.61411],[-82.7297,33.61393],[-82.73291,33.61263],[-82.73569,33.61259],[-82.73684,33.61381],[-82.73857,33.61458],[-82.7414,33.61385],[-82.74398,33.61131],[-82.74533,33.6113],[-82.74702,33.61341],[-82.7463,33.61487],[-82.74741,33.61591],[-82.74877,33.61833],[-82.75007,33.61811],[-82.75146,33.61896],[-82.75371,33.61842],[-82.75538,33.61643],[-82.75595,33.61632],[-82.75701,33.6189],[-82.75931,33.62021],[-82.76169,33.62258],[-82.76802,33.62542],[-82.80514,33.64747],[-82.80941,33.65085],[-82.80971,33.65171],[-82.80926,33.65292],[-82.80969,33.65372],[-82.81141,33.65443],[-82.81296,33.65584],[-82.81444,33.65539],[-82.81446,33.65463],[-82.81559,33.6544],[-82.81666,33.6532],[-82.82071,33.655],[-82.82302,33.65457],[-82.82458,33.65114],[-82.82683,33.64969],[-82.82832,33.64982],[-82.82977,33.65107],[-82.83082,33.65063],[-82.8326,33.65096],[-82.83865,33.64802],[-82.8443,33.6442],[-82.84692,33.64178],[-82.8477,33.64158],[-82.84782,33.64061],[-82.84913,33.63975],[-82.85033,33.63955],[-82.86934,33.6424],[-82.87695,33.636],[-82.8745,33.63128],[-82.88042,33.62654],[-82.87487,33.62294],[-82.87355,33.62257],[-82.87766,33.62002],[-82.87855,33.62054],[-82.87945,33.62041],[-82.87965,33.6214],[-82.88099,33.62225],[-82.88089,33.62282],[-82.88285,33.6236],[-82.88257,33.62459],[-82.88427,33.62478],[-82.88457,33.62579],[-82.88412,33.6263],[-82.88599,33.62682],[-82.88595,33.62817],[-82.88655,33.62885],[-82.88531,33.62978],[-82.8906,33.63288],[-82.8906,33.63482],[-82.89152,33.63451],[-82.94905,33.73333],[-82.97999,33.71092],[-82.98242,33.71067],[-82.98878,33.70643],[-82.99127,33.70234],[-82.99321,33.7014],[-82.99215,33.69899],[-82.99211,33.69768],[-82.99474,33.69516],[-82.9956,33.69358],[-82.99365,33.6927],[-82.993,33.69075],[-82.99065,33.68905],[-82.98838,33.68622],[-82.98325,33.68455],[-82.98043,33.68243],[-82.97757,33.67943],[-82.97493,33.67853],[-82.97388,33.67862],[-82.97247,33.6777],[-82.97167,33.67824],[-82.9696,33.67829],[-82.96733,33.67778],[-82.96639,33.67708],[-82.96545,33.67762],[-82.96481,33.67666],[-82.96376,33.67682],[-82.96295,33.67576],[-82.96305,33.67476],[-82.96218,33.67317],[-82.96096,33.67298],[-82.96082,33.67169],[-82.95899,33.67086],[-82.95979,33.67018],[-82.9596,33.66979],[-82.95786,33.66923],[-82.9565,33.66695],[-82.95493,33.66691],[-82.95298,33.66517],[-82.95217,33.66314],[-82.95319,33.66156],[-82.95212,33.66176],[-82.95085,33.66123],[-82.95073,33.66071],[-82.95202,33.659],[-82.95114,33.65803],[-82.97051,33.64173],[-82.97372,33.62171],[-82.9801,33.61472],[-82.98607,33.62503],[-82.98772,33.62894],[-82.99725,33.62537],[-83.00161,33.62024],[-82.9942,33.613],[-82.99331,33.60489],[-82.9899,33.60328],[-83.0005,33.59127],[-83.01087,33.5856],[-83.01404,33.58038],[-82.98604,33.52036],[-82.98706,33.51946],[-82.98559,33.48984],[-83.01285,33.46918],[-83.01064,33.469],[-82.99701,33.45829],[-82.99196,33.45317],[-82.9893,33.45184],[-82.98383,33.44764],[-82.98272,33.44789],[-82.98107,33.44929],[-82.97557,33.45052],[-82.97284,33.45018],[-82.96966,33.45046],[-82.96694,33.44997],[-82.96152,33.45015],[-82.95686,33.45287],[-82.95122,33.45179],[-82.94466,33.44714],[-82.93966,33.44269],[-82.90696,33.43948],[-82.90598,33.43815],[-82.90402,33.43885],[-82.90149,33.43888],[-82.90048,33.44049],[-82.8978,33.43996],[-82.89602,33.44021],[-82.89404,33.43828],[-82.8929,33.43811],[-82.89212,33.43892],[-82.89039,33.43955],[-82.88694,33.44281],[-82.88405,33.44399],[-82.88173,33.44565],[-82.88102,33.44549],[-82.88038,33.44428],[-82.87969,33.44403],[-82.87745,33.44512],[-82.8726,33.44642],[-82.86889,33.44397],[-82.8651,33.44336],[-82.86392,33.44214],[-82.86068,33.44101],[-82.85886,33.44262],[-82.85763,33.44233],[-82.85612,33.44345],[-82.8549,33.44258],[-82.85342,33.44269],[-82.85195,33.44354],[-82.8535,33.44433],[-82.85497,33.44884],[-82.8559,33.44842],[-82.85579,33.4498],[-82.85516,33.45021],[-82.85598,33.45093],[-82.85621,33.45206],[-82.85536,33.45199],[-82.85531,33.45233],[-82.85804,33.45454],[-82.85723,33.45479],[-82.85758,33.45529],[-82.8614,33.4561],[-82.86138,33.45782],[-82.86066,33.45949],[-82.862,33.46058],[-82.86197,33.46148],[-82.8637,33.46443],[-82.86661,33.4666],[-82.85711,33.47131],[-82.853,33.47624],[-82.84953,33.47858],[-82.84607,33.48335],[-82.84407,33.48517],[-82.84162,33.4863],[-82.83896,33.48848],[-82.83871,33.49199],[-82.83647,33.49761],[-82.83565,33.49851],[-82.83116,33.49956],[-82.82463,33.50216],[-82.82314,33.50407],[-82.82277,33.5055],[-82.82311,33.50942],[-82.82244,33.5135],[-82.82337,33.51541],[-82.82004,33.51894]]]}},{"type":"Feature","properties":{"name":"Tattnall"},"geometry":{"type":"Polygon","coordinates":[[[-82.23503,32.31468],[-82.23473,32.31378],[-82.23396,32.31329],[-82.23429,32.31245],[-82.23348,32.31193],[-82.23339,32.31006],[-82.23203,32.30981],[-82.23148,32.30885],[-82.23228,32.30775],[-82.23066,32.30726],[-82.23232,32.30608],[-82.23067,32.30607],[-82.229,32.3041],[-82.2286,32.3027],[-82.22912,32.30127],[-82.22828,32.30088],[-82.22836,32.29619],[-82.22733,32.29286],[-82.22766,32.29231],[-82.22874,32.29207],[-82.2288,32.29063],[-82.22785,32.28923],[-82.22849,32.28779],[-82.22759,32.28767],[-82.22751,32.2872],[-82.22773,32.28618],[-82.22896,32.28512],[-82.22946,32.2839],[-82.22814,32.28383],[-82.22838,32.28284],[-82.22723,32.28118],[-82.22707,32.27949],[-82.22787,32.27797],[-82.22592,32.27827],[-82.22643,32.27693],[-82.22448,32.276],[-82.22261,32.27377],[-82.22271,32.27273],[-82.22144,32.27147],[-82.22114,32.26635],[-82.22182,32.26505],[-82.22171,32.26312],[-82.22226,32.26198],[-82.22151,32.26146],[-82.22041,32.2623],[-82.21976,32.26224],[-82.22015,32.2608],[-82.21869,32.26021],[-82.2195,32.25951],[-82.21944,32.25898],[-82.21741,32.2586],[-82.2176,32.25799],[-82.21859,32.25797],[-82.21911,32.25716],[-82.21745,32.25682],[-82.21795,32.25537],[-82.2172,32.25451],[-82.21593,32.25421],[-82.21511,32.25286],[-82.21512,32.25189],[-82.2165,32.25044],[-82.21629,32.24866],[-82.21472,32.24936],[-82.21421,32.24796],[-82.21193,32.24693],[-82.2123,32.24564],[-82.2112,32.24421],[-82.2128,32.2414],[-82.21174,32.24092],[-82.2121,32.24009],[-82.21169,32.23884],[-82.21129,32.23884],[-82.21079,32.23988],[-82.20975,32.23909],[-82.21029,32.2379],[-82.21112,32.23765],[-82.21038,32.23659],[-82.21051,32.23472],[-82.21105,32.23449],[-82.21238,32.23501],[-82.21299,32.2347],[-82.21277,32.23383],[-82.21178,32.23309],[-82.21335,32.23092],[-82.21372,32.22931],[-82.21078,32.22665],[-82.21098,32.22452],[-82.209,32.22176],[-82.2072,32.22081],[-82.20627,32.21779],[-82.20725,32.21717],[-82.20792,32.21582],[-82.20734,32.21488],[-82.20751,32.21368],[-82.20624,32.21343],[-82.20711,32.21273],[-82.20625,32.21133],[-82.20456,32.21128],[-82.20493,32.20969],[-82.20119,32.2076],[-82.20079,32.20679],[-82.20138,32.20588],[-82.19983,32.20543],[-82.19906,32.2042],[-82.19612,32.20497],[-82.19682,32.20387],[-82.19476,32.20147],[-82.19445,32.19963],[-82.19526,32.19773],[-82.19494,32.19627],[-82.19208,32.19459],[-82.19124,32.19199],[-82.19011,32.19057],[-82.19036,32.18961],[-82.18845,32.18932],[-82.18748,32.18757],[-82.188,32.18543],[-82.1873,32.18453],[-82.18731,32.18315],[-82.18511,32.18158],[-82.18419,32.18],[-82.18521,32.17933],[-82.18517,32.17853],[-82.18636,32.17701],[-82.18613,32.17614],[-82.18536,32.17586],[-82.18461,32.17332],[-82.18568,32.171],[-82.18519,32.17044],[-82.18406,32.17064],[-82.18381,32.1696],[-82.18585,32.16838],[-82.18611,32.16717],[-82.18553,32.16687],[-82.18455,32.16729],[-82.18191,32.16613],[-82.18235,32.16509],[-82.18427,32.1638],[-82.18365,32.16259],[-82.18382,32.16183],[-82.18307,32.16137],[-82.18277,32.16026],[-82.18488,32.15757],[-82.1863,32.15707],[-82.1869,32.15573],[-82.18659,32.15516],[-82.18527,32.15539],[-82.1849,32.15455],[-82.18731,32.15144],[-82.18747,32.14986],[-82.18814,32.14971],[-82.18829,32.15074],[-82.18901,32.15071],[-82.1887,32.14756],[-82.18915,32.14608],[-82.19394,32.14248],[-82.19532,32.14093],[-82.19337,32.1384],[-82.19301,32.13643],[-82.19483,32.13414],[-82.19648,32.12076],[-82.20442,32.07677],[-82.2056,32.06361],[-82.20899,32.03724],[-82.21464,31.99963],[-82.22504,31.91307],[-82.22274,31.9134],[-82.22114,31.9128],[-82.21984,31.9101],[-82.21855,31.9095],[-82.21615,31.9099],[-82.21044,31.9095],[-82.20664,31.9103],[-82.20134,31.9063],[-82.19914,31.9061],[-82.19524,31.9068],[-82.19204,31.9065],[-82.19064,31.9045],[-82.19074,31.9035],[-82.19224,31.9018],[-82.19204,31.9009],[-82.19134,31.9005],[-82.18704,31.9012],[-82.18204,31.9012],[-82.16464,31.9038],[-82.16004,31.904],[-82.15544,31.9031],[-82.15154,31.901],[-82.14864,31.8988],[-82.14514,31.8981],[-82.14284,31.8993],[-82.13994,31.9057],[-82.13654,31.9078],[-82.13424,31.908],[-82.13294,31.9074],[-82.13174,31.9058],[-82.13124,31.9027],[-82.13415,31.89741],[-82.13649,31.89455],[-82.13574,31.892],[-82.13484,31.891],[-82.13344,31.8904],[-82.12944,31.8904],[-82.12554,31.8897],[-82.12044,31.8861],[-82.11744,31.8866],[-82.11544,31.8888],[-82.11534,31.8897],[-82.11624,31.8919],[-82.11604,31.8952],[-82.11694,31.8981],[-82.11664,31.8997],[-82.11533,31.90084],[-82.11386,31.90119],[-82.11182,31.90049],[-82.11024,31.8979],[-82.11054,31.8955],[-82.11204,31.8913],[-82.10974,31.888],[-82.10784,31.8837],[-82.10984,31.878],[-82.10962,31.87031],[-82.11066,31.86918],[-82.11641,31.86635],[-82.117,31.86541],[-82.11548,31.86285],[-82.10953,31.86393],[-82.10631,31.86333],[-82.1044,31.86178],[-82.09832,31.85838],[-82.09405,31.85342],[-82.08451,31.84794],[-82.08226,31.84344],[-82.08131,31.84281],[-82.07238,31.84044],[-82.06607,31.83821],[-82.05863,31.83236],[-82.04881,31.82744],[-82.04444,31.82187],[-82.04152,31.82042],[-82.03346,31.82042],[-82.02835,31.81551],[-82.02608,31.8151],[-82.02434,31.81552],[-82.02207,31.81741],[-82.02166,31.82284],[-82.02112,31.82366],[-82.0182,31.82408],[-82.0164,31.82373],[-82.01464,31.8218],[-82.01413,31.81601],[-82.01321,31.81214],[-82.01227,31.81061],[-82.00823,31.80883],[-82.00671,31.80768],[-82.00643,31.8053],[-82.00753,31.80322],[-82.00678,31.80005],[-82.00422,31.79964],[-81.99964,31.80121],[-81.99706,31.8004],[-81.99614,31.79981],[-81.9955,31.79794],[-81.99684,31.79641],[-81.99934,31.79541],[-81.99904,31.79451],[-81.99784,31.79351],[-81.98194,31.7844],[-81.97654,31.78261],[-81.97364,31.78341],[-81.97274,31.78401],[-81.97224,31.78561],[-81.97134,31.78631],[-81.97128,31.78807],[-81.96905,31.78932],[-81.97077,31.79016],[-81.97198,31.78981],[-81.97375,31.78869],[-81.97383,31.78761],[-81.97441,31.78758],[-81.98103,31.79137],[-81.98083,31.79358],[-81.98139,31.79458],[-81.98123,31.79824],[-81.98162,31.79988],[-81.97977,31.80125],[-81.97983,31.80328],[-81.98028,31.80374],[-81.97991,31.80455],[-81.97903,31.80509],[-81.97698,31.80472],[-81.97401,31.80534],[-81.97172,31.80474],[-81.96937,31.80638],[-81.9686,31.8064],[-81.96819,31.80695],[-81.96849,31.80728],[-81.96733,31.80734],[-81.96706,31.80841],[-81.96646,31.80867],[-81.96363,31.80776],[-81.96228,31.80831],[-81.96235,31.80875],[-81.9614,31.80929],[-81.95977,31.80847],[-81.95786,31.80918],[-81.95638,31.80871],[-81.95513,31.80985],[-81.95455,31.8109],[-81.95512,31.81135],[-81.95366,31.81215],[-81.95222,31.81468],[-81.9531,31.81481],[-81.95181,31.81694],[-81.95223,31.81764],[-81.95165,31.8189],[-81.95251,31.81935],[-81.95214,31.8202],[-81.95252,31.82039],[-81.95063,31.82199],[-81.95118,31.82241],[-81.9507,31.82287],[-81.95077,31.82446],[-81.95042,31.82468],[-81.95098,31.82558],[-81.94991,31.82671],[-81.95007,31.82731],[-81.94935,31.82878],[-81.94832,31.82896],[-81.94643,31.83189],[-81.94561,31.83192],[-81.94571,31.83242],[-81.94494,31.83292],[-81.94536,31.83363],[-81.94503,31.83567],[-81.94214,31.83697],[-81.94193,31.83822],[-81.94041,31.83987],[-81.94042,31.84058],[-81.93917,31.84029],[-81.93494,31.84203],[-81.93349,31.84213],[-81.93341,31.84388],[-81.93288,31.84396],[-81.93218,31.84604],[-81.93044,31.84781],[-81.92685,31.84987],[-81.92378,31.85002],[-81.92294,31.85061],[-81.92284,31.85154],[-81.9223,31.85146],[-81.92173,31.85349],[-81.92217,31.85501],[-81.92185,31.85689],[-81.92107,31.85695],[-81.92046,31.85855],[-81.92077,31.85876],[-81.9201,31.85895],[-81.91988,31.86009],[-81.91911,31.86043],[-81.91941,31.86092],[-81.91845,31.86223],[-81.91922,31.86263],[-81.91912,31.86313],[-81.91851,31.86322],[-81.91908,31.86378],[-81.91852,31.86528],[-81.91921,31.86541],[-81.91895,31.86585],[-81.91943,31.86678],[-81.92017,31.86687],[-81.92049,31.86745],[-81.91979,31.87012],[-81.92012,31.87103],[-81.91952,31.87152],[-81.91951,31.87301],[-81.91852,31.87455],[-81.9187,31.87606],[-81.91782,31.87638],[-81.91692,31.87814],[-81.91552,31.8787],[-81.91445,31.88041],[-81.9146,31.88134],[-81.91419,31.88134],[-81.91487,31.88208],[-81.91303,31.88447],[-81.91247,31.88696],[-81.90926,31.88859],[-81.90641,31.88759],[-81.90269,31.88831],[-81.90026,31.89024],[-81.89922,31.89188],[-81.89622,31.89276],[-81.89538,31.89207],[-81.89484,31.89221],[-81.89255,31.89503],[-81.89245,31.89706],[-81.89442,31.89921],[-81.89486,31.9031],[-81.89423,31.90438],[-81.89313,31.90503],[-81.89162,31.90812],[-81.88722,31.91077],[-81.88642,31.91232],[-81.88499,31.91281],[-81.88438,31.91458],[-81.88309,31.91582],[-81.88199,31.91823],[-81.88296,31.92144],[-81.88198,31.92413],[-81.88197,31.92584],[-81.88279,31.92718],[-81.88193,31.92827],[-81.88226,31.92944],[-81.8819,31.93204],[-81.88345,31.93446],[-81.88364,31.93553],[-81.88266,31.93704],[-81.88364,31.93942],[-81.88287,31.94116],[-81.88464,31.94248],[-81.88487,31.94346],[-81.88594,31.94392],[-81.88633,31.94541],[-81.88917,31.94707],[-81.88963,31.94896],[-81.88826,31.9497],[-81.88761,31.95153],[-81.88645,31.9525],[-81.88451,31.95614],[-81.882,31.95741],[-81.88141,31.95866],[-81.87676,31.96222],[-81.87632,31.96313],[-81.87685,31.96535],[-81.87607,31.96838],[-81.87382,31.9701],[-81.87116,31.97127],[-81.86952,31.97172],[-81.86783,31.97145],[-81.86536,31.97274],[-81.86281,31.97315],[-81.85832,31.97819],[-81.8587,31.98021],[-81.85496,31.98507],[-81.85458,31.98833],[-81.84577,31.99308],[-81.84138,32.00213],[-81.82441,32.01488],[-81.81338,32.01623],[-81.80993,32.01966],[-81.76174,32.0479],[-81.88894,32.0504],[-81.91013,32.057],[-81.98004,32.0815],[-81.99475,32.14539],[-81.99571,32.14619],[-81.9958,32.14979],[-82.01951,32.25114],[-82.02534,32.27888],[-82.23267,32.31886],[-82.23412,32.31737],[-82.23359,32.3166],[-82.23503,32.31468]]]}},{"type":"Feature","properties":{"name":"Taylor"},"geometry":{"type":"MultiPolygon","coordinates":[[[[-84.36322,32.39765],[-84.35322,32.39775],[-84.35312,32.38505],[-84.34351,32.38495],[-84.34371,32.39775],[-84.32331,32.39785],[-84.32381,32.37245],[-84.25461,32.37205],[-84.25431,32.39557],[-84.25122,32.39845],[-84.24879,32.39975],[-84.2484,32.40064],[-84.24668,32.40036],[-84.24285,32.40103],[-84.24121,32.39965],[-84.24014,32.39976],[-84.24025,32.39928],[-84.2398,32.39908],[-84.23826,32.39967],[-84.23843,32.40063],[-84.23718,32.40071],[-84.2368,32.40132],[-84.23488,32.40031],[-84.23153,32.40017],[-84.22968,32.40099],[-84.22784,32.4004],[-84.22593,32.40087],[-84.19791,32.40085],[-84.12235,32.50592],[-84.11132,32.50572],[-84.11123,32.51412],[-84.07232,32.51418],[-84.07216,32.5219],[-84.05331,32.52202],[-84.05295,32.5306],[-84.00336,32.52993],[-84.00197,32.53247],[-84.00234,32.53322],[-84.00479,32.53322],[-84.00548,32.53374],[-84.0044,32.53513],[-84.00556,32.53833],[-84.00674,32.53981],[-84.00793,32.53958],[-84.00735,32.53804],[-84.00787,32.53645],[-84.00892,32.53657],[-84.00888,32.5386],[-84.00999,32.53855],[-84.01191,32.53743],[-84.01298,32.53775],[-84.01336,32.53835],[-84.01393,32.5426],[-84.01758,32.54658],[-84.01691,32.54778],[-84.0152,32.54783],[-84.0147,32.54824],[-84.01473,32.5492],[-84.01524,32.54971],[-84.01792,32.55066],[-84.01983,32.55191],[-84.02047,32.55164],[-84.01983,32.54978],[-84.02133,32.54853],[-84.02034,32.54644],[-84.02092,32.54494],[-84.02191,32.54499],[-84.02158,32.54622],[-84.02231,32.54718],[-84.02393,32.54784],[-84.02621,32.54749],[-84.02669,32.54788],[-84.02586,32.54925],[-84.02608,32.55048],[-84.02796,32.55283],[-84.02917,32.55355],[-84.02948,32.5551],[-84.03013,32.55589],[-84.03162,32.55588],[-84.0331,32.55434],[-84.03481,32.55465],[-84.03482,32.55782],[-84.03538,32.55849],[-84.03776,32.55688],[-84.04048,32.5577],[-84.0435,32.55553],[-84.04444,32.55544],[-84.04538,32.55626],[-84.04592,32.55763],[-84.04485,32.56163],[-84.04536,32.56527],[-84.04645,32.5664],[-84.04634,32.56753],[-84.04771,32.56802],[-84.04912,32.56781],[-84.04941,32.56573],[-84.05046,32.56523],[-84.05272,32.56708],[-84.05123,32.5685],[-84.05298,32.57031],[-84.05084,32.57071],[-84.04867,32.57405],[-84.04876,32.57462],[-84.05092,32.57514],[-84.05323,32.57327],[-84.05407,32.57321],[-84.05425,32.57412],[-84.05318,32.57572],[-84.05322,32.57693],[-84.05438,32.57685],[-84.05664,32.57554],[-84.05724,32.57572],[-84.05797,32.57802],[-84.06059,32.57732],[-84.06206,32.57751],[-84.06274,32.57843],[-84.06213,32.58023],[-84.06427,32.58066],[-84.06506,32.58135],[-84.06523,32.58205],[-84.06394,32.58314],[-84.0639,32.5837],[-84.06461,32.58445],[-84.0665,32.58506],[-84.06654,32.5859],[-84.06295,32.58759],[-84.06235,32.58843],[-84.06268,32.59075],[-84.0634,32.59155],[-84.06378,32.59062],[-84.06525,32.58954],[-84.06623,32.58954],[-84.06763,32.59031],[-84.06958,32.59203],[-84.07057,32.59402],[-84.07125,32.59826],[-84.06776,32.60266],[-84.06616,32.60367],[-84.0662,32.60524],[-84.0679,32.60691],[-84.06794,32.60766],[-84.06631,32.60935],[-84.06604,32.61024],[-84.06654,32.61135],[-84.06908,32.613],[-84.07101,32.61512],[-84.07203,32.61742],[-84.072,32.61998],[-84.06989,32.62206],[-84.06979,32.62358],[-84.07327,32.62376],[-84.07411,32.62426],[-84.07305,32.62644],[-84.06862,32.62797],[-84.06649,32.62681],[-84.06284,32.62654],[-84.0623,32.62765],[-84.06303,32.62959],[-84.06273,32.63049],[-84.06188,32.63069],[-84.05918,32.62979],[-84.05835,32.63029],[-84.05854,32.63352],[-84.05647,32.63504],[-84.05654,32.63627],[-84.05788,32.63676],[-84.05893,32.63472],[-84.06081,32.63458],[-84.06196,32.63528],[-84.06422,32.63826],[-84.0647,32.63972],[-84.06567,32.63999],[-84.06848,32.63722],[-84.07324,32.63558],[-84.07431,32.63593],[-84.07453,32.63663],[-84.07373,32.63971],[-84.07631,32.64292],[-84.07816,32.64724],[-84.08229,32.65015],[-84.08584,32.65437],[-84.09548,32.66239],[-84.09783,32.66843],[-84.10497,32.67339],[-84.1054,32.67607],[-84.10406,32.6803],[-84.104,32.68209],[-84.10424,32.68324],[-84.10545,32.68494],[-84.10742,32.68522],[-84.11532,32.68346],[-84.11612,32.68224],[-84.11589,32.67859],[-84.11667,32.67755],[-84.12441,32.67674],[-84.12819,32.67436],[-84.13413,32.67574],[-84.13992,32.67913],[-84.1402,32.67999],[-84.13945,32.68433],[-84.14346,32.68544],[-84.14574,32.68525],[-84.14706,32.6846],[-84.154,32.67904],[-84.15762,32.6792],[-84.16428,32.6777],[-84.16727,32.67804],[-84.1755,32.67782],[-84.18139,32.67947],[-84.18505,32.67984],[-84.19299,32.68353],[-84.19461,32.6832],[-84.19638,32.68379],[-84.20021,32.68841],[-84.20263,32.69002],[-84.2028,32.6966],[-84.20337,32.69783],[-84.20671,32.69965],[-84.20964,32.69961],[-84.21135,32.70134],[-84.21341,32.70565],[-84.21473,32.71107],[-84.21688,32.71494],[-84.21782,32.71802],[-84.21938,32.72029],[-84.22033,32.72087],[-84.2267,32.72132],[-84.23134,32.72239],[-84.2363,32.72104],[-84.23625,32.72294],[-84.23457,32.7271],[-84.23304,32.72885],[-84.23043,32.73046],[-84.22918,32.7323],[-84.22989,32.73363],[-84.2358,32.73828],[-84.23852,32.73857],[-84.24106,32.73764],[-84.24282,32.7343],[-84.24569,32.73092],[-84.25281,32.72737],[-84.25466,32.72532],[-84.25471,32.72468],[-84.25327,32.72319],[-84.25365,32.72221],[-84.25546,32.72245],[-84.25644,32.72272],[-84.25754,32.72434],[-84.25628,32.72599],[-84.25678,32.72931],[-84.26153,32.73546],[-84.26271,32.73931],[-84.26507,32.74048],[-84.27029,32.74107],[-84.27887,32.74378],[-84.28426,32.74452],[-84.28625,32.74763],[-84.28745,32.74734],[-84.28895,32.7428],[-84.28874,32.73615],[-84.29341,32.73395],[-84.30173,32.73418],[-84.30413,32.73371],[-84.31138,32.72891],[-84.3143,32.72554],[-84.32098,32.72306],[-84.32227,32.72116],[-84.3264,32.72137],[-84.33006,32.72074],[-84.33794,32.72065],[-84.33888,32.67904],[-84.36424,32.67936],[-84.37383,32.64676],[-84.37093,32.6479],[-84.37224,32.64295],[-84.37462,32.63736],[-84.37654,32.63524],[-84.37843,32.6318],[-84.38368,32.62853],[-84.39041,32.62248],[-84.39122,32.61935],[-84.39197,32.6196],[-84.39413,32.61765],[-84.39546,32.61709],[-84.39602,32.61751],[-84.39915,32.61587],[-84.39936,32.61471],[-84.40068,32.61347],[-84.4025,32.61373],[-84.40521,32.61146],[-84.40838,32.6105],[-84.40887,32.56192],[-84.44435,32.56208],[-84.44365,32.54222],[-84.45323,32.54237],[-84.45315,32.53434],[-84.44325,32.53416],[-84.44304,32.51853],[-84.43354,32.51869],[-84.43362,32.49324],[-84.42392,32.49324],[-84.42442,32.48514],[-84.40781,32.48527],[-84.40858,32.44395],[-84.40614,32.44526],[-84.40312,32.44352],[-84.4011,32.44077],[-84.40087,32.4355],[-84.39212,32.43535],[-84.39232,32.41405],[-84.38212,32.41425],[-84.38182,32.42805],[-84.36242,32.42805],[-84.36322,32.39765]]],[[[-84.05363,32.51351],[-84.03433,32.51348],[-84.03446,32.50015],[-84.03411,32.49745],[-84.01781,32.49695],[-84.01731,32.49715],[-84.01731,32.49885],[-84.01761,32.49935],[-84.01931,32.49945],[-84.01999,32.50183],[-84.01872,32.50388],[-84.01963,32.50431],[-84.02087,32.50358],[-84.02199,32.50409],[-84.02228,32.50563],[-84.02155,32.50621],[-84.01981,32.5061],[-84.01826,32.50534],[-84.01817,32.5065],[-84.01711,32.50764],[-84.0164,32.50821],[-84.01422,32.50864],[-84.01365,32.51074],[-84.01477,32.51085],[-84.01521,32.50974],[-84.01619,32.50988],[-84.01661,32.51174],[-84.01533,32.51374],[-84.01383,32.5149],[-84.0092,32.51535],[-84.00877,32.51651],[-84.00948,32.51922],[-84.00858,32.52067],[-84.00849,32.52177],[-84.05331,32.52202],[-84.05363,32.51351]]],[[[-84.37282,32.39755],[-84.37272,32.38935],[-84.36292,32.38945],[-84.36322,32.39765],[-84.37282,32.39755]]]]}},{"type":"Feature","properties":{"name":"Telfair"},"geometry":{"type":"Polygon","coordinates":[[[-83.01568,32.06066],[-83.03001,32.04958],[-83.03392,32.04551],[-83.10907,31.98215],[-83.12114,31.973],[-83.12341,31.97022],[-83.12603,31.96795],[-83.20574,31.90032],[-83.20619,31.89749],[-83.20749,31.89646],[-83.20714,31.89524],[-83.20522,31.89364],[-83.20148,31.89361],[-83.19995,31.89247],[-83.20045,31.8916],[-83.20223,31.89152],[-83.20418,31.89072],[-83.20437,31.88924],[-83.20401,31.8886],[-83.20175,31.88765],[-83.20114,31.88642],[-83.20171,31.88564],[-83.20436,31.88513],[-83.20309,31.88426],[-83.19763,31.88389],[-83.19766,31.88279],[-83.19958,31.88079],[-83.19944,31.87984],[-83.19526,31.87812],[-83.19332,31.87963],[-83.19249,31.87969],[-83.19248,31.87507],[-83.18992,31.87446],[-83.18823,31.87491],[-83.18793,31.87599],[-83.18695,31.87664],[-83.18389,31.87755],[-83.18246,31.87976],[-83.18119,31.8792],[-83.18164,31.87655],[-83.1813,31.87573],[-83.17897,31.87442],[-83.17865,31.87381],[-83.18019,31.87124],[-83.18011,31.87066],[-83.1775,31.86977],[-83.17684,31.86842],[-83.17758,31.86673],[-83.18026,31.86416],[-83.18137,31.86112],[-83.18329,31.86018],[-83.18349,31.85967],[-83.18334,31.85875],[-83.18201,31.85756],[-83.17893,31.85593],[-83.17895,31.85342],[-83.1786,31.85294],[-83.1773,31.85273],[-83.17669,31.84985],[-83.17747,31.84786],[-83.16942,31.83994],[-83.16667,31.8389],[-83.16167,31.8379],[-83.16031,31.83665],[-83.16047,31.83456],[-83.15723,31.83259],[-83.15231,31.83166],[-83.15115,31.8305],[-83.15079,31.82861],[-83.15196,31.82738],[-83.15355,31.82659],[-83.15197,31.82488],[-83.15027,31.82427],[-83.14908,31.82459],[-83.14574,31.82432],[-83.14391,31.82489],[-83.13814,31.82533],[-83.13621,31.82514],[-83.13461,31.82411],[-83.13262,31.82055],[-83.13374,31.8177],[-83.13231,31.81563],[-83.13344,31.81516],[-83.13445,31.81569],[-83.13713,31.81596],[-83.13902,31.81803],[-83.14052,31.81828],[-83.14084,31.81777],[-83.13943,31.81502],[-83.13866,31.81445],[-83.13524,31.81327],[-83.12901,31.80996],[-83.12189,31.81159],[-83.11672,31.81186],[-83.1142,31.81145],[-83.11255,31.8094],[-83.11156,31.8092],[-83.10804,31.81085],[-83.10769,31.8123],[-83.10918,31.81328],[-83.11121,31.81212],[-83.11222,31.81239],[-83.11251,31.81286],[-83.1115,31.81624],[-83.10972,31.818],[-83.10727,31.81915],[-83.10589,31.81908],[-83.10556,31.81754],[-83.10736,31.81517],[-83.10724,31.81452],[-83.10286,31.81372],[-83.10137,31.81206],[-83.09927,31.80829],[-83.09415,31.80792],[-83.09159,31.80893],[-83.09087,31.80773],[-83.09002,31.80762],[-83.08882,31.80903],[-83.08905,31.8122],[-83.08668,31.81274],[-83.08574,31.81234],[-83.08468,31.81048],[-83.08575,31.80741],[-83.08457,31.80552],[-83.0841,31.80293],[-83.08036,31.8006],[-83.07927,31.80076],[-83.07928,31.80209],[-83.07805,31.80279],[-83.07588,31.80148],[-83.07223,31.80158],[-83.07106,31.79822],[-83.0696,31.79621],[-83.06577,31.79682],[-83.06459,31.79459],[-83.06064,31.79422],[-83.05973,31.79371],[-83.05912,31.79128],[-83.05571,31.79233],[-83.05504,31.79193],[-83.05367,31.78946],[-83.05282,31.78922],[-83.05059,31.79003],[-83.04649,31.78912],[-83.04617,31.78953],[-83.04649,31.79117],[-83.04589,31.79148],[-83.03905,31.79057],[-83.03801,31.78975],[-83.03808,31.78926],[-83.03999,31.78718],[-83.03983,31.78636],[-83.03907,31.78604],[-83.03642,31.78658],[-83.03541,31.78633],[-83.03439,31.78529],[-83.0308,31.78359],[-83.03049,31.78065],[-83.02797,31.77829],[-83.02649,31.77815],[-83.02091,31.77933],[-83.01416,31.77918],[-83.00888,31.77711],[-83.00725,31.77529],[-83.00579,31.77463],[-83.0024,31.77584],[-83.00044,31.77817],[-82.99987,31.78094],[-82.99786,31.78166],[-82.99281,31.77947],[-82.9914,31.7766],[-82.99038,31.77664],[-82.98981,31.77741],[-82.9899,31.77887],[-82.99188,31.78245],[-82.99067,31.78718],[-82.989,31.78826],[-82.98674,31.78719],[-82.98477,31.78706],[-82.98406,31.7864],[-82.9841,31.78423],[-82.98341,31.78371],[-82.98249,31.78386],[-82.98181,31.78528],[-82.98299,31.78819],[-82.98296,31.78963],[-82.97864,31.79305],[-82.97739,31.79334],[-82.9756,31.79292],[-82.97375,31.79101],[-82.97285,31.79117],[-82.97097,31.79282],[-82.96968,31.79282],[-82.96857,31.79164],[-82.96993,31.78939],[-82.96963,31.78839],[-82.96595,31.788],[-82.96517,31.78711],[-82.96486,31.78516],[-82.96361,31.78447],[-82.96251,31.78448],[-82.96116,31.78597],[-82.96004,31.78604],[-82.95924,31.78557],[-82.95818,31.78363],[-82.95599,31.78296],[-82.95196,31.7837],[-82.94923,31.78536],[-82.9481,31.78488],[-82.94742,31.7835],[-82.94668,31.78343],[-82.9461,31.7848],[-82.94707,31.78715],[-82.94581,31.78787],[-82.9446,31.78736],[-82.94327,31.78464],[-82.94244,31.78421],[-82.94105,31.78476],[-82.94111,31.78691],[-82.94043,31.78749],[-82.93675,31.78635],[-82.93456,31.78774],[-82.93438,31.78639],[-82.9338,31.78583],[-82.93108,31.78653],[-82.92984,31.78605],[-82.92957,31.78528],[-82.92682,31.78523],[-82.92475,31.78434],[-82.91939,31.78433],[-82.9187,31.78414],[-82.91874,31.78339],[-82.92042,31.78216],[-82.92128,31.78051],[-82.92079,31.77959],[-82.91938,31.77873],[-82.91716,31.77925],[-82.91657,31.78068],[-82.91645,31.78324],[-82.91573,31.78371],[-82.91423,31.78418],[-82.91225,31.7841],[-82.9105,31.78517],[-82.90732,31.78495],[-82.90621,31.78649],[-82.90173,31.78925],[-82.90005,31.79123],[-82.89877,31.79145],[-82.8972,31.79103],[-82.89645,31.7899],[-82.89696,31.78904],[-82.89955,31.78732],[-82.89876,31.78521],[-82.89964,31.78319],[-82.89851,31.78276],[-82.89593,31.78366],[-82.89436,31.78277],[-82.89195,31.78224],[-82.89124,31.78078],[-82.89045,31.78036],[-82.88879,31.78052],[-82.88666,31.77965],[-82.88612,31.7816],[-82.88209,31.78207],[-82.88066,31.7828],[-82.88093,31.78386],[-82.88248,31.78478],[-82.88213,31.78555],[-82.88084,31.78588],[-82.87871,31.78499],[-82.87754,31.78506],[-82.87669,31.78706],[-82.87583,31.78682],[-82.87362,31.78472],[-82.87415,31.78394],[-82.87595,31.78346],[-82.8777,31.78225],[-82.87773,31.78149],[-82.87701,31.7809],[-82.87482,31.78117],[-82.87215,31.78323],[-82.8706,31.78325],[-82.86812,31.78235],[-82.8679,31.78354],[-82.86942,31.78485],[-82.86817,31.78579],[-82.86624,31.78518],[-82.86468,31.78331],[-82.86284,31.78304],[-82.86177,31.78432],[-82.86241,31.78607],[-82.86225,31.78713],[-82.86054,31.7892],[-82.85735,31.79051],[-82.85721,31.79119],[-82.85884,31.79235],[-82.85886,31.79307],[-82.856,31.79482],[-82.85609,31.79781],[-82.85546,31.79875],[-82.85358,31.79912],[-82.85108,31.7977],[-82.84992,31.79787],[-82.84872,31.80041],[-82.84548,31.80258],[-82.84466,31.80488],[-82.84226,31.80467],[-82.84167,31.80523],[-82.84145,31.80665],[-82.83863,31.80719],[-82.83892,31.80857],[-82.84032,31.80911],[-82.84086,31.81015],[-82.84184,31.81024],[-82.84226,31.81162],[-82.84203,31.81209],[-82.84071,31.81248],[-82.83818,31.8106],[-82.83657,31.81086],[-82.83667,31.81256],[-82.83902,31.8142],[-82.83866,31.81569],[-82.83622,31.81615],[-82.83202,31.81809],[-82.83013,31.81834],[-82.82692,31.81725],[-82.82623,31.81944],[-82.82494,31.8197],[-82.82455,31.81843],[-82.8249,31.81772],[-82.82788,31.81562],[-82.82795,31.81501],[-82.8267,31.81346],[-82.82469,31.81348],[-82.82362,31.81506],[-82.82038,31.81675],[-82.81976,31.81759],[-82.81933,31.81976],[-82.81722,31.82],[-82.81614,31.81953],[-82.81529,31.81844],[-82.81439,31.8186],[-82.81271,31.82078],[-82.80962,31.8227],[-82.80812,31.82289],[-82.807,31.82447],[-82.80792,31.82535],[-82.80968,31.82583],[-82.80945,31.82777],[-82.8065,31.82947],[-82.80483,31.83143],[-82.80363,31.83111],[-82.80356,31.82887],[-82.80272,31.82872],[-82.79581,31.8351],[-82.7939,31.83534],[-82.79224,31.83391],[-82.79159,31.83394],[-82.78547,31.8376],[-82.78473,31.83854],[-82.78514,31.84175],[-82.79017,31.8437],[-82.7911,31.84462],[-82.79194,31.84673],[-82.79087,31.85069],[-82.79082,31.85298],[-82.78993,31.85363],[-82.78604,31.85371],[-82.78415,31.85203],[-82.78203,31.85236],[-82.78149,31.85487],[-82.78058,31.85645],[-82.77847,31.85804],[-82.77679,31.85797],[-82.77587,31.85852],[-82.77686,31.86075],[-82.77689,31.86166],[-82.77639,31.86221],[-82.77573,31.86261],[-82.77389,31.86249],[-82.77277,31.86168],[-82.7725,31.85996],[-82.77313,31.85896],[-82.77299,31.85782],[-82.76966,31.85542],[-82.76825,31.85598],[-82.76798,31.85695],[-82.76795,31.85788],[-82.77018,31.86008],[-82.76974,31.86126],[-82.76866,31.86154],[-82.76693,31.86141],[-82.76518,31.86045],[-82.76256,31.86042],[-82.76226,31.85772],[-82.75732,31.8569],[-82.7562,31.85927],[-82.75337,31.86081],[-82.75336,31.8623],[-82.75431,31.86467],[-82.75404,31.86582],[-82.75325,31.86623],[-82.74976,31.87058],[-82.74596,31.87278],[-82.74376,31.87558],[-82.74196,31.87678],[-82.73636,31.87798],[-82.73446,31.87988],[-82.73226,31.88038],[-82.73196,31.88198],[-82.73126,31.88258],[-82.72996,31.88278],[-82.72746,31.88178],[-82.72646,31.88188],[-82.72266,31.88418],[-82.72106,31.88698],[-82.71726,31.88578],[-82.71596,31.88668],[-82.71596,31.88798],[-82.71536,31.88908],[-82.71386,31.88947],[-82.71166,31.88878],[-82.71026,31.88928],[-82.70976,31.88968],[-82.70966,31.89068],[-82.70706,31.89328],[-82.70616,31.89838],[-82.70196,31.89918],[-82.70066,31.90098],[-82.69986,31.90358],[-82.69776,31.90338],[-82.69676,31.90258],[-82.69606,31.89878],[-82.69466,31.89808],[-82.68926,31.90158],[-82.68856,31.90468],[-82.68576,31.90578],[-82.68426,31.90868],[-82.67966,31.90898],[-82.67726,31.90988],[-82.67606,31.91148],[-82.67626,31.91318],[-82.67886,31.91618],[-82.68236,31.91628],[-82.68286,31.91808],[-82.68236,31.92048],[-82.68112,31.92072],[-82.67766,31.91968],[-82.67526,31.91978],[-82.67036,31.92138],[-82.66806,31.92148],[-82.66126,31.91988],[-82.65996,31.92088],[-82.65896,31.92328],[-82.65806,31.92368],[-82.65746,31.92348],[-82.65606,31.92048],[-82.65296,31.92118],[-82.65116,31.92088],[-82.65086,31.91978],[-82.65136,31.91698],[-82.65046,31.91648],[-82.64856,31.91648],[-82.64716,31.91828],[-82.64566,31.91888],[-82.6458,31.92054],[-82.64855,31.92027],[-82.64844,31.92142],[-82.64949,31.92255],[-82.65157,31.9222],[-82.6525,31.92313],[-82.65479,31.92404],[-82.65396,31.92506],[-82.65527,31.9257],[-82.65528,31.92671],[-82.65461,31.92722],[-82.65302,31.92697],[-82.65237,31.92732],[-82.65223,31.92822],[-82.65277,31.92893],[-82.66266,31.93249],[-82.66595,31.93495],[-82.66977,31.93421],[-82.67161,31.93631],[-82.67205,31.93824],[-82.67443,31.93927],[-82.67525,31.94076],[-82.67646,31.94169],[-82.67576,31.94312],[-82.67718,31.9425],[-82.67785,31.94364],[-82.6792,31.94376],[-82.67997,31.94683],[-82.68103,31.94713],[-82.68109,31.94607],[-82.68178,31.94592],[-82.68305,31.94821],[-82.68711,31.95013],[-82.68716,31.95138],[-82.68823,31.95173],[-82.68786,31.95277],[-82.68825,31.95351],[-82.69071,31.95409],[-82.6919,31.95379],[-82.69228,31.95428],[-82.69158,31.95538],[-82.69184,31.95609],[-82.69291,31.9566],[-82.69414,31.95616],[-82.69518,31.95688],[-82.69587,31.95991],[-82.69651,31.96071],[-82.69549,31.96105],[-82.69508,31.96223],[-82.69701,31.96298],[-82.6966,31.96455],[-82.6977,31.96515],[-82.69705,31.96608],[-82.69702,31.96732],[-82.69755,31.96749],[-82.69835,31.96683],[-82.69944,31.96717],[-82.70008,31.96803],[-82.70034,31.97051],[-82.70103,31.97119],[-82.70247,31.9712],[-82.70198,31.97168],[-82.70194,31.97269],[-82.70327,31.97298],[-82.70337,31.97336],[-82.70423,31.97261],[-82.70613,31.97267],[-82.70746,31.97367],[-82.70728,31.97443],[-82.70913,31.97433],[-82.71042,31.97588],[-82.70961,31.97748],[-82.71059,31.97878],[-82.71029,31.97932],[-82.71114,31.98046],[-82.71407,31.98208],[-82.71403,31.98252],[-82.71345,31.98242],[-82.71312,31.98289],[-82.71386,31.98396],[-82.71703,31.98533],[-82.71666,31.98625],[-82.71736,31.98688],[-82.71619,31.98855],[-82.71707,31.98882],[-82.71847,31.9908],[-82.71942,31.99084],[-82.71944,31.99162],[-82.72,31.99198],[-82.71966,31.99272],[-82.72063,31.99334],[-82.72016,31.99406],[-82.72131,31.99498],[-82.72095,31.99591],[-82.72242,31.99652],[-82.72202,31.99771],[-82.7208,31.99896],[-82.72055,32.00052],[-82.7218,32.00121],[-82.72298,32.00066],[-82.72398,32.00104],[-82.72422,32.00169],[-82.72315,32.00208],[-82.72299,32.00263],[-82.72498,32.00349],[-82.72543,32.00447],[-82.72645,32.00476],[-82.7271,32.00554],[-82.72916,32.00562],[-82.72884,32.00674],[-82.73147,32.0075],[-82.73538,32.00725],[-82.73636,32.00782],[-82.73765,32.00734],[-82.74031,32.00829],[-82.74283,32.00823],[-82.74333,32.00735],[-82.74414,32.00791],[-82.74511,32.0075],[-82.74688,32.00865],[-82.74919,32.00722],[-82.74937,32.00817],[-82.75054,32.00853],[-82.75132,32.00806],[-82.75463,32.00904],[-82.75592,32.00871],[-82.75651,32.01009],[-82.75745,32.00993],[-82.7581,32.01063],[-82.75951,32.01017],[-82.7602,32.01113],[-82.76145,32.01002],[-82.76205,32.01121],[-82.76289,32.01131],[-82.76324,32.01206],[-82.76561,32.01141],[-82.76683,32.01162],[-82.7697,32.01353],[-82.76958,32.0143],[-82.77082,32.01463],[-82.77213,32.01435],[-82.77468,32.01869],[-82.77618,32.01898],[-82.77666,32.01865],[-82.77778,32.01916],[-82.77967,32.01844],[-82.78297,32.01982],[-82.78414,32.02101],[-82.78417,32.02162],[-82.78692,32.02255],[-82.78679,32.02513],[-82.7878,32.02481],[-82.78795,32.02546],[-82.78872,32.02566],[-82.78873,32.02657],[-82.78936,32.0274],[-82.79036,32.02773],[-82.79073,32.02875],[-82.79001,32.02959],[-82.79062,32.03058],[-82.7915,32.03077],[-82.79112,32.03181],[-82.79216,32.03162],[-82.79245,32.03253],[-82.79367,32.03343],[-82.79453,32.03329],[-82.79636,32.03445],[-82.79729,32.03589],[-82.79702,32.03745],[-82.79909,32.03881],[-82.79878,32.03961],[-82.8001,32.04048],[-82.80008,32.04157],[-82.80137,32.04313],[-82.80097,32.04364],[-82.8012,32.04466],[-82.80296,32.045],[-82.80721,32.04733],[-82.80733,32.04878],[-82.80805,32.04954],[-82.80891,32.04928],[-82.81002,32.05041],[-82.8115,32.05023],[-82.81169,32.05076],[-82.81315,32.05114],[-82.8148,32.05236],[-82.81812,32.05162],[-82.82058,32.05321],[-82.8224,32.05332],[-82.82374,32.05431],[-82.82508,32.0539],[-82.82589,32.05519],[-82.82764,32.05572],[-82.82912,32.05822],[-82.83132,32.0587],[-82.83268,32.05956],[-82.83429,32.05906],[-82.83473,32.05966],[-82.8359,32.05941],[-82.83787,32.06083],[-82.84014,32.06055],[-82.84123,32.05979],[-82.84321,32.05987],[-82.84465,32.06051],[-82.8462,32.06],[-82.84948,32.06064],[-82.85233,32.06063],[-82.85412,32.06191],[-82.85587,32.06178],[-82.85738,32.06309],[-82.8587,32.0666],[-82.86181,32.06789],[-82.86305,32.0695],[-82.86612,32.07149],[-82.86645,32.07248],[-82.87071,32.07469],[-82.87441,32.07404],[-82.87933,32.07655],[-82.88181,32.07732],[-82.88561,32.07957],[-82.88689,32.07944],[-82.88766,32.07989],[-82.89104,32.08507],[-82.89306,32.08626],[-82.89552,32.0862],[-82.89651,32.08733],[-82.90156,32.09759],[-82.90206,32.10194],[-82.90131,32.10788],[-82.90196,32.1103],[-82.90481,32.1138],[-82.91169,32.11901],[-82.91465,32.12324],[-82.91663,32.12412],[-82.9208,32.12459],[-82.92296,32.12537],[-82.92394,32.12478],[-82.92513,32.12478],[-82.92987,32.12587],[-82.94024,32.12489],[-82.92787,32.13527],[-82.93476,32.14097],[-82.92747,32.14717],[-82.93457,32.15327],[-82.95547,32.13527],[-82.94387,32.12518],[-82.94207,32.12407],[-83.01568,32.06066]]]}},{"type":"Feature","properties":{"name":"Terrell"},"geometry":{"type":"Polygon","coordinates":[[[-84.30521,31.69102],[-84.30551,31.68317],[-84.31461,31.68317],[-84.31432,31.69115],[-84.3052,31.69106],[-84.30493,31.69823],[-84.29542,31.6981],[-84.29367,31.74979],[-84.28723,31.74965],[-84.28716,31.75017],[-84.28646,31.79118],[-84.25852,31.79074],[-84.25828,31.79124],[-84.25887,31.79165],[-84.26049,31.7909],[-84.26115,31.79127],[-84.26097,31.79229],[-84.26142,31.79289],[-84.26031,31.79464],[-84.26166,31.79532],[-84.26301,31.79708],[-84.26176,31.79772],[-84.26282,31.79897],[-84.26192,31.79958],[-84.26195,31.80078],[-84.26092,31.80097],[-84.26081,31.80291],[-84.25993,31.80381],[-84.26093,31.80402],[-84.26157,31.80562],[-84.26138,31.80636],[-84.26249,31.80703],[-84.26161,31.80777],[-84.2635,31.80835],[-84.26288,31.81052],[-84.2639,31.81123],[-84.26371,31.81183],[-84.26449,31.8124],[-84.26362,31.81283],[-84.26375,31.81357],[-84.26268,31.8135],[-84.26278,31.81436],[-84.26186,31.81501],[-84.26289,31.81533],[-84.26304,31.81588],[-84.26184,31.81722],[-84.26287,31.81744],[-84.26378,31.81853],[-84.26369,31.81894],[-84.2617,31.81958],[-84.26171,31.82008],[-84.26287,31.82086],[-84.26195,31.8218],[-84.2634,31.82154],[-84.26307,31.82301],[-84.26381,31.82369],[-84.26296,31.82454],[-84.262,31.82452],[-84.26177,31.82576],[-84.2604,31.8256],[-84.26041,31.82652],[-84.25962,31.82686],[-84.25961,31.82787],[-84.26007,31.82847],[-84.26116,31.8281],[-84.26259,31.82873],[-84.26279,31.83027],[-84.26516,31.83432],[-84.26634,31.83459],[-84.26788,31.8361],[-84.26938,31.8364],[-84.26967,31.83705],[-84.27299,31.83769],[-84.2731,31.83817],[-84.27149,31.83923],[-84.27255,31.8392],[-84.274,31.84026],[-84.27354,31.84115],[-84.27498,31.84065],[-84.27552,31.84179],[-84.27602,31.84112],[-84.27752,31.84174],[-84.2767,31.8427],[-84.27751,31.84477],[-84.27669,31.85041],[-84.27817,31.85109],[-84.27912,31.85074],[-84.28162,31.85116],[-84.28255,31.85204],[-84.28236,31.8528],[-84.28302,31.85358],[-84.28457,31.85411],[-84.28473,31.85535],[-84.28553,31.85565],[-84.28672,31.85513],[-84.28788,31.85601],[-84.28737,31.85671],[-84.28759,31.85702],[-84.29,31.85702],[-84.29061,31.8581],[-84.28979,31.85866],[-84.29116,31.85908],[-84.29092,31.86002],[-84.2932,31.85983],[-84.29377,31.8608],[-84.29286,31.86136],[-84.29347,31.86199],[-84.2926,31.86244],[-84.29389,31.86335],[-84.29427,31.86434],[-84.29307,31.86457],[-84.29343,31.86515],[-84.29456,31.86538],[-84.29478,31.86434],[-84.29517,31.86492],[-84.29686,31.86524],[-84.29725,31.86609],[-84.29819,31.86607],[-84.29854,31.86679],[-84.2997,31.86682],[-84.30018,31.86787],[-84.30049,31.867],[-84.30225,31.86759],[-84.3024,31.86828],[-84.30456,31.86793],[-84.30568,31.86889],[-84.30912,31.86826],[-84.3104,31.87019],[-84.31138,31.86953],[-84.31158,31.86868],[-84.31277,31.86829],[-84.31339,31.86899],[-84.31396,31.86818],[-84.31499,31.86814],[-84.31523,31.86922],[-84.3162,31.86881],[-84.31728,31.86918],[-84.31828,31.86983],[-84.31828,31.8705],[-84.31912,31.8708],[-84.3215,31.87159],[-84.32245,31.87111],[-84.32399,31.87134],[-84.32523,31.87098],[-84.3271,31.87297],[-84.32856,31.87196],[-84.32913,31.87281],[-84.33226,31.87423],[-84.3334,31.87349],[-84.33405,31.87388],[-84.33497,31.87326],[-84.33814,31.87364],[-84.34052,31.87276],[-84.34095,31.87365],[-84.34345,31.87449],[-84.34346,31.87566],[-84.3449,31.87639],[-84.34496,31.87707],[-84.34632,31.87701],[-84.34731,31.87765],[-84.34719,31.8789],[-84.3488,31.88012],[-84.34823,31.88133],[-84.3489,31.88203],[-84.35052,31.88191],[-84.35074,31.88076],[-84.35161,31.88088],[-84.35242,31.88275],[-84.35298,31.88306],[-84.35299,31.88403],[-84.35397,31.8848],[-84.35547,31.88492],[-84.35626,31.8858],[-84.35709,31.88509],[-84.35793,31.88542],[-84.35889,31.8866],[-84.35931,31.88903],[-84.36106,31.88999],[-84.36172,31.89176],[-84.36433,31.89319],[-84.36468,31.89579],[-84.367,31.8968],[-84.36772,31.89629],[-84.36885,31.89689],[-84.36926,31.89847],[-84.37123,31.89896],[-84.37254,31.90014],[-84.37279,31.901],[-84.37351,31.90071],[-84.37396,31.90103],[-84.37505,31.90249],[-84.37542,31.9047],[-84.37666,31.90624],[-84.378,31.90658],[-84.38044,31.90833],[-84.38055,31.90926],[-84.37953,31.91101],[-84.38117,31.91152],[-84.38105,31.91396],[-84.38253,31.9149],[-84.38256,31.91607],[-84.38337,31.91694],[-84.38697,31.91845],[-84.39009,31.92049],[-84.39026,31.92169],[-84.39528,31.92379],[-84.39664,31.92545],[-84.39784,31.92535],[-84.39846,31.92649],[-84.39851,31.92905],[-84.39995,31.92943],[-84.40007,31.93045],[-84.40092,31.93057],[-84.40143,31.93176],[-84.40319,31.93338],[-84.40323,31.93486],[-84.40553,31.93577],[-84.40603,31.93644],[-84.4073,31.93614],[-84.40879,31.93778],[-84.40946,31.93632],[-84.40997,31.93673],[-84.41163,31.93645],[-84.4165,31.94045],[-84.42102,31.9429],[-84.421,31.94352],[-84.42198,31.94401],[-84.42147,31.94474],[-84.4218,31.94565],[-84.42259,31.9462],[-84.42366,31.9459],[-84.4247,31.94778],[-84.42834,31.94944],[-84.42845,31.95067],[-84.42951,31.95176],[-84.43087,31.95204],[-84.43131,31.9514],[-84.43195,31.9515],[-84.4322,31.95193],[-84.43168,31.95277],[-84.43239,31.95317],[-84.43239,31.95397],[-84.43309,31.95413],[-84.43371,31.95355],[-84.4349,31.95435],[-84.43515,31.9553],[-84.43473,31.95604],[-84.43525,31.95648],[-84.43575,31.95847],[-84.43666,31.95808],[-84.43697,31.95976],[-84.43816,31.96016],[-84.43956,31.95918],[-84.44036,31.95962],[-84.44069,31.96199],[-84.44039,31.96275],[-84.44151,31.96408],[-84.44137,31.96524],[-84.4419,31.9657],[-84.44308,31.96548],[-84.44374,31.96746],[-84.44525,31.92613],[-84.45312,31.92635],[-84.45331,31.91922],[-84.54507,31.91945],[-84.59978,31.92017],[-84.60286,31.78398],[-84.60247,31.78114],[-84.60282,31.7807],[-84.60309,31.772],[-84.56317,31.7706],[-84.56387,31.76905],[-84.56356,31.76884],[-84.56489,31.76852],[-84.56521,31.76747],[-84.56482,31.76727],[-84.56558,31.7666],[-84.56553,31.76543],[-84.56684,31.76532],[-84.56622,31.76482],[-84.56662,31.76388],[-84.5675,31.76401],[-84.56839,31.76342],[-84.57033,31.76066],[-84.56972,31.75986],[-84.57014,31.7593],[-84.57011,31.75789],[-84.56944,31.75762],[-84.57031,31.75686],[-84.56855,31.75618],[-84.56874,31.75573],[-84.56949,31.75578],[-84.56819,31.75472],[-84.56721,31.75256],[-84.5649,31.75129],[-84.56571,31.75123],[-84.56516,31.75055],[-84.56604,31.75055],[-84.56529,31.74994],[-84.56583,31.74908],[-84.56488,31.74822],[-84.5647,31.74665],[-84.56391,31.74607],[-84.56365,31.74637],[-84.56292,31.74552],[-84.56388,31.7416],[-84.56332,31.74149],[-84.5632,31.73917],[-84.56244,31.73934],[-84.56217,31.73867],[-84.56254,31.73847],[-84.56218,31.73803],[-84.56246,31.73651],[-84.56157,31.73654],[-84.56193,31.73452],[-84.56132,31.73396],[-84.56043,31.73425],[-84.56092,31.73276],[-84.55984,31.73232],[-84.55906,31.73094],[-84.55814,31.73057],[-84.55822,31.73015],[-84.5576,31.72994],[-84.55765,31.72878],[-84.55683,31.72875],[-84.5566,31.72767],[-84.55567,31.72749],[-84.55624,31.727],[-84.5562,31.72548],[-84.55672,31.72577],[-84.55689,31.72535],[-84.55574,31.7241],[-84.55605,31.72372],[-84.55484,31.72308],[-84.5554,31.72243],[-84.55492,31.72218],[-84.55497,31.72114],[-84.55429,31.71995],[-84.55192,31.71903],[-84.55193,31.71831],[-84.55118,31.71767],[-84.55143,31.71707],[-84.55001,31.71672],[-84.54968,31.71608],[-84.55008,31.71565],[-84.54915,31.71573],[-84.5493,31.71523],[-84.54868,31.71528],[-84.54926,31.71483],[-84.5492,31.71416],[-84.54811,31.71432],[-84.54766,31.71374],[-84.548,31.71299],[-84.54688,31.71242],[-84.54783,31.71228],[-84.54734,31.71145],[-84.54795,31.71072],[-84.54689,31.70995],[-84.54751,31.7086],[-84.54737,31.70511],[-84.54699,31.70472],[-84.54729,31.70446],[-84.54665,31.70424],[-84.54675,31.70339],[-84.54525,31.7016],[-84.54563,31.70108],[-84.54509,31.70093],[-84.54484,31.69933],[-84.54433,31.69911],[-84.5447,31.69829],[-84.54429,31.69855],[-84.54397,31.69819],[-84.54474,31.69733],[-84.54164,31.69384],[-84.54112,31.69418],[-84.54122,31.69354],[-84.5403,31.69263],[-84.54033,31.69213],[-84.5411,31.69178],[-84.54011,31.69033],[-84.54065,31.68894],[-84.54013,31.68781],[-84.53963,31.68811],[-84.53781,31.68596],[-84.53791,31.68472],[-84.53731,31.68446],[-84.53671,31.68325],[-84.53704,31.68299],[-84.53619,31.68277],[-84.53626,31.68218],[-84.53547,31.68171],[-84.5357,31.67916],[-84.5351,31.67902],[-84.53563,31.67757],[-84.53516,31.6773],[-84.53516,31.67663],[-84.53667,31.67614],[-84.5387,31.67419],[-84.53736,31.6738],[-84.53828,31.67315],[-84.53814,31.67246],[-84.53747,31.67242],[-84.53818,31.6711],[-84.53788,31.67087],[-84.53847,31.67063],[-84.53792,31.66997],[-84.53786,31.66774],[-84.53831,31.66691],[-84.53896,31.66711],[-84.54021,31.66613],[-84.53951,31.66591],[-84.54018,31.66429],[-84.53981,31.66307],[-84.53734,31.66019],[-84.53781,31.65998],[-84.53812,31.65887],[-84.53767,31.65858],[-84.53863,31.65807],[-84.53876,31.65641],[-84.53751,31.65462],[-84.53814,31.65455],[-84.53806,31.65308],[-84.53768,31.65294],[-84.53808,31.65215],[-84.53721,31.65195],[-84.53767,31.65109],[-84.5376,31.64951],[-84.53679,31.64871],[-84.53721,31.64768],[-84.53615,31.64692],[-84.53612,31.6461],[-84.53683,31.64544],[-84.53665,31.6441],[-84.53741,31.64365],[-84.53809,31.64228],[-84.53855,31.6423],[-84.53827,31.64185],[-84.53985,31.64011],[-84.53881,31.63917],[-84.53859,31.63803],[-84.54011,31.63623],[-84.54144,31.63557],[-84.542,31.63456],[-84.54163,31.63362],[-84.54252,31.63263],[-84.54203,31.63215],[-84.54286,31.63178],[-84.54319,31.63004],[-84.5426,31.62964],[-84.54347,31.62852],[-84.54336,31.62749],[-84.5442,31.62721],[-84.54366,31.62704],[-84.54367,31.62652],[-84.5453,31.62651],[-84.54507,31.62551],[-84.54557,31.6251],[-84.54495,31.62477],[-84.54534,31.62402],[-84.54463,31.62328],[-84.54554,31.62196],[-84.54685,31.6212],[-84.45042,31.62125],[-84.45045,31.62187],[-84.44825,31.62189],[-84.34668,31.62107],[-84.2978,31.62195],[-84.29564,31.69099],[-84.30521,31.69102]]]}},{"type":"Feature","properties":{"name":"Thomas"},"geometry":{"type":"Polygon","coordinates":[[[-84.11902,31.00799],[-84.11918,30.98191],[-84.11851,30.97899],[-84.11667,30.97691],[-84.11637,30.97364],[-84.11648,30.97313],[-84.1188,30.9715],[-84.11851,30.9694],[-84.11602,30.96774],[-84.11461,30.96618],[-84.11407,30.96434],[-84.11271,30.96364],[-84.11252,30.96301],[-84.1131,30.96227],[-84.11071,30.95822],[-84.11044,30.95536],[-84.10927,30.95328],[-84.10774,30.95219],[-84.10826,30.95107],[-84.10588,30.94833],[-84.10456,30.94767],[-84.10371,30.94568],[-84.10256,30.94467],[-84.10162,30.94212],[-84.09985,30.93986],[-84.0987,30.93914],[-84.09819,30.93813],[-84.09855,30.93629],[-84.09758,30.93603],[-84.09513,30.93315],[-84.09319,30.93212],[-84.09034,30.92953],[-84.09037,30.92834],[-84.08885,30.92713],[-84.08849,30.92573],[-84.08706,30.92499],[-84.08551,30.92279],[-84.08448,30.92209],[-84.08302,30.91921],[-84.0804,30.91799],[-84.0804,30.91714],[-84.07989,30.91671],[-84.07698,30.91564],[-84.07712,30.91496],[-84.07583,30.91192],[-84.07605,30.909],[-84.07673,30.90834],[-84.076,30.90733],[-84.07632,30.90381],[-84.07728,30.90217],[-84.0772,30.8999],[-84.07648,30.89849],[-84.07778,30.8961],[-84.0773,30.89525],[-84.07835,30.89443],[-84.07623,30.89186],[-84.07726,30.89043],[-84.07635,30.8892],[-84.07689,30.88742],[-84.07566,30.88644],[-84.07648,30.8854],[-84.07668,30.88439],[-84.07632,30.8842],[-84.07764,30.88379],[-84.07706,30.88221],[-84.07867,30.88224],[-84.07841,30.8814],[-84.07955,30.88114],[-84.0788,30.88077],[-84.08021,30.87927],[-84.07953,30.87899],[-84.07946,30.87823],[-84.0804,30.87694],[-84.07993,30.87605],[-84.08057,30.8756],[-84.07903,30.87285],[-84.07754,30.87279],[-84.07608,30.87188],[-84.07522,30.8696],[-84.07457,30.86914],[-84.07452,30.86819],[-84.07315,30.86645],[-84.07291,30.86515],[-84.07578,30.86049],[-84.07936,30.85783],[-84.08015,30.85566],[-84.08214,30.85498],[-84.08255,30.85413],[-84.08161,30.85199],[-84.08182,30.85048],[-84.08121,30.84759],[-84.08055,30.84671],[-84.08028,30.84481],[-84.07947,30.84406],[-84.08004,30.84334],[-84.07987,30.84228],[-84.08074,30.84199],[-84.08039,30.84129],[-84.08097,30.83986],[-84.08006,30.83958],[-84.08051,30.83888],[-84.07983,30.83794],[-84.08063,30.83744],[-84.08113,30.83636],[-84.08065,30.83359],[-84.08306,30.72662],[-84.08376,30.6758],[-83.87779,30.66573],[-83.84976,30.66382],[-83.74373,30.6584],[-83.74226,30.74204],[-83.73902,30.742],[-83.73917,30.78689],[-83.74082,30.81814],[-83.73933,30.91609],[-83.73616,31.03768],[-83.78083,31.0385],[-83.78115,31.02585],[-83.79305,31.02595],[-83.79607,31.026],[-83.79573,31.03873],[-84.00388,31.04158],[-84.00363,31.07729],[-84.11664,31.07797],[-84.11708,31.05304],[-84.11889,31.02498],[-84.11902,31.00799]]]}},{"type":"Feature","properties":{"name":"Tift"},"geometry":{"type":"Polygon","coordinates":[[[-83.64964,31.56085],[-83.65063,31.48474],[-83.66578,31.48514],[-83.66643,31.45252],[-83.66666,31.43417],[-83.65176,31.43392],[-83.65409,31.33066],[-83.59461,31.32966],[-83.46064,31.32626],[-83.46042,31.33309],[-83.44552,31.33603],[-83.44486,31.34964],[-83.43023,31.35066],[-83.4299,31.36391],[-83.41532,31.36318],[-83.4152,31.37586],[-83.39993,31.37642],[-83.39951,31.38931],[-83.385,31.38876],[-83.38479,31.40103],[-83.37089,31.40114],[-83.36951,31.46506],[-83.33919,31.46506],[-83.33873,31.47599],[-83.34693,31.47645],[-83.34763,31.47718],[-83.34873,31.47671],[-83.34879,31.47753],[-83.35055,31.47774],[-83.35239,31.47946],[-83.35576,31.48051],[-83.35689,31.48163],[-83.35978,31.48224],[-83.36106,31.4842],[-83.36244,31.48421],[-83.36408,31.48494],[-83.37058,31.48453],[-83.37284,31.48222],[-83.37663,31.48205],[-83.37798,31.48466],[-83.38168,31.48649],[-83.38222,31.48718],[-83.38238,31.48887],[-83.38423,31.49208],[-83.38364,31.49417],[-83.3845,31.4986],[-83.38485,31.49873],[-83.3849,31.50143],[-83.38601,31.50277],[-83.38642,31.50712],[-83.3861,31.50938],[-83.38653,31.51078],[-83.38938,31.51466],[-83.39196,31.51539],[-83.39456,31.51814],[-83.39456,31.52085],[-83.39586,31.523],[-83.39564,31.5246],[-83.39774,31.52862],[-83.39704,31.53107],[-83.39726,31.53162],[-83.39945,31.53327],[-83.40123,31.53338],[-83.40211,31.53409],[-83.4025,31.53584],[-83.40359,31.53668],[-83.4048,31.54118],[-83.40707,31.54347],[-83.41076,31.54534],[-83.41249,31.54809],[-83.4207,31.55357],[-83.47093,31.55596],[-83.47083,31.56939],[-83.50095,31.57012],[-83.5007,31.59399],[-83.53144,31.59454],[-83.5434,31.59589],[-83.57477,31.59679],[-83.58885,31.59518],[-83.60468,31.59792],[-83.61876,31.59634],[-83.6281,31.59674],[-83.64897,31.59647],[-83.64964,31.56085]]]}},{"type":"Feature","properties":{"name":"Toombs"},"geometry":{"type":"Polygon","coordinates":[[[-82.4636,32.09048],[-82.4736,32.02615],[-82.48009,31.99397],[-82.48313,31.96896],[-82.47961,31.97165],[-82.47796,31.9716],[-82.47147,31.96851],[-82.46595,31.96709],[-82.45755,31.96379],[-82.45355,31.96409],[-82.44445,31.96749],[-82.43935,31.96779],[-82.43015,31.96599],[-82.42315,31.96339],[-82.41785,31.95959],[-82.40845,31.95609],[-82.40755,31.95409],[-82.40845,31.95129],[-82.40814,31.95029],[-82.40725,31.94949],[-82.40554,31.94919],[-82.40354,31.94979],[-82.40184,31.95249],[-82.40194,31.95369],[-82.40444,31.95719],[-82.40424,31.95849],[-82.40224,31.96029],[-82.40084,31.96029],[-82.39794,31.95909],[-82.39324,31.95558],[-82.39204,31.95108],[-82.39084,31.94928],[-82.38714,31.94818],[-82.38584,31.94928],[-82.38544,31.95138],[-82.38654,31.95378],[-82.38904,31.95658],[-82.38903,31.95778],[-82.38764,31.95968],[-82.38548,31.96022],[-82.38446,31.96002],[-82.38315,31.95946],[-82.38092,31.95601],[-82.37953,31.95498],[-82.3721,31.95398],[-82.37155,31.95349],[-82.37215,31.95119],[-82.37545,31.94929],[-82.37845,31.94599],[-82.37865,31.94319],[-82.37765,31.94189],[-82.37242,31.94146],[-82.36503,31.94364],[-82.36233,31.94369],[-82.35931,31.94174],[-82.35801,31.93969],[-82.33733,31.93717],[-82.32967,31.93478],[-82.32328,31.9345],[-82.31448,31.93078],[-82.31314,31.93091],[-82.30887,31.9327],[-82.30768,31.93727],[-82.31216,31.93939],[-82.31533,31.9428],[-82.31609,31.94415],[-82.3161,31.94523],[-82.31508,31.94661],[-82.31391,31.94712],[-82.31154,31.94752],[-82.30951,31.94654],[-82.30654,31.94161],[-82.30601,31.93869],[-82.30392,31.93722],[-82.3028,31.9339],[-82.30111,31.93327],[-82.29809,31.93399],[-82.29533,31.93886],[-82.29158,31.9424],[-82.28831,31.94278],[-82.28642,31.94244],[-82.27762,31.93707],[-82.27033,31.93587],[-82.2682,31.93279],[-82.26763,31.92972],[-82.26678,31.92841],[-82.26316,31.92795],[-82.26139,31.929],[-82.2597,31.93241],[-82.25604,31.93209],[-82.25534,31.93142],[-82.25459,31.92747],[-82.25119,31.92351],[-82.24973,31.9228],[-82.24903,31.92186],[-82.24846,31.92067],[-82.24801,31.9173],[-82.24681,31.9151],[-82.24451,31.9145],[-82.24292,31.9151],[-82.23822,31.9201],[-82.23632,31.9205],[-82.23283,31.9189],[-82.23183,31.9171],[-82.23164,31.9134],[-82.23094,31.9124],[-82.22964,31.9118],[-82.22504,31.91307],[-82.21464,31.99963],[-82.20899,32.03724],[-82.2056,32.06361],[-82.20442,32.07677],[-82.19648,32.12076],[-82.19483,32.13414],[-82.19301,32.13643],[-82.19337,32.1384],[-82.19532,32.14093],[-82.19394,32.14248],[-82.18915,32.14608],[-82.1887,32.14756],[-82.18901,32.15071],[-82.18829,32.15074],[-82.18814,32.14971],[-82.18747,32.14986],[-82.18731,32.15144],[-82.1849,32.15455],[-82.18527,32.15539],[-82.18659,32.15516],[-82.1869,32.15573],[-82.1863,32.15707],[-82.18488,32.15757],[-82.18277,32.16026],[-82.18307,32.16137],[-82.18382,32.16183],[-82.18365,32.16259],[-82.18427,32.1638],[-82.18235,32.16509],[-82.18191,32.16613],[-82.18455,32.16729],[-82.18553,32.16687],[-82.18611,32.16717],[-82.18585,32.16838],[-82.18381,32.1696],[-82.18406,32.17064],[-82.18519,32.17044],[-82.18568,32.171],[-82.18461,32.17332],[-82.18536,32.17586],[-82.18613,32.17614],[-82.18636,32.17701],[-82.18517,32.17853],[-82.18521,32.17933],[-82.18419,32.18],[-82.18511,32.18158],[-82.18731,32.18315],[-82.1873,32.18453],[-82.188,32.18543],[-82.18748,32.18757],[-82.18845,32.18932],[-82.19036,32.18961],[-82.19011,32.19057],[-82.19124,32.19199],[-82.19208,32.19459],[-82.19494,32.19627],[-82.19526,32.19773],[-82.19445,32.19963],[-82.19476,32.20147],[-82.19682,32.20387],[-82.19612,32.20497],[-82.19906,32.2042],[-82.19983,32.20543],[-82.20138,32.20588],[-82.20079,32.20679],[-82.20119,32.2076],[-82.20493,32.20969],[-82.20456,32.21128],[-82.20625,32.21133],[-82.20711,32.21273],[-82.20624,32.21343],[-82.20751,32.21368],[-82.20734,32.21488],[-82.20792,32.21582],[-82.20725,32.21717],[-82.20627,32.21779],[-82.2072,32.22081],[-82.209,32.22176],[-82.21098,32.22452],[-82.21078,32.22665],[-82.21375,32.2294],[-82.21335,32.23092],[-82.21178,32.23309],[-82.21277,32.23383],[-82.21299,32.2347],[-82.21238,32.23501],[-82.21105,32.23449],[-82.21051,32.23472],[-82.21038,32.23659],[-82.21112,32.23765],[-82.21029,32.2379],[-82.20975,32.23909],[-82.21079,32.23988],[-82.21129,32.23884],[-82.21169,32.23884],[-82.2121,32.24009],[-82.21174,32.24092],[-82.2128,32.2414],[-82.2112,32.24421],[-82.2123,32.24564],[-82.21193,32.24693],[-82.21421,32.24796],[-82.21472,32.24936],[-82.21629,32.24866],[-82.2165,32.25044],[-82.21512,32.25189],[-82.21511,32.25286],[-82.21593,32.25421],[-82.2172,32.25451],[-82.21795,32.25537],[-82.21745,32.25682],[-82.21911,32.25716],[-82.21859,32.25797],[-82.2176,32.25799],[-82.21741,32.2586],[-82.21944,32.25898],[-82.2195,32.25951],[-82.21869,32.26021],[-82.22015,32.2608],[-82.21976,32.26224],[-82.22041,32.2623],[-82.22151,32.26146],[-82.22226,32.26198],[-82.22171,32.26312],[-82.22182,32.26505],[-82.22114,32.26635],[-82.22144,32.27147],[-82.22271,32.27273],[-82.22261,32.27377],[-82.22448,32.276],[-82.22643,32.27693],[-82.22592,32.27827],[-82.2274,32.27779],[-82.22789,32.27806],[-82.22707,32.27949],[-82.22723,32.28118],[-82.22838,32.28284],[-82.22814,32.28383],[-82.22946,32.2839],[-82.22896,32.28512],[-82.22773,32.28618],[-82.22751,32.2872],[-82.22759,32.28767],[-82.22849,32.28779],[-82.22785,32.28923],[-82.2288,32.29063],[-82.22874,32.29207],[-82.22766,32.29231],[-82.22733,32.29286],[-82.22836,32.29619],[-82.22828,32.30088],[-82.22912,32.30127],[-82.2286,32.3027],[-82.229,32.3041],[-82.23067,32.30607],[-82.23232,32.30608],[-82.23066,32.30726],[-82.23228,32.30775],[-82.23148,32.30885],[-82.23203,32.30981],[-82.23339,32.31006],[-82.23348,32.31193],[-82.23429,32.31245],[-82.23396,32.31329],[-82.23499,32.31424],[-82.23479,32.31545],[-82.23359,32.3166],[-82.23412,32.31737],[-82.2333,32.31778],[-82.23279,32.31884],[-82.26134,32.30458],[-82.26854,32.29988],[-82.27984,32.29418],[-82.32315,32.29338],[-82.32865,32.29448],[-82.34615,32.29188],[-82.35455,32.29219],[-82.35569,32.29908],[-82.35526,32.30073],[-82.35564,32.30191],[-82.3553,32.30397],[-82.35549,32.31034],[-82.35638,32.31349],[-82.35831,32.31631],[-82.35879,32.31865],[-82.36137,32.32044],[-82.3618,32.32125],[-82.36355,32.32149],[-82.36422,32.32225],[-82.36579,32.32281],[-82.36599,32.32491],[-82.36724,32.3262],[-82.37034,32.3276],[-82.37059,32.32837],[-82.37282,32.32999],[-82.37316,32.33088],[-82.37356,32.33068],[-82.37516,32.33204],[-82.37655,32.33447],[-82.37894,32.3369],[-82.38265,32.33671],[-82.38328,32.3374],[-82.38451,32.33773],[-82.39168,32.33528],[-82.39283,32.33552],[-82.39498,32.33825],[-82.39652,32.34242],[-82.39882,32.34484],[-82.40017,32.34824],[-82.40003,32.34939],[-82.40165,32.35226],[-82.40303,32.35251],[-82.40326,32.35313],[-82.40467,32.35245],[-82.40538,32.35283],[-82.4055,32.35349],[-82.40912,32.35383],[-82.43006,32.31302],[-82.43913,32.29261],[-82.44112,32.218],[-82.45843,32.12192],[-82.4636,32.09048]]]}},{"type":"Feature","properties":{"name":"Towns"},"geometry":{"type":"Polygon","coordinates":[[[-83.65667,34.8786],[-83.65013,34.88089],[-83.64942,34.8833],[-83.64781,34.88539],[-83.64698,34.88581],[-83.6464,34.88702],[-83.64445,34.88865],[-83.64528,34.89138],[-83.63769,34.89299],[-83.63559,34.89229],[-83.63359,34.89389],[-83.63059,34.89449],[-83.62989,34.89519],[-83.62859,34.89749],[-83.62799,34.89979],[-83.62869,34.90149],[-83.62849,34.90349],[-83.62999,34.90599],[-83.62839,34.90689],[-83.62659,34.91009],[-83.62401,34.9105],[-83.62254,34.90926],[-83.61838,34.90867],[-83.61805,34.90928],[-83.61856,34.91104],[-83.61471,34.91424],[-83.61255,34.91354],[-83.61031,34.91365],[-83.60827,34.91288],[-83.60676,34.91406],[-83.60395,34.91316],[-83.60247,34.91398],[-83.59901,34.91277],[-83.59709,34.91368],[-83.59522,34.9171],[-83.59379,34.91794],[-83.59322,34.92155],[-83.59967,34.92193],[-83.59951,34.93019],[-83.60204,34.93192],[-83.60196,34.93443],[-83.60122,34.93654],[-83.60159,34.93834],[-83.59661,34.93956],[-83.59351,34.93947],[-83.5916,34.94138],[-83.58224,34.94281],[-83.54688,34.94649],[-83.54938,34.99239],[-83.62005,34.99203],[-83.61995,34.98667],[-83.74989,34.98784],[-83.90667,34.98708],[-83.93639,34.98756],[-83.93663,34.98226],[-83.93838,34.97999],[-83.94022,34.97862],[-83.94021,34.97735],[-83.94159,34.97565],[-83.94617,34.97289],[-83.94537,34.97225],[-83.94618,34.97092],[-83.94599,34.97055],[-83.94282,34.96843],[-83.93559,34.96515],[-83.93514,34.96369],[-83.93581,34.96227],[-83.9352,34.96195],[-83.93522,34.96114],[-83.93193,34.95818],[-83.92668,34.95548],[-83.92535,34.95325],[-83.92363,34.94714],[-83.92203,34.94563],[-83.91935,34.9442],[-83.91737,34.94194],[-83.91728,34.94147],[-83.91856,34.94029],[-83.91686,34.93879],[-83.91579,34.93645],[-83.91659,34.93423],[-83.91668,34.93193],[-83.91861,34.92993],[-83.91808,34.92902],[-83.91479,34.92693],[-83.86581,34.91469],[-83.86641,34.91279],[-83.86541,34.91164],[-83.86591,34.91093],[-83.86524,34.90985],[-83.85817,34.90544],[-83.858,34.90387],[-83.8565,34.90353],[-83.85647,34.89885],[-83.83297,34.89959],[-83.83316,34.90623],[-83.8401,34.90641],[-83.84008,34.90957],[-83.83702,34.90908],[-83.8269,34.91086],[-83.8236,34.91305],[-83.81971,34.91378],[-83.81871,34.91338],[-83.81489,34.90941],[-83.81215,34.90872],[-83.80854,34.90419],[-83.80496,34.89593],[-83.80539,34.8913],[-83.80787,34.88915],[-83.80885,34.88718],[-83.8087,34.88393],[-83.81059,34.87944],[-83.8109,34.87529],[-83.81184,34.87326],[-83.81155,34.87147],[-83.81039,34.86902],[-83.80999,34.86564],[-83.80867,34.86375],[-83.80936,34.86063],[-83.80612,34.85668],[-83.80443,34.85596],[-83.80117,34.85279],[-83.80067,34.85024],[-83.79915,34.84845],[-83.79823,34.84827],[-83.79699,34.84704],[-83.79505,34.84627],[-83.79121,34.84351],[-83.79159,34.84251],[-83.79333,34.84105],[-83.79386,34.83931],[-83.7949,34.83827],[-83.79574,34.83489],[-83.79526,34.83114],[-83.79633,34.82827],[-83.79632,34.82678],[-83.7946,34.82463],[-83.7899,34.82431],[-83.78809,34.82316],[-83.78482,34.81947],[-83.7806,34.81839],[-83.78035,34.79291],[-83.74261,34.80143],[-83.73822,34.80018],[-83.73664,34.80033],[-83.73376,34.7993],[-83.72329,34.79785],[-83.72173,34.79711],[-83.72092,34.79609],[-83.71523,34.79368],[-83.71256,34.79105],[-83.70691,34.79197],[-83.7041,34.79125],[-83.70145,34.79278],[-83.69621,34.79351],[-83.69074,34.79948],[-83.6888,34.79947],[-83.68471,34.80149],[-83.68174,34.80082],[-83.6767,34.80431],[-83.66637,34.80705],[-83.66343,34.8109],[-83.65841,34.81348],[-83.65755,34.81463],[-83.65623,34.81869],[-83.65276,34.82154],[-83.65219,34.82288],[-83.65645,34.82551],[-83.65909,34.83028],[-83.65812,34.83167],[-83.65929,34.83404],[-83.65932,34.83892],[-83.65961,34.84051],[-83.6613,34.84376],[-83.66161,34.84742],[-83.66012,34.85519],[-83.65819,34.85654],[-83.65788,34.85918],[-83.65643,34.8605],[-83.65695,34.862],[-83.65492,34.86559],[-83.65619,34.86753],[-83.65627,34.87259],[-83.65454,34.87539],[-83.65481,34.87678],[-83.65667,34.8786]]]}},{"type":"Feature","properties":{"name":"Treutlen"},"geometry":{"type":"Polygon","coordinates":[[[-82.40912,32.35383],[-82.41017,32.35558],[-82.41117,32.35891],[-82.41111,32.36562],[-82.40757,32.37222],[-82.40553,32.37738],[-82.40192,32.38064],[-82.39694,32.3864],[-82.39429,32.39176],[-82.39347,32.39862],[-82.39426,32.41265],[-82.38905,32.4261],[-82.38194,32.4406],[-82.38343,32.44058],[-82.38421,32.43998],[-82.38562,32.44022],[-82.38691,32.44143],[-82.38782,32.44145],[-82.38992,32.44263],[-82.38978,32.44317],[-82.39079,32.44399],[-82.38986,32.44481],[-82.39182,32.44557],[-82.39246,32.44687],[-82.3922,32.44803],[-82.39507,32.44939],[-82.39577,32.44898],[-82.39752,32.45167],[-82.3982,32.45188],[-82.39917,32.45126],[-82.40192,32.45289],[-82.40409,32.45273],[-82.40463,32.45336],[-82.40701,32.45418],[-82.40926,32.45421],[-82.41238,32.45573],[-82.41417,32.45538],[-82.41514,32.45603],[-82.41678,32.45594],[-82.41882,32.45693],[-82.42057,32.45719],[-82.42259,32.45866],[-82.42341,32.4605],[-82.42505,32.46225],[-82.4261,32.46224],[-82.42815,32.46463],[-82.43086,32.46572],[-82.43095,32.4662],[-82.4316,32.46647],[-82.43251,32.46604],[-82.43419,32.46771],[-82.43691,32.468],[-82.43814,32.46886],[-82.43881,32.46858],[-82.44164,32.47081],[-82.44297,32.47108],[-82.44442,32.47044],[-82.4461,32.47039],[-82.44771,32.47137],[-82.45011,32.47466],[-82.45731,32.47532],[-82.45976,32.47666],[-82.45995,32.47731],[-82.4609,32.47763],[-82.46105,32.47833],[-82.46253,32.47887],[-82.464,32.47861],[-82.46478,32.48005],[-82.46759,32.48148],[-82.46853,32.48263],[-82.46926,32.48228],[-82.47045,32.48358],[-82.47129,32.48322],[-82.47144,32.48384],[-82.47201,32.48373],[-82.47154,32.48531],[-82.47341,32.48575],[-82.47451,32.48682],[-82.47478,32.48747],[-82.47394,32.48855],[-82.47532,32.48938],[-82.47646,32.48944],[-82.47924,32.49072],[-82.48004,32.49041],[-82.48086,32.49141],[-82.4828,32.49212],[-82.48523,32.49227],[-82.48598,32.49142],[-82.48894,32.49183],[-82.49063,32.49511],[-82.49055,32.4965],[-82.49405,32.49588],[-82.49639,32.49757],[-82.49932,32.4983],[-82.50493,32.4979],[-82.51707,32.4996],[-82.52703,32.49773],[-82.53452,32.49716],[-82.53935,32.49857],[-82.54792,32.49891],[-82.5542,32.50046],[-82.55742,32.50175],[-82.56305,32.50571],[-82.586,32.50669],[-82.59955,32.50553],[-82.61865,32.50497],[-82.62382,32.50658],[-82.63269,32.50739],[-82.63777,32.50859],[-82.64121,32.50959],[-82.64773,32.51251],[-82.65714,32.50709],[-82.65419,32.50608],[-82.65283,32.5032],[-82.64767,32.4995],[-82.64502,32.49908],[-82.63972,32.49604],[-82.63641,32.49571],[-82.63555,32.49606],[-82.63313,32.49104],[-82.64089,32.48517],[-82.64692,32.46891],[-82.64858,32.46724],[-82.66318,32.46006],[-82.66592,32.46134],[-82.66987,32.46093],[-82.67281,32.46269],[-82.67477,32.46147],[-82.67648,32.46224],[-82.67832,32.46116],[-82.67946,32.46127],[-82.68031,32.46069],[-82.68308,32.461],[-82.68403,32.4605],[-82.68562,32.4605],[-82.68692,32.45916],[-82.68857,32.45848],[-82.6899,32.45459],[-82.69216,32.4536],[-82.69328,32.45436],[-82.69396,32.45415],[-82.69491,32.45248],[-82.69462,32.45037],[-82.69053,32.44559],[-82.69034,32.4438],[-82.69405,32.44089],[-82.69611,32.43723],[-82.69883,32.43602],[-82.70183,32.43268],[-82.70218,32.43157],[-82.70058,32.42987],[-82.70159,32.42804],[-82.7002,32.42626],[-82.70059,32.42429],[-82.69929,32.42151],[-82.69975,32.42063],[-82.69721,32.41805],[-82.69717,32.41748],[-82.6992,32.41587],[-82.70007,32.41419],[-82.699,32.41294],[-82.69967,32.41205],[-82.69958,32.41131],[-82.6974,32.40884],[-82.69762,32.40717],[-82.69938,32.4062],[-82.70106,32.40413],[-82.70093,32.40208],[-82.70244,32.39833],[-82.70554,32.39663],[-82.70737,32.39356],[-82.71242,32.39134],[-82.71473,32.39284],[-82.71614,32.39283],[-82.71633,32.38921],[-82.71517,32.38665],[-82.71584,32.38474],[-82.71665,32.38424],[-82.7168,32.38219],[-82.71834,32.3804],[-82.71891,32.37838],[-82.7205,32.37636],[-82.71703,32.37324],[-82.71703,32.37258],[-82.71918,32.37118],[-82.72308,32.37038],[-82.72248,32.36863],[-82.7234,32.36577],[-82.72261,32.36511],[-82.72256,32.36439],[-82.72289,32.36379],[-82.72444,32.36357],[-82.72514,32.36214],[-82.72636,32.36184],[-82.72977,32.36319],[-82.73079,32.36268],[-82.73058,32.36176],[-82.72822,32.36075],[-82.72797,32.35977],[-82.731,32.35841],[-82.73186,32.35671],[-82.73083,32.35634],[-82.7288,32.35683],[-82.72761,32.35562],[-82.72864,32.35278],[-82.73122,32.34882],[-82.73384,32.34207],[-82.73714,32.33803],[-82.7393,32.33755],[-82.741,32.33774],[-82.74232,32.33847],[-82.74229,32.34172],[-82.74421,32.34153],[-82.74549,32.3368],[-82.74442,32.33595],[-82.74244,32.33562],[-82.74167,32.3342],[-82.74308,32.33345],[-82.74504,32.33323],[-82.74581,32.33198],[-82.74763,32.33102],[-82.74873,32.32915],[-82.74675,32.32842],[-82.74347,32.32883],[-82.74317,32.32698],[-82.74276,32.32675],[-82.74222,32.32718],[-82.74242,32.32989],[-82.74188,32.33063],[-82.74101,32.33095],[-82.7393,32.33069],[-82.73864,32.32936],[-82.7398,32.32712],[-82.73766,32.32525],[-82.73688,32.32262],[-82.73599,32.32248],[-82.73402,32.32382],[-82.73291,32.32385],[-82.73273,32.32058],[-82.7315,32.32056],[-82.73091,32.32004],[-82.73209,32.32003],[-82.735,32.32108],[-82.73572,32.32063],[-82.73572,32.31957],[-82.73465,32.31872],[-82.73268,32.31834],[-82.72878,32.31525],[-82.72644,32.31587],[-82.72515,32.31566],[-82.72537,32.31466],[-82.72759,32.31293],[-82.73033,32.31195],[-82.73001,32.31064],[-82.72712,32.31009],[-82.72596,32.3088],[-82.72521,32.3087],[-82.72432,32.30933],[-82.72355,32.3108],[-82.72275,32.31081],[-82.72214,32.30943],[-82.72033,32.30794],[-82.71987,32.30587],[-82.71469,32.30532],[-82.71342,32.30595],[-82.71498,32.30955],[-82.71384,32.31032],[-82.71294,32.31002],[-82.71093,32.30582],[-82.70898,32.30418],[-82.70641,32.30327],[-82.70497,32.30172],[-82.70503,32.30084],[-82.7075,32.30042],[-82.70853,32.29965],[-82.70844,32.29863],[-82.70755,32.29807],[-82.70223,32.29882],[-82.69946,32.2974],[-82.69843,32.29596],[-82.69375,32.29459],[-82.68844,32.29558],[-82.68303,32.29523],[-82.67724,32.29586],[-82.67616,32.29565],[-82.67435,32.29366],[-82.673,32.29363],[-82.67071,32.29445],[-82.66695,32.29479],[-82.66429,32.2961],[-82.66315,32.29727],[-82.66309,32.29777],[-82.6646,32.29952],[-82.66763,32.30024],[-82.66766,32.30287],[-82.66883,32.30374],[-82.6687,32.30425],[-82.66493,32.30285],[-82.66145,32.30048],[-82.65922,32.30077],[-82.65871,32.30243],[-82.65755,32.3027],[-82.65706,32.30229],[-82.65669,32.29837],[-82.65549,32.29756],[-82.65624,32.30016],[-82.65581,32.3015],[-82.65439,32.30179],[-82.65435,32.30239],[-82.65344,32.30262],[-82.65243,32.30562],[-82.64974,32.30785],[-82.65,32.30872],[-82.64922,32.30965],[-82.6491,32.3115],[-82.40912,32.35383]]]}},{"type":"Feature","properties":{"name":"Troup"},"geometry":{"type":"Polygon","coordinates":[[[-84.86333,33.09714],[-84.86274,33.12528],[-84.86232,33.19872],[-84.86238,33.19914],[-84.86514,33.19812],[-84.86753,33.19571],[-84.8699,33.19566],[-84.8692,33.19903],[-84.87059,33.20572],[-84.87146,33.20626],[-84.87195,33.20743],[-84.8622,33.20754],[-84.86213,33.22386],[-84.93902,33.22469],[-85.04083,33.18828],[-85.04179,33.18537],[-85.04526,33.18162],[-85.04945,33.18145],[-85.05583,33.18369],[-85.05838,33.18345],[-85.05922,33.18315],[-85.06054,33.1812],[-85.06345,33.17986],[-85.06453,33.17848],[-85.08804,33.1717],[-85.08771,33.18659],[-85.09758,33.18663],[-85.09756,33.19509],[-85.10798,33.1951],[-85.10785,33.17846],[-85.11754,33.1785],[-85.1174,33.16365],[-85.23652,33.12956],[-85.18474,32.87051],[-85.10883,32.87024],[-85.10868,32.86666],[-85.09941,32.86665],[-85.09947,32.87015],[-84.86186,32.86862],[-84.86153,32.96081],[-84.86452,32.96082],[-84.86462,32.9685],[-84.86419,32.97299],[-84.86462,32.97349],[-84.86463,32.97538],[-84.86414,32.97973],[-84.86392,33.01885],[-84.86338,33.03584],[-84.86333,33.09714]]]}},{"type":"Feature","properties":{"name":"Turner"},"geometry":{"type":"Polygon","coordinates":[[[-83.46326,31.69546],[-83.46064,31.69539],[-83.46121,31.69944],[-83.45928,31.70406],[-83.45525,31.70569],[-83.45292,31.7086],[-83.45511,31.71587],[-83.45582,31.71676],[-83.45614,31.72279],[-83.45831,31.72409],[-83.45929,31.72585],[-83.46075,31.72614],[-83.46314,31.72908],[-83.46369,31.73118],[-83.46331,31.73285],[-83.46378,31.7358],[-83.46552,31.73861],[-83.46667,31.73939],[-83.46678,31.74133],[-83.46633,31.74202],[-83.46404,31.74173],[-83.46316,31.74215],[-83.46088,31.74435],[-83.46084,31.74496],[-83.46014,31.74501],[-83.4596,31.746],[-83.45797,31.74676],[-83.457,31.74839],[-83.45397,31.7496],[-83.4527,31.7506],[-83.45218,31.75221],[-83.45318,31.75527],[-83.45422,31.75675],[-83.45226,31.75984],[-83.45254,31.76303],[-83.45348,31.76419],[-83.455,31.76828],[-83.45435,31.77091],[-83.45528,31.77611],[-83.45513,31.77829],[-83.45625,31.77929],[-83.45935,31.77995],[-83.45922,31.78105],[-83.4602,31.78308],[-83.45937,31.78422],[-83.45917,31.78557],[-83.45814,31.78576],[-83.45805,31.78749],[-83.45741,31.78795],[-83.45901,31.79103],[-83.45887,31.79361],[-83.45967,31.79462],[-83.46108,31.79491],[-83.46513,31.79713],[-83.46594,31.79987],[-83.4657,31.80076],[-83.46661,31.80273],[-83.46835,31.80337],[-83.46952,31.80535],[-83.47266,31.80702],[-83.4729,31.80812],[-83.47381,31.80912],[-83.47469,31.81315],[-83.47395,31.81712],[-83.47765,31.82016],[-83.47857,31.82358],[-83.47846,31.82452],[-83.47742,31.82543],[-83.47761,31.82692],[-83.4766,31.82952],[-83.47898,31.83244],[-83.48032,31.83281],[-83.48219,31.83427],[-83.48437,31.83483],[-83.4844,31.83663],[-83.48312,31.83874],[-83.48151,31.84023],[-83.48101,31.84264],[-83.47981,31.84465],[-83.48018,31.84731],[-83.54752,31.84796],[-83.54164,31.8531],[-83.61226,31.85409],[-83.61264,31.80413],[-83.72056,31.80474],[-83.80272,31.80358],[-83.79868,31.80101],[-83.79948,31.76082],[-83.79731,31.76075],[-83.79674,31.6649],[-83.79722,31.62518],[-83.79685,31.62293],[-83.71877,31.62203],[-83.71613,31.61983],[-83.71252,31.61917],[-83.7121,31.61971],[-83.71094,31.61989],[-83.70942,31.6184],[-83.70668,31.6192],[-83.70579,31.61811],[-83.70581,31.61679],[-83.70482,31.61592],[-83.70438,31.61265],[-83.70238,31.60955],[-83.7025,31.60799],[-83.70123,31.60583],[-83.69973,31.60483],[-83.6995,31.60344],[-83.69886,31.60283],[-83.69776,31.60279],[-83.69783,31.60462],[-83.6957,31.60418],[-83.69352,31.60271],[-83.69287,31.60021],[-83.68993,31.59802],[-83.6881,31.59745],[-83.68633,31.59775],[-83.68403,31.59678],[-83.68319,31.59718],[-83.68217,31.59877],[-83.68197,31.60049],[-83.67753,31.60087],[-83.67705,31.60009],[-83.67604,31.59971],[-83.67559,31.59761],[-83.67396,31.5964],[-83.67373,31.59544],[-83.67207,31.59471],[-83.66998,31.59514],[-83.66899,31.59357],[-83.6688,31.59216],[-83.66949,31.59146],[-83.66789,31.5887],[-83.66876,31.58785],[-83.66769,31.58587],[-83.67147,31.583],[-83.67174,31.5821],[-83.67266,31.58172],[-83.67235,31.57832],[-83.67295,31.57748],[-83.67291,31.57657],[-83.67154,31.57412],[-83.67141,31.57183],[-83.66737,31.56768],[-83.66376,31.56563],[-83.66088,31.56596],[-83.65944,31.56702],[-83.65904,31.56898],[-83.6566,31.56963],[-83.65468,31.57099],[-83.65321,31.57073],[-83.65243,31.56952],[-83.64938,31.56798],[-83.64897,31.59647],[-83.6281,31.59674],[-83.61876,31.59634],[-83.60468,31.59792],[-83.58885,31.59518],[-83.57477,31.59679],[-83.5434,31.59589],[-83.53144,31.59454],[-83.50005,31.59401],[-83.49989,31.61946],[-83.49165,31.61941],[-83.49057,31.6767],[-83.49067,31.69609],[-83.46326,31.69546]]]}},{"type":"Feature","properties":{"name":"Twiggs"},"geometry":{"type":"Polygon","coordinates":[[[-83.55383,32.75892],[-83.57872,32.73812],[-83.58559,32.74484],[-83.59295,32.73886],[-83.59902,32.74344],[-83.60236,32.74127],[-83.59868,32.74037],[-83.59883,32.73977],[-83.60188,32.73853],[-83.60026,32.73683],[-83.59761,32.73669],[-83.59841,32.73482],[-83.59994,32.73376],[-83.59587,32.73296],[-83.59505,32.7318],[-83.59802,32.73157],[-83.60013,32.72978],[-83.59993,32.72932],[-83.59726,32.72933],[-83.59652,32.72852],[-83.59663,32.72789],[-83.598,32.7269],[-83.59806,32.7253],[-83.59876,32.72479],[-83.60079,32.72514],[-83.60049,32.72386],[-83.59842,32.7229],[-83.60048,32.72102],[-83.59904,32.71975],[-83.59887,32.71835],[-83.59983,32.71806],[-83.60123,32.71999],[-83.60371,32.71863],[-83.60418,32.71727],[-83.6029,32.71694],[-83.60155,32.71795],[-83.60083,32.71774],[-83.60024,32.7162],[-83.60143,32.71526],[-83.60139,32.7146],[-83.59862,32.71339],[-83.59845,32.71434],[-83.59716,32.71469],[-83.59683,32.71288],[-83.59716,32.71203],[-83.59883,32.71174],[-83.59866,32.70981],[-83.60051,32.70823],[-83.59969,32.70676],[-83.60021,32.70574],[-83.59983,32.70402],[-83.60169,32.70265],[-83.60268,32.70116],[-83.60496,32.70175],[-83.60433,32.70076],[-83.60242,32.70009],[-83.60237,32.69957],[-83.60389,32.69953],[-83.6061,32.70142],[-83.6069,32.70154],[-83.60844,32.69927],[-83.60817,32.69795],[-83.60913,32.69803],[-83.60922,32.69907],[-83.61026,32.69884],[-83.6103,32.69773],[-83.60963,32.69661],[-83.61128,32.69622],[-83.61155,32.69438],[-83.61057,32.69318],[-83.60859,32.69264],[-83.60861,32.69099],[-83.60643,32.69099],[-83.60834,32.69011],[-83.60798,32.68854],[-83.60847,32.68801],[-83.61042,32.68895],[-83.61106,32.68854],[-83.60925,32.6868],[-83.60777,32.68688],[-83.60836,32.6836],[-83.60633,32.68307],[-83.60583,32.68243],[-83.60675,32.68141],[-83.60701,32.67905],[-83.60575,32.6771],[-83.60526,32.67488],[-83.60572,32.67416],[-83.6068,32.67373],[-83.60326,32.67186],[-83.59985,32.67176],[-83.59962,32.67076],[-83.60132,32.66966],[-83.60117,32.66932],[-83.59938,32.66928],[-83.59909,32.66769],[-83.59717,32.66688],[-83.59766,32.66434],[-83.59614,32.66427],[-83.59419,32.66639],[-83.59373,32.66507],[-83.59101,32.66546],[-83.59091,32.66392],[-83.58883,32.66431],[-83.58824,32.6628],[-83.58576,32.66266],[-83.58536,32.66178],[-83.58612,32.66066],[-83.58476,32.65974],[-83.58553,32.65855],[-83.58527,32.65727],[-83.58345,32.65728],[-83.58181,32.65892],[-83.58042,32.65837],[-83.58102,32.65695],[-83.58255,32.65567],[-83.58238,32.65518],[-83.58138,32.65502],[-83.58003,32.65531],[-83.57914,32.65706],[-83.57654,32.65755],[-83.57511,32.65871],[-83.57314,32.658],[-83.57148,32.65895],[-83.5713,32.65742],[-83.57062,32.65727],[-83.57058,32.65938],[-83.57004,32.65992],[-83.56777,32.65993],[-83.56682,32.6588],[-83.5662,32.66079],[-83.56474,32.6597],[-83.56313,32.65981],[-83.56085,32.65797],[-83.56174,32.65491],[-83.56162,32.65381],[-83.56043,32.65384],[-83.55984,32.65253],[-83.55883,32.65203],[-83.55632,32.65275],[-83.55578,32.65252],[-83.5569,32.6509],[-83.55667,32.65037],[-83.55518,32.65013],[-83.55451,32.64821],[-83.5551,32.6476],[-83.55703,32.64811],[-83.55781,32.64965],[-83.55834,32.64949],[-83.55753,32.64477],[-83.55656,32.64422],[-83.55476,32.64416],[-83.55121,32.64074],[-83.55065,32.6408],[-83.54997,32.64229],[-83.54929,32.64198],[-83.54874,32.63924],[-83.55106,32.63653],[-83.55097,32.63479],[-83.54918,32.6339],[-83.54753,32.63088],[-83.54634,32.63235],[-83.54513,32.63217],[-83.54633,32.63047],[-83.54629,32.62959],[-83.54425,32.62904],[-83.54514,32.62714],[-83.54295,32.62579],[-83.54394,32.62233],[-83.5415,32.62025],[-83.54433,32.61959],[-83.54465,32.61801],[-83.54592,32.6171],[-83.5481,32.61713],[-83.54897,32.61636],[-83.54843,32.61567],[-83.54688,32.61506],[-83.54748,32.61354],[-83.54632,32.61234],[-83.54591,32.61021],[-83.54502,32.61014],[-83.54373,32.61103],[-83.54356,32.60937],[-83.54192,32.60853],[-83.54212,32.60814],[-83.54365,32.60826],[-83.54373,32.60708],[-83.5425,32.60667],[-83.54041,32.60746],[-83.54074,32.60576],[-83.53798,32.60285],[-83.5403,32.60264],[-83.54173,32.59925],[-83.53999,32.59062],[-83.53724,32.58839],[-83.53878,32.58635],[-83.53939,32.58662],[-83.53956,32.5875],[-83.54023,32.58757],[-83.54001,32.58476],[-83.53816,32.58394],[-83.5379,32.58604],[-83.53684,32.58652],[-83.53505,32.58657],[-83.53412,32.58566],[-83.53633,32.583],[-83.53606,32.57597],[-83.53672,32.57463],[-83.54126,32.57738],[-83.54184,32.57715],[-83.54315,32.57455],[-83.54765,32.57332],[-83.54818,32.57178],[-83.54777,32.56763],[-83.54838,32.56353],[-83.54761,32.56281],[-83.54585,32.56337],[-83.5453,32.56297],[-83.546,32.56195],[-83.54593,32.56033],[-83.54783,32.56008],[-83.54776,32.55936],[-83.5449,32.55821],[-83.54489,32.55754],[-83.5461,32.55657],[-83.54514,32.55568],[-83.54433,32.556],[-83.54382,32.55725],[-83.54317,32.55714],[-83.54092,32.55492],[-83.54027,32.55495],[-83.53977,32.55584],[-83.53892,32.55573],[-83.53871,32.55494],[-83.53987,32.55348],[-83.53832,32.55219],[-83.53829,32.55128],[-83.53886,32.55094],[-83.5411,32.55112],[-83.54175,32.5502],[-83.54034,32.54808],[-83.53932,32.54764],[-83.53734,32.54776],[-83.53737,32.54649],[-83.53607,32.54399],[-83.53612,32.54316],[-83.53743,32.54122],[-83.539,32.54203],[-83.53986,32.54086],[-83.53917,32.53751],[-83.53733,32.53605],[-83.53748,32.53434],[-83.53564,32.53336],[-83.53539,32.52997],[-83.5357,32.52906],[-83.53785,32.52768],[-83.53844,32.52558],[-83.53967,32.52511],[-83.53985,32.52429],[-83.53894,32.524],[-83.53808,32.52474],[-83.53701,32.52478],[-83.53669,32.52421],[-83.53754,32.52305],[-83.53713,32.52259],[-83.53567,32.52371],[-83.53436,32.5233],[-83.533,32.52351],[-83.53258,32.52221],[-83.53482,32.52126],[-83.53377,32.519],[-83.53401,32.51661],[-83.53268,32.51618],[-83.531,32.51812],[-83.53028,32.51813],[-83.52999,32.51642],[-83.52903,32.51562],[-83.52891,32.51432],[-83.52731,32.51326],[-83.5275,32.51181],[-83.5266,32.51153],[-83.5241,32.51259],[-83.52305,32.51081],[-83.52063,32.51073],[-83.5213,32.5095],[-83.52003,32.50819],[-83.52012,32.50767],[-83.52167,32.50735],[-83.52266,32.50582],[-83.52394,32.50656],[-83.52438,32.50571],[-83.52395,32.50493],[-83.52203,32.50385],[-83.52089,32.50214],[-83.52019,32.5025],[-83.5197,32.50418],[-83.51814,32.50414],[-83.51865,32.50336],[-83.51823,32.49899],[-83.5153,32.49938],[-83.51331,32.49908],[-83.5129,32.49807],[-83.51465,32.49785],[-83.5149,32.49724],[-83.51171,32.49506],[-83.50549,32.49199],[-83.49725,32.48907],[-83.49361,32.49004],[-83.49238,32.48914],[-83.49218,32.48676],[-83.4915,32.48604],[-83.48865,32.48554],[-83.48843,32.48447],[-83.48889,32.48384],[-83.49196,32.4836],[-83.49309,32.48188],[-83.49393,32.48236],[-83.49381,32.48395],[-83.4948,32.48415],[-83.49823,32.48233],[-83.49867,32.48164],[-83.4987,32.48083],[-83.49773,32.47985],[-83.49474,32.48081],[-83.4926,32.47996],[-83.49247,32.47904],[-83.49396,32.47776],[-83.49353,32.47688],[-83.49191,32.47663],[-83.49132,32.47805],[-83.49081,32.47817],[-83.48916,32.47643],[-83.49057,32.47552],[-83.49433,32.47524],[-83.49746,32.4722],[-83.49674,32.47112],[-83.49491,32.47156],[-83.49445,32.47219],[-83.4937,32.47188],[-83.49381,32.47092],[-83.4949,32.47031],[-83.49474,32.46938],[-83.49274,32.46863],[-83.49198,32.46762],[-83.49491,32.46629],[-83.49479,32.46258],[-83.49411,32.46178],[-83.49201,32.4618],[-83.49091,32.46106],[-83.48969,32.45802],[-83.49015,32.45697],[-83.4917,32.45626],[-83.49497,32.45633],[-83.49542,32.45526],[-83.49791,32.45385],[-83.49825,32.45317],[-83.49792,32.4522],[-83.40884,32.49571],[-83.41205,32.50209],[-83.40353,32.50542],[-83.40004,32.50016],[-83.28285,32.55707],[-83.23447,32.57945],[-83.22654,32.5842],[-83.24285,32.60876],[-83.40699,32.89822],[-83.51351,32.84487],[-83.48943,32.82406],[-83.49658,32.81843],[-83.49564,32.8171],[-83.49684,32.81685],[-83.49846,32.81506],[-83.49698,32.81267],[-83.49882,32.81057],[-83.49648,32.80695],[-83.49577,32.80757],[-83.49294,32.80515],[-83.49799,32.80074],[-83.50179,32.80153],[-83.5026,32.80112],[-83.55383,32.75892]]]}},{"type":"Feature","properties":{"name":"Union"},"geometry":{"type":"Polygon","coordinates":[[[-84.17916,34.95087],[-84.17808,34.94812],[-84.17867,34.9465],[-84.17651,34.94464],[-84.17386,34.94325],[-84.17235,34.94124],[-84.17219,34.93913],[-84.17135,34.93756],[-84.17011,34.93652],[-84.16771,34.93595],[-84.16327,34.93614],[-84.16359,34.93482],[-84.16309,34.93279],[-84.16346,34.93124],[-84.16082,34.9269],[-84.15542,34.9267],[-84.1523,34.92555],[-84.15104,34.92478],[-84.15031,34.92355],[-84.15034,34.92247],[-84.14934,34.92124],[-84.14912,34.91961],[-84.14617,34.91968],[-84.14408,34.91779],[-84.14108,34.91644],[-84.13949,34.91636],[-84.13834,34.91536],[-84.1354,34.91531],[-84.13354,34.91647],[-84.13046,34.91371],[-84.1294,34.91123],[-84.12717,34.91027],[-84.12554,34.90888],[-84.12585,34.90607],[-84.12355,34.90317],[-84.12155,34.90147],[-84.11917,34.89543],[-84.11466,34.89099],[-84.11461,34.88972],[-84.1123,34.88821],[-84.10813,34.88811],[-84.10742,34.8869],[-84.11034,34.88003],[-84.11054,34.87726],[-84.11266,34.87389],[-84.11374,34.87037],[-84.11755,34.86736],[-84.11967,34.86492],[-84.12225,34.86487],[-84.12654,34.86383],[-84.12902,34.86474],[-84.12919,34.86354],[-84.13187,34.86102],[-84.13247,34.85979],[-84.13531,34.85898],[-84.13649,34.85752],[-84.14247,34.85404],[-84.14291,34.85266],[-84.1421,34.85006],[-84.14599,34.84572],[-84.14751,34.84464],[-84.14708,34.84375],[-84.14735,34.84224],[-84.14654,34.8405],[-84.14756,34.83751],[-84.14564,34.83601],[-84.146,34.83475],[-84.14529,34.83261],[-84.14561,34.82935],[-84.14465,34.82793],[-84.14569,34.82723],[-84.14601,34.82623],[-84.1446,34.82318],[-84.14289,34.82258],[-84.14239,34.82073],[-84.1412,34.81946],[-84.14136,34.81765],[-84.14054,34.81564],[-84.14053,34.81257],[-84.13989,34.81033],[-84.14104,34.80984],[-84.1411,34.80795],[-84.14173,34.80734],[-84.13806,34.80585],[-84.13497,34.80301],[-84.13247,34.80234],[-84.12827,34.7985],[-84.12399,34.79604],[-84.11397,34.79881],[-84.11223,34.79872],[-84.11096,34.79795],[-84.1075,34.79893],[-84.10462,34.79889],[-84.10227,34.80075],[-84.10001,34.80173],[-84.09477,34.80111],[-84.09319,34.80141],[-84.09279,34.75957],[-84.09317,34.72778],[-84.10363,34.72784],[-84.15794,34.6482],[-84.15525,34.64891],[-84.15448,34.64845],[-84.15423,34.64996],[-84.15312,34.651],[-84.15181,34.65127],[-84.15057,34.65059],[-84.14899,34.64685],[-84.14764,34.64634],[-84.14632,34.64659],[-84.14205,34.64931],[-84.138,34.65287],[-84.13645,34.65558],[-84.13811,34.65983],[-84.13737,34.66077],[-84.13614,34.66137],[-84.13326,34.66163],[-84.12942,34.66377],[-84.12491,34.66442],[-84.12395,34.66329],[-84.1189,34.66092],[-84.1173,34.65838],[-84.11414,34.65791],[-84.10943,34.6561],[-84.10647,34.65626],[-84.10471,34.655],[-84.0991,34.65322],[-84.09624,34.65373],[-84.09435,34.65308],[-84.09115,34.65298],[-84.08849,34.65127],[-84.08666,34.65298],[-84.08474,34.65288],[-84.08006,34.65371],[-84.08024,34.65596],[-84.07945,34.65684],[-84.07707,34.65711],[-84.07417,34.65656],[-84.07155,34.65701],[-84.07085,34.65654],[-84.07065,34.65498],[-84.06871,34.65198],[-84.06628,34.65105],[-84.06765,34.648],[-84.06263,34.64914],[-84.0608,34.6472],[-84.05784,34.64536],[-84.05651,34.64351],[-84.05496,34.64289],[-84.05238,34.64376],[-84.04999,34.6435],[-84.04934,34.64299],[-84.04942,34.6415],[-84.04823,34.64088],[-84.04545,34.64055],[-84.04394,34.64193],[-84.04238,34.64233],[-84.03957,34.64169],[-84.03651,34.64193],[-84.03629,34.64374],[-84.03724,34.6457],[-84.03719,34.64943],[-84.03852,34.65173],[-84.03634,34.65276],[-84.03259,34.65194],[-84.03044,34.65258],[-84.02831,34.65686],[-84.02919,34.66098],[-84.02619,34.66368],[-84.02714,34.66695],[-84.02411,34.67075],[-84.01845,34.67017],[-84.01581,34.67305],[-84.00882,34.67325],[-84.00094,34.67769],[-83.99689,34.67767],[-83.99441,34.67849],[-83.99561,34.68209],[-83.99561,34.68335],[-83.99484,34.68603],[-83.99209,34.68905],[-83.99208,34.69191],[-83.99051,34.69429],[-83.99211,34.69589],[-83.99061,34.69759],[-83.98641,34.70019],[-83.98759,34.70221],[-83.98695,34.70332],[-83.98711,34.70478],[-83.98953,34.7071],[-83.98946,34.70757],[-83.98761,34.70858],[-83.98488,34.71395],[-83.98261,34.71589],[-83.97721,34.71649],[-83.97571,34.71839],[-83.97291,34.71919],[-83.97231,34.72219],[-83.97161,34.72329],[-83.96691,34.72349],[-83.9643,34.7271],[-83.91657,34.72702],[-83.91847,34.72982],[-83.91843,34.73063],[-83.92129,34.73451],[-83.91824,34.73489],[-83.91311,34.73399],[-83.91011,34.73449],[-83.90583,34.73128],[-83.90431,34.73129],[-83.90241,34.73239],[-83.90011,34.73219],[-83.8985,34.73083],[-83.89661,34.73009],[-83.89511,34.72719],[-83.89341,34.72589],[-83.88854,34.72567],[-83.88581,34.72679],[-83.88174,34.72575],[-83.87931,34.72379],[-83.87743,34.7233],[-83.87491,34.72519],[-83.86979,34.72739],[-83.86671,34.72609],[-83.86361,34.72629],[-83.86301,34.72599],[-83.86231,34.72379],[-83.86091,34.72339],[-83.85861,34.72359],[-83.85681,34.72219],[-83.85111,34.72529],[-83.85051,34.72619],[-83.84591,34.72589],[-83.8433,34.72639],[-83.8417,34.72499],[-83.8402,34.7251],[-83.8391,34.7262],[-83.8382,34.729],[-83.8324,34.7295],[-83.8304,34.7301],[-83.8294,34.7309],[-83.829,34.7317],[-83.8304,34.73589],[-83.8296,34.73899],[-83.82971,34.74037],[-83.82861,34.74168],[-83.82501,34.74368],[-83.82561,34.74528],[-83.82531,34.74739],[-83.82571,34.74919],[-83.8261,34.75009],[-83.82683,34.75009],[-83.82831,34.75306],[-83.82861,34.75594],[-83.82989,34.75821],[-83.82926,34.76189],[-83.83073,34.7659],[-83.82886,34.76825],[-83.8294,34.77078],[-83.82697,34.77289],[-83.82714,34.7756],[-83.82591,34.7775],[-83.8259,34.77851],[-83.8194,34.78259],[-83.8113,34.78609],[-83.78035,34.79291],[-83.7806,34.81839],[-83.78482,34.81947],[-83.78809,34.82316],[-83.7899,34.82431],[-83.7946,34.82463],[-83.79632,34.82678],[-83.79633,34.82827],[-83.79526,34.83114],[-83.79574,34.83489],[-83.7949,34.83827],[-83.79386,34.83931],[-83.79333,34.84105],[-83.79159,34.84251],[-83.79121,34.84351],[-83.79505,34.84627],[-83.79699,34.84704],[-83.79823,34.84827],[-83.79915,34.84845],[-83.80067,34.85024],[-83.80117,34.85279],[-83.80443,34.85596],[-83.80612,34.85668],[-83.80936,34.86063],[-83.80867,34.86375],[-83.80999,34.86564],[-83.81039,34.86902],[-83.81155,34.87147],[-83.81184,34.87326],[-83.8109,34.87529],[-83.81059,34.87944],[-83.8087,34.88393],[-83.80885,34.88718],[-83.80787,34.88915],[-83.80545,34.89118],[-83.80495,34.89555],[-83.80518,34.89692],[-83.80891,34.90474],[-83.81245,34.90901],[-83.81501,34.90949],[-83.81903,34.91362],[-83.82113,34.91366],[-83.82401,34.91287],[-83.8269,34.91086],[-83.83702,34.90908],[-83.84008,34.90957],[-83.8401,34.90641],[-83.83316,34.90623],[-83.83297,34.89959],[-83.85647,34.89885],[-83.8565,34.90353],[-83.858,34.90387],[-83.85817,34.90544],[-83.86524,34.90985],[-83.86591,34.91093],[-83.86541,34.91164],[-83.86641,34.91279],[-83.86581,34.91469],[-83.91479,34.92693],[-83.91786,34.92886],[-83.91861,34.92993],[-83.91668,34.93193],[-83.91659,34.93423],[-83.91579,34.93645],[-83.91686,34.93879],[-83.91856,34.94029],[-83.91728,34.94147],[-83.91737,34.94194],[-83.91935,34.9442],[-83.92203,34.94563],[-83.92363,34.94714],[-83.92535,34.95325],[-83.92668,34.95548],[-83.93193,34.95818],[-83.93522,34.96114],[-83.9352,34.96195],[-83.93581,34.96227],[-83.93514,34.96369],[-83.93565,34.96521],[-83.94282,34.96843],[-83.94618,34.9708],[-83.94537,34.97225],[-83.94617,34.97289],[-83.94159,34.97565],[-83.94021,34.97735],[-83.94022,34.97862],[-83.93838,34.97999],[-83.93663,34.98226],[-83.93639,34.98756],[-84.03233,34.98703],[-84.12945,34.98751],[-84.1315,34.9865],[-84.1322,34.98462],[-84.13368,34.98319],[-84.13576,34.98263],[-84.13763,34.98085],[-84.14165,34.97956],[-84.14191,34.97847],[-84.14343,34.9766],[-84.14711,34.97667],[-84.14859,34.97609],[-84.14985,34.97444],[-84.15103,34.97375],[-84.1514,34.97148],[-84.15268,34.97034],[-84.15496,34.97012],[-84.1567,34.96818],[-84.15916,34.96759],[-84.16016,34.96561],[-84.16212,34.96528],[-84.16313,34.96442],[-84.16589,34.96337],[-84.16803,34.96034],[-84.17012,34.95948],[-84.1724,34.95933],[-84.17284,34.95834],[-84.17487,34.95674],[-84.17523,34.95447],[-84.17762,34.9525],[-84.17883,34.95209],[-84.17916,34.95087]]]}},{"type":"Feature","properties":{"name":"Upson"},"geometry":{"type":"MultiPolygon","coordinates":[[[[-84.29867,32.99967],[-84.29872,32.99147],[-84.48971,32.99373],[-84.49105,32.99218],[-84.49014,32.9907],[-84.49476,32.98833],[-84.49452,32.98682],[-84.4955,32.98692],[-84.49509,32.98543],[-84.49559,32.9845],[-84.49833,32.98275],[-84.50187,32.98316],[-84.49923,32.97972],[-84.50089,32.97759],[-84.50158,32.97745],[-84.5017,32.97667],[-84.50279,32.97648],[-84.50372,32.97462],[-84.50419,32.97461],[-84.50441,32.97381],[-84.50518,32.97382],[-84.50572,32.97255],[-84.50882,32.97142],[-84.51124,32.97208],[-84.51289,32.97077],[-84.51394,32.97061],[-84.51436,32.97122],[-84.516,32.97037],[-84.5196,32.96969],[-84.52043,32.96853],[-84.52163,32.96908],[-84.52434,32.96866],[-84.52502,32.96957],[-84.52683,32.96947],[-84.52702,32.97055],[-84.52933,32.97069],[-84.53148,32.97015],[-84.53257,32.96897],[-84.5344,32.96419],[-84.5334,32.96155],[-84.53197,32.96067],[-84.52725,32.96126],[-84.52428,32.96043],[-84.52067,32.95488],[-84.51896,32.95085],[-84.51875,32.9483],[-84.51928,32.94626],[-84.52048,32.9429],[-84.52219,32.94061],[-84.52293,32.9379],[-84.5224,32.93307],[-84.52309,32.93214],[-84.52593,32.93061],[-84.52799,32.9279],[-84.52808,32.92623],[-84.5254,32.92326],[-84.52421,32.91939],[-84.52445,32.917],[-84.5265,32.91584],[-84.52702,32.91515],[-84.5269,32.9141],[-84.52603,32.91328],[-84.52332,32.91313],[-84.51717,32.91502],[-84.51378,32.9141],[-84.51198,32.91303],[-84.51043,32.90708],[-84.50817,32.90337],[-84.50795,32.898],[-84.50918,32.89415],[-84.50891,32.8883],[-84.50969,32.88454],[-84.50843,32.88265],[-84.50603,32.88151],[-84.50335,32.88169],[-84.49947,32.88333],[-84.49765,32.88356],[-84.4904,32.88099],[-84.48669,32.87914],[-84.48304,32.87813],[-84.47812,32.87783],[-84.47589,32.87685],[-84.47511,32.87513],[-84.4753,32.87246],[-84.47809,32.86982],[-84.4849,32.86602],[-84.48693,32.86375],[-84.48915,32.8623],[-84.49028,32.86031],[-84.49009,32.8569],[-84.48951,32.85587],[-84.48748,32.85481],[-84.48514,32.85447],[-84.48306,32.85225],[-84.48087,32.85209],[-84.47929,32.85438],[-84.47645,32.85607],[-84.4746,32.85575],[-84.47187,32.85405],[-84.46731,32.85301],[-84.46601,32.85144],[-84.46453,32.84809],[-84.46209,32.84588],[-84.45879,32.84125],[-84.45729,32.82988],[-84.45664,32.82866],[-84.45541,32.82863],[-84.44836,32.82502],[-84.44273,32.82521],[-84.44107,32.82658],[-84.43965,32.82969],[-84.43719,32.83186],[-84.43557,32.83412],[-84.43418,32.83806],[-84.43252,32.83865],[-84.42117,32.83881],[-84.42055,32.83842],[-84.42011,32.83648],[-84.41491,32.83453],[-84.41019,32.8273],[-84.40837,32.82643],[-84.40803,32.82468],[-84.40867,32.82357],[-84.40862,32.82195],[-84.40689,32.82066],[-84.40655,32.81978],[-84.40269,32.81737],[-84.40176,32.81605],[-84.40287,32.81268],[-84.40115,32.81094],[-84.40091,32.81003],[-84.39871,32.80867],[-84.39687,32.80584],[-84.39534,32.80167],[-84.39579,32.80036],[-84.39232,32.79462],[-84.39102,32.78696],[-84.3864,32.78635],[-84.38599,32.78594],[-84.3858,32.78325],[-84.38254,32.78028],[-84.37492,32.77726],[-84.3697,32.77618],[-84.36406,32.77825],[-84.36304,32.77817],[-84.35938,32.7748],[-84.35728,32.77368],[-84.35558,32.77356],[-84.35473,32.77395],[-84.35445,32.77554],[-84.35738,32.78209],[-84.35642,32.78332],[-84.35358,32.78358],[-84.35107,32.78287],[-84.34945,32.78179],[-84.34484,32.77581],[-84.34395,32.77206],[-84.34214,32.76915],[-84.33975,32.76273],[-84.33863,32.76136],[-84.33613,32.75971],[-84.33234,32.75959],[-84.32881,32.76211],[-84.32512,32.76238],[-84.32383,32.76186],[-84.31615,32.75554],[-84.31323,32.75599],[-84.30945,32.75902],[-84.30694,32.75956],[-84.30373,32.76118],[-84.30139,32.76134],[-84.30069,32.7609],[-84.30075,32.75793],[-84.2997,32.75602],[-84.29732,32.75476],[-84.29405,32.75462],[-84.29037,32.75361],[-84.28754,32.75014],[-84.28426,32.74452],[-84.27887,32.74378],[-84.27029,32.74107],[-84.26507,32.74048],[-84.26271,32.73931],[-84.26153,32.73546],[-84.25678,32.72931],[-84.25628,32.72599],[-84.25754,32.72434],[-84.25644,32.72272],[-84.25365,32.72221],[-84.25327,32.72319],[-84.25471,32.72468],[-84.25466,32.72532],[-84.25281,32.72737],[-84.24569,32.73092],[-84.24282,32.7343],[-84.24106,32.73764],[-84.23852,32.73857],[-84.2358,32.73828],[-84.22989,32.73363],[-84.22918,32.7323],[-84.23043,32.73046],[-84.23304,32.72885],[-84.23457,32.7271],[-84.23625,32.72294],[-84.2363,32.72104],[-84.23134,32.72239],[-84.2267,32.72132],[-84.22033,32.72087],[-84.21938,32.72029],[-84.21782,32.71802],[-84.21688,32.71494],[-84.21473,32.71107],[-84.21341,32.70565],[-84.21135,32.70134],[-84.20964,32.69961],[-84.20671,32.69965],[-84.20316,32.6975],[-84.20263,32.69002],[-84.19676,32.70129],[-84.17424,32.74875],[-84.17321,32.75014],[-84.14933,32.80121],[-84.12433,32.80093],[-84.12415,32.87513],[-84.12236,32.98958],[-84.13794,32.9901],[-84.25006,32.99067],[-84.2891,32.99133],[-84.29023,32.99185],[-84.29097,32.9946],[-84.2923,32.99601],[-84.29247,32.99856],[-84.29299,32.99969],[-84.29867,32.99967]]],[[[-84.30275,33.00415],[-84.30274,32.9997],[-84.29867,32.99967],[-84.29867,33.00414],[-84.30275,33.00415]]]]}},{"type":"Feature","properties":{"name":"Walker"},"geometry":{"type":"Polygon","coordinates":[[[-85.26436,34.88109],[-85.26506,34.98507],[-85.36392,34.98337],[-85.36464,34.9783],[-85.36965,34.97315],[-85.37198,34.96473],[-85.37474,34.95965],[-85.38982,34.93969],[-85.41615,34.90233],[-85.41839,34.8998],[-85.43371,34.87508],[-85.45056,34.83168],[-85.45041,34.75924],[-85.45935,34.75164],[-85.45947,34.74179],[-85.46196,34.73177],[-85.46828,34.72352],[-85.49053,34.69911],[-85.49079,34.66945],[-85.53409,34.62386],[-85.52726,34.58868],[-85.37172,34.58958],[-85.37134,34.58589],[-85.36691,34.58591],[-85.36599,34.58483],[-85.36355,34.58465],[-85.36148,34.58226],[-85.36019,34.5818],[-85.35207,34.58247],[-85.35409,34.58533],[-85.35348,34.58926],[-85.20642,34.58891],[-85.15375,34.58809],[-85.12495,34.58814],[-85.12495,34.58758],[-85.0605,34.58718],[-85.06038,34.62245],[-85.05045,34.62248],[-85.05085,34.71998],[-85.16885,34.72028],[-85.16755,34.72388],[-85.16715,34.72778],[-85.16665,34.72878],[-85.16405,34.73178],[-85.16205,34.73588],[-85.16105,34.73918],[-85.15965,34.74108],[-85.15515,34.75028],[-85.15345,34.75248],[-85.15105,34.75808],[-85.14835,34.76118],[-85.14479,34.76764],[-85.15987,34.76793],[-85.15982,34.7752],[-85.20186,34.77508],[-85.20155,34.80778],[-85.20218,34.85445],[-85.26476,34.85428],[-85.26483,34.8747],[-85.26424,34.87534],[-85.26436,34.88109]]]}},{"type":"Feature","properties":{"name":"Walton"},"geometry":{"type":"Polygon","coordinates":[[[-83.60012,33.6989],[-83.53694,33.77839],[-83.53467,33.78154],[-83.52639,33.79612],[-83.52421,33.79653],[-83.52309,33.79732],[-83.51358,33.80662],[-83.51238,33.80792],[-83.51149,33.81112],[-83.50593,33.81776],[-83.5096,33.8176],[-83.51005,33.81555],[-83.5106,33.81538],[-83.51253,33.81667],[-83.51589,33.81778],[-83.51742,33.81651],[-83.52013,33.81967],[-83.52168,33.81819],[-83.52438,33.81993],[-83.52921,33.82119],[-83.53334,33.82096],[-83.53377,33.82177],[-83.53303,33.8227],[-83.53123,33.82324],[-83.53138,33.82427],[-83.53275,33.82558],[-83.5428,33.83131],[-83.5434,33.83277],[-83.54705,33.83364],[-83.54949,33.83588],[-83.55109,33.83648],[-83.55338,33.83873],[-83.55536,33.83905],[-83.56178,33.84248],[-83.56262,33.84418],[-83.56393,33.84472],[-83.56587,33.8468],[-83.56964,33.847],[-83.57141,33.84652],[-83.57326,33.84741],[-83.57365,33.84852],[-83.57465,33.849],[-83.57477,33.85096],[-83.57414,33.85277],[-83.57472,33.85421],[-83.57937,33.85887],[-83.58158,33.85991],[-83.58276,33.86285],[-83.58506,33.86449],[-83.58686,33.86336],[-83.58817,33.86451],[-83.58855,33.86223],[-83.58903,33.86193],[-83.59062,33.86336],[-83.59007,33.8647],[-83.58733,33.86764],[-83.58735,33.8718],[-83.58706,33.87354],[-83.58614,33.87494],[-83.58619,33.87697],[-83.58495,33.87828],[-83.58411,33.87828],[-83.5843,33.8801],[-83.58231,33.88185],[-83.58376,33.88385],[-83.58646,33.88328],[-83.59054,33.88147],[-83.59372,33.8813],[-83.59512,33.88162],[-83.59628,33.88284],[-83.59841,33.8824],[-83.6,33.88146],[-83.60119,33.88164],[-83.6021,33.88207],[-83.60204,33.88342],[-83.60265,33.88365],[-83.60445,33.8817],[-83.60891,33.88114],[-83.61258,33.88161],[-83.61308,33.88231],[-83.61523,33.88332],[-83.61621,33.88297],[-83.61797,33.88355],[-83.61923,33.88552],[-83.62211,33.88469],[-83.62493,33.88564],[-83.6258,33.88554],[-83.62631,33.8849],[-83.62791,33.8855],[-83.63061,33.88688],[-83.63101,33.89083],[-83.63171,33.89125],[-83.63049,33.89219],[-83.63092,33.89519],[-83.63155,33.8962],[-83.63135,33.89749],[-83.63264,33.89965],[-83.63341,33.89994],[-83.63338,33.90105],[-83.63534,33.90209],[-83.6358,33.90459],[-83.63725,33.90432],[-83.63885,33.90831],[-83.64011,33.9083],[-83.64236,33.90701],[-83.64425,33.90694],[-83.6442,33.90633],[-83.64243,33.90613],[-83.64207,33.9056],[-83.64307,33.90489],[-83.64435,33.90471],[-83.64742,33.90631],[-83.64889,33.90795],[-83.65186,33.90779],[-83.65466,33.90839],[-83.65575,33.90921],[-83.65668,33.90831],[-83.65741,33.90833],[-83.66031,33.91222],[-83.66336,33.91185],[-83.66468,33.91236],[-83.66535,33.91409],[-83.66504,33.91564],[-83.66777,33.91596],[-83.66903,33.91686],[-83.67311,33.91685],[-83.67637,33.91761],[-83.68339,33.91279],[-83.68689,33.91115],[-83.6961,33.9115],[-83.70181,33.90557],[-83.70959,33.90509],[-83.7117,33.90457],[-83.7174,33.9017],[-83.7184,33.90175],[-83.7218,33.90013],[-83.72319,33.90016],[-83.72458,33.90099],[-83.72467,33.90006],[-83.72582,33.89865],[-83.7267,33.89878],[-83.72708,33.89819],[-83.72796,33.89868],[-83.72926,33.90067],[-83.73225,33.89999],[-83.73243,33.8992],[-83.73299,33.89896],[-83.73771,33.90018],[-83.73832,33.89944],[-83.73913,33.89957],[-83.74078,33.9007],[-83.74092,33.90288],[-83.74387,33.90579],[-83.74428,33.90554],[-83.74365,33.90154],[-83.74499,33.90179],[-83.74617,33.9009],[-83.74563,33.8989],[-83.74847,33.89695],[-83.75039,33.89658],[-83.75196,33.89741],[-83.75303,33.89731],[-83.75376,33.89817],[-83.75688,33.89761],[-83.76029,33.89585],[-83.76087,33.89457],[-83.76248,33.8956],[-83.76226,33.8959],[-83.76281,33.89652],[-83.76384,33.89668],[-83.7642,33.89742],[-83.76385,33.8979],[-83.76456,33.89845],[-83.76417,33.89918],[-83.76309,33.89951],[-83.76341,33.89992],[-83.763,33.90173],[-83.76397,33.90327],[-83.76405,33.90556],[-83.76469,33.90735],[-83.76581,33.90736],[-83.76758,33.90864],[-83.76878,33.90798],[-83.77002,33.90822],[-83.77123,33.90911],[-83.773,33.91204],[-83.77404,33.91266],[-83.77536,33.91243],[-83.77658,33.91084],[-83.77713,33.91188],[-83.77834,33.91218],[-83.77981,33.91549],[-83.78206,33.91588],[-83.78489,33.91711],[-83.78672,33.91943],[-83.79877,33.92767],[-83.7991,33.92984],[-83.90194,33.84779],[-83.96562,33.79953],[-83.9822,33.78616],[-83.75829,33.64635],[-83.73435,33.64564],[-83.69155,33.61699],[-83.69941,33.60944],[-83.6809,33.59692],[-83.62489,33.66712],[-83.60012,33.6989]]]}},{"type":"Feature","properties":{"name":"Ware"},"geometry":{"type":"Polygon","coordinates":[[[-82.62962,31.27493],[-82.63202,31.27335],[-82.63427,31.27456],[-82.63596,31.27371],[-82.63883,31.2745],[-82.63795,31.27624],[-82.63857,31.27685],[-82.63784,31.27709],[-82.63785,31.27769],[-82.63982,31.27774],[-82.64071,31.27828],[-82.64197,31.27802],[-82.64234,31.27876],[-82.64311,31.27902],[-82.64364,31.27891],[-82.64392,31.27806],[-82.64504,31.27821],[-82.64628,31.2793],[-82.64673,31.28054],[-82.64855,31.28155],[-82.64893,31.28272],[-82.65025,31.28385],[-82.65266,31.28388],[-82.65457,31.28538],[-82.65464,31.28616],[-82.6549,31.28532],[-82.65885,31.2856],[-82.65929,31.28638],[-82.66008,31.28571],[-82.66144,31.28562],[-82.66223,31.28663],[-82.6633,31.28691],[-82.66377,31.28808],[-82.66465,31.28759],[-82.66482,31.28695],[-82.66701,31.2878],[-82.66707,31.28662],[-82.66761,31.28691],[-82.66802,31.28647],[-82.66881,31.28693],[-82.66882,31.28591],[-82.67006,31.28571],[-82.67039,31.28504],[-82.67199,31.28503],[-82.67213,31.28442],[-82.67261,31.28462],[-82.67302,31.28405],[-82.67312,31.28453],[-82.67422,31.28383],[-82.67615,31.28404],[-82.67657,31.28495],[-82.67754,31.28405],[-82.67862,31.28504],[-82.67882,31.28474],[-82.68124,31.28529],[-82.68482,31.28318],[-82.68573,31.28331],[-82.68772,31.28235],[-82.68843,31.28261],[-82.6934,31.28023],[-82.69468,31.28025],[-82.69624,31.27852],[-82.69712,31.27858],[-82.69807,31.2778],[-82.69921,31.2781],[-82.70058,31.25212],[-82.70105,31.22322],[-82.69084,31.22336],[-82.6897,31.22138],[-82.60299,31.04036],[-82.59207,31.01849],[-82.5896,31.01846],[-82.5872,31.01764],[-82.58486,31.01569],[-82.58179,31.01185],[-82.57988,31.01074],[-82.57679,31.00969],[-82.57209,31.01026],[-82.56794,31.00714],[-82.56529,31.00665],[-82.56455,31.00572],[-82.56135,31.00389],[-82.55969,31.00366],[-82.55791,31.00218],[-82.5535,31.00131],[-82.55227,31.00188],[-82.55059,31.00086],[-82.54996,30.99643],[-82.54581,30.98971],[-82.54377,30.98856],[-82.53886,30.98704],[-82.53705,30.98573],[-82.53255,30.97738],[-82.52945,30.97321],[-82.5276,30.96976],[-82.52582,30.96843],[-82.52117,30.96713],[-82.52012,30.96313],[-82.49056,30.96317],[-82.4922,30.83256],[-82.49548,30.81955],[-82.43585,30.82007],[-82.43524,30.72915],[-82.42013,30.7292],[-82.41999,30.71664],[-82.43511,30.71657],[-82.43506,30.70352],[-82.4289,30.69032],[-82.42914,30.6641],[-82.43115,30.65142],[-82.43086,30.61285],[-82.41879,30.61313],[-82.41891,30.58177],[-82.21468,30.56856],[-82.14987,30.78434],[-82.17816,30.79095],[-82.42044,30.79523],[-82.41513,30.9525],[-82.4156,31.01359],[-82.33134,31.01348],[-82.19338,31.011],[-82.1317,31.01071],[-82.16357,31.04856],[-82.20826,31.08477],[-82.20834,31.12523],[-82.20908,31.15541],[-82.20873,31.17094],[-82.22589,31.1684],[-82.23043,31.16858],[-82.2341,31.17038],[-82.25056,31.18225],[-82.28426,31.1922],[-82.28456,31.22445],[-82.28783,31.22352],[-82.2887,31.22429],[-82.28809,31.22581],[-82.29154,31.22545],[-82.29254,31.22643],[-82.29505,31.22662],[-82.29638,31.22547],[-82.29729,31.22612],[-82.29713,31.22503],[-82.29767,31.22471],[-82.2997,31.22543],[-82.30307,31.22474],[-82.30479,31.22637],[-82.30675,31.22537],[-82.31504,31.22596],[-82.31557,31.22688],[-82.31504,31.22789],[-82.31362,31.22736],[-82.31268,31.22837],[-82.31369,31.22912],[-82.31465,31.23123],[-82.31803,31.23155],[-82.31831,31.23263],[-82.31761,31.23495],[-82.31873,31.23705],[-82.32885,31.2404],[-82.32964,31.24139],[-82.33152,31.24107],[-82.33311,31.24168],[-82.33324,31.24218],[-82.33203,31.2432],[-82.33246,31.24499],[-82.33669,31.24607],[-82.33759,31.24785],[-82.33953,31.24851],[-82.33983,31.25105],[-82.34078,31.25249],[-82.34334,31.25328],[-82.34428,31.25466],[-82.34702,31.25402],[-82.34716,31.25571],[-82.35065,31.25541],[-82.35089,31.25797],[-82.35255,31.25881],[-82.35263,31.26066],[-82.35595,31.26173],[-82.35562,31.26293],[-82.35594,31.26335],[-82.35791,31.26327],[-82.35789,31.26402],[-82.35667,31.26481],[-82.35674,31.26547],[-82.35839,31.26545],[-82.35839,31.26687],[-82.36015,31.26706],[-82.35972,31.26815],[-82.36008,31.269],[-82.36218,31.26941],[-82.36256,31.27246],[-82.36182,31.27261],[-82.36048,31.27133],[-82.35939,31.27173],[-82.35925,31.2726],[-82.36064,31.27311],[-82.36131,31.27441],[-82.36295,31.27306],[-82.36626,31.2737],[-82.36825,31.2764],[-82.36954,31.27733],[-82.36849,31.2782],[-82.36927,31.28042],[-82.36855,31.2826],[-82.3702,31.28347],[-82.3703,31.28408],[-82.36935,31.28455],[-82.3683,31.2838],[-82.36722,31.28497],[-82.36737,31.2857],[-82.36892,31.28693],[-82.37199,31.28742],[-82.37472,31.29022],[-82.37753,31.29091],[-82.37891,31.29041],[-82.38013,31.29103],[-82.38387,31.29123],[-82.38392,31.2931],[-82.38577,31.2953],[-82.38534,31.2973],[-82.38603,31.29758],[-82.38721,31.29711],[-82.38742,31.31075],[-82.39022,31.31073],[-82.38928,31.35227],[-82.38945,31.3649],[-82.40263,31.36499],[-82.40263,31.37877],[-82.41699,31.37886],[-82.41698,31.39086],[-82.40255,31.39087],[-82.40256,31.40483],[-82.41741,31.40499],[-82.41725,31.41712],[-82.4377,31.41691],[-82.48146,31.41753],[-82.48144,31.44308],[-82.49365,31.44289],[-82.49472,31.46869],[-82.62818,31.46935],[-82.62962,31.27493]]]}},{"type":"Feature","properties":{"name":"Warren"},"geometry":{"type":"Polygon","coordinates":[[[-82.55975,33.32727],[-82.50473,33.30499],[-82.49685,33.30299],[-82.43196,33.27483],[-82.38383,33.31211],[-82.39079,33.31241],[-82.39589,33.3139],[-82.39878,33.31398],[-82.40163,33.3156],[-82.40302,33.3181],[-82.40526,33.31859],[-82.40777,33.31809],[-82.40921,33.31938],[-82.41084,33.31974],[-82.4116,33.32129],[-82.41104,33.32277],[-82.41206,33.32431],[-82.41396,33.32462],[-82.41406,33.32625],[-82.41762,33.32771],[-82.41733,33.33217],[-82.41769,33.33248],[-82.41956,33.33244],[-82.42015,33.33174],[-82.42532,33.33011],[-82.42896,33.33284],[-82.43009,33.33283],[-82.43175,33.33376],[-82.4348,33.33278],[-82.43674,33.33511],[-82.43703,33.33645],[-82.44093,33.33664],[-82.44258,33.33771],[-82.44363,33.33679],[-82.44608,33.3369],[-82.4469,33.33745],[-82.44784,33.33712],[-82.44992,33.3393],[-82.44998,33.3405],[-82.45073,33.3408],[-82.45159,33.34088],[-82.45304,33.34015],[-82.4567,33.34052],[-82.45852,33.34014],[-82.46012,33.34046],[-82.46079,33.34122],[-82.46564,33.34019],[-82.46863,33.34166],[-82.46981,33.34045],[-82.47237,33.34081],[-82.47415,33.33942],[-82.47639,33.33968],[-82.47806,33.33902],[-82.47916,33.34023],[-82.48,33.33971],[-82.48319,33.33926],[-82.48704,33.33989],[-82.49064,33.33814],[-82.49854,33.33773],[-82.50018,33.33912],[-82.50113,33.34291],[-82.50429,33.34256],[-82.5071,33.34297],[-82.51084,33.34208],[-82.51547,33.34506],[-82.51763,33.34725],[-82.5178,33.34839],[-82.51839,33.34889],[-82.5249,33.3504],[-82.5267,33.35388],[-82.53578,33.35746],[-82.538,33.35676],[-82.54037,33.35409],[-82.54244,33.35366],[-82.54482,33.35183],[-82.54695,33.35211],[-82.54807,33.35278],[-82.54764,33.35458],[-82.54937,33.35775],[-82.54431,33.37472],[-82.55362,33.4158],[-82.58456,33.44965],[-82.6039,33.49652],[-82.62087,33.53952],[-82.6389,33.5823],[-82.64164,33.59222],[-82.64469,33.59689],[-82.6497,33.60877],[-82.65088,33.60928],[-82.65075,33.61049],[-82.65154,33.61139],[-82.65244,33.6112],[-82.65311,33.60912],[-82.65436,33.60909],[-82.65434,33.6078],[-82.65594,33.60661],[-82.65539,33.60566],[-82.65558,33.6035],[-82.65446,33.60277],[-82.65447,33.60174],[-82.65343,33.60017],[-82.65419,33.59971],[-82.65254,33.59745],[-82.65245,33.5961],[-82.65457,33.59717],[-82.65645,33.59659],[-82.65729,33.59859],[-82.65749,33.60072],[-82.6587,33.60293],[-82.66055,33.60311],[-82.66197,33.60411],[-82.66365,33.60367],[-82.66468,33.60445],[-82.66629,33.60427],[-82.66733,33.60324],[-82.66849,33.60433],[-82.67028,33.60414],[-82.67056,33.6039],[-82.67018,33.60302],[-82.67256,33.60131],[-82.67375,33.60154],[-82.6768,33.60049],[-82.67803,33.60082],[-82.67923,33.59978],[-82.68156,33.59906],[-82.682,33.59858],[-82.68181,33.59794],[-82.68319,33.59718],[-82.68338,33.59626],[-82.68643,33.59401],[-82.68623,33.5931],[-82.68868,33.59018],[-82.6901,33.59027],[-82.69141,33.59129],[-82.69339,33.59155],[-82.69419,33.59206],[-82.69407,33.5927],[-82.69517,33.59311],[-82.69832,33.59116],[-82.69867,33.59205],[-82.7008,33.59181],[-82.7002,33.59142],[-82.70101,33.59095],[-82.70152,33.5912],[-82.70223,33.58976],[-82.70332,33.58969],[-82.70324,33.58911],[-82.70423,33.58921],[-82.70497,33.58751],[-82.70426,33.58601],[-82.70322,33.58556],[-82.70286,33.58399],[-82.70378,33.58299],[-82.70384,33.58178],[-82.70426,33.58195],[-82.70465,33.58145],[-82.70395,33.57928],[-82.70595,33.57831],[-82.70657,33.57724],[-82.70827,33.57727],[-82.70768,33.57627],[-82.70912,33.57497],[-82.70985,33.57199],[-82.71167,33.57181],[-82.71149,33.57101],[-82.71212,33.56953],[-82.71128,33.56917],[-82.71146,33.56654],[-82.71292,33.56654],[-82.71371,33.56446],[-82.71653,33.56338],[-82.71829,33.56493],[-82.71924,33.56396],[-82.71951,33.56098],[-82.72102,33.55958],[-82.722,33.56007],[-82.72207,33.55826],[-82.72281,33.5577],[-82.72239,33.55722],[-82.7228,33.55609],[-82.72388,33.55542],[-82.72374,33.55335],[-82.72449,33.55285],[-82.72256,33.55279],[-82.72203,33.55322],[-82.72053,33.55293],[-82.72039,33.55224],[-82.71951,33.55208],[-82.72071,33.55143],[-82.72077,33.55023],[-82.72168,33.5498],[-82.72162,33.5485],[-82.721,33.54767],[-82.72184,33.54712],[-82.7213,33.54579],[-82.72241,33.54566],[-82.72176,33.54505],[-82.72254,33.5442],[-82.72207,33.54182],[-82.72146,33.54113],[-82.72201,33.54058],[-82.7224,33.53882],[-82.72319,33.53916],[-82.72573,33.53801],[-82.7268,33.53618],[-82.72663,33.53526],[-82.72803,33.53432],[-82.72775,33.53303],[-82.72943,33.5329],[-82.73043,33.53165],[-82.73068,33.53252],[-82.73122,33.53261],[-82.73159,33.5302],[-82.73441,33.52963],[-82.73459,33.52862],[-82.73525,33.52826],[-82.73725,33.52905],[-82.73803,33.52818],[-82.73959,33.52866],[-82.7407,33.52839],[-82.74115,33.52511],[-82.74193,33.52462],[-82.74116,33.52264],[-82.74237,33.52207],[-82.74208,33.52153],[-82.74317,33.52086],[-82.7427,33.51818],[-82.74592,33.51579],[-82.74666,33.51374],[-82.74595,33.51287],[-82.74734,33.51171],[-82.74922,33.51058],[-82.75128,33.51014],[-82.75423,33.51156],[-82.75619,33.51171],[-82.75698,33.51234],[-82.76101,33.51202],[-82.7639,33.51298],[-82.7655,33.51434],[-82.76729,33.51457],[-82.76911,33.51326],[-82.77176,33.51242],[-82.77515,33.51224],[-82.77752,33.51318],[-82.78153,33.51276],[-82.7849,33.5112],[-82.78761,33.5107],[-82.81532,33.52114],[-82.81986,33.51914],[-82.82337,33.51541],[-82.82244,33.5135],[-82.82311,33.50942],[-82.82277,33.5055],[-82.82314,33.50407],[-82.82463,33.50216],[-82.83116,33.49956],[-82.83565,33.49851],[-82.83647,33.49761],[-82.83871,33.49199],[-82.83896,33.48848],[-82.84162,33.4863],[-82.84407,33.48517],[-82.84607,33.48335],[-82.84953,33.47858],[-82.853,33.47624],[-82.85711,33.47131],[-82.86661,33.4666],[-82.8637,33.46443],[-82.86197,33.46148],[-82.862,33.46058],[-82.86066,33.45949],[-82.86138,33.45782],[-82.8614,33.4561],[-82.85758,33.45529],[-82.85723,33.45479],[-82.85804,33.45454],[-82.85531,33.45233],[-82.85536,33.45199],[-82.85621,33.45206],[-82.85598,33.45093],[-82.85516,33.45021],[-82.85579,33.4498],[-82.8559,33.44842],[-82.85497,33.44884],[-82.8535,33.44433],[-82.85159,33.44331],[-82.85159,33.44236],[-82.85082,33.44182],[-82.8494,33.44194],[-82.84836,33.44076],[-82.8471,33.43877],[-82.84641,33.43591],[-82.84367,33.4339],[-82.84163,33.43166],[-82.83988,33.43094],[-82.83817,33.43223],[-82.83748,33.43372],[-82.83571,33.43458],[-82.83542,33.4355],[-82.83417,33.43549],[-82.83386,33.43486],[-82.83482,33.43245],[-82.83461,33.43168],[-82.83355,33.43088],[-82.82812,33.42918],[-82.82743,33.42849],[-82.82581,33.42866],[-82.8254,33.42804],[-82.82428,33.42785],[-82.82265,33.4259],[-82.82432,33.42392],[-82.82418,33.42226],[-82.82324,33.4211],[-82.82476,33.42022],[-82.82625,33.41822],[-82.82558,33.41647],[-82.82652,33.41313],[-82.8231,33.41027],[-82.82306,33.40819],[-82.82244,33.40671],[-82.82331,33.40609],[-82.82326,33.40522],[-82.82469,33.40386],[-82.82437,33.40275],[-82.82338,33.40217],[-82.82369,33.40096],[-82.82249,33.39988],[-82.82348,33.3993],[-82.82669,33.399],[-82.82788,33.39815],[-82.82781,33.39762],[-82.82605,33.39689],[-82.826,33.39575],[-82.82486,33.39541],[-82.82427,33.39371],[-82.82631,33.39277],[-82.82803,33.39299],[-82.8274,33.39164],[-82.8259,33.39048],[-82.82166,33.39005],[-82.82051,33.38877],[-82.81789,33.38726],[-82.81812,33.38573],[-82.81742,33.38372],[-82.81905,33.37927],[-82.81723,33.37732],[-82.82135,33.3746],[-82.82176,33.37384],[-82.81783,33.37346],[-82.81627,33.37253],[-82.81599,33.37082],[-82.8138,33.36819],[-82.81406,33.36515],[-82.81239,33.36374],[-82.81105,33.36389],[-82.80946,33.36502],[-82.80674,33.36468],[-82.80304,33.36518],[-82.80187,33.36283],[-82.80039,33.36242],[-82.79992,33.36184],[-82.80061,33.35894],[-82.79878,33.35787],[-82.79746,33.35628],[-82.79767,33.35442],[-82.79899,33.35325],[-82.79955,33.35201],[-82.80078,33.35117],[-82.80058,33.34956],[-82.8016,33.3488],[-82.79853,33.34707],[-82.79817,33.34491],[-82.79885,33.34244],[-82.79695,33.34027],[-82.79815,33.33909],[-82.79786,33.33382],[-82.79946,33.33079],[-82.79742,33.32724],[-82.797,33.32474],[-82.78941,33.32192],[-82.78901,33.31909],[-82.78945,33.31869],[-82.79091,33.31953],[-82.79339,33.31869],[-82.79589,33.3189],[-82.79578,33.3154],[-82.79377,33.31244],[-82.79403,33.31061],[-82.79354,33.30974],[-82.79224,33.30943],[-82.78794,33.3104],[-82.78511,33.31005],[-82.78352,33.3092],[-82.78414,33.30792],[-82.78394,33.30691],[-82.78215,33.30689],[-82.78163,33.30571],[-82.78162,33.30429],[-82.78355,33.30219],[-82.78353,33.30019],[-82.78173,33.29853],[-82.78265,33.29696],[-82.78136,33.29593],[-82.78068,33.29233],[-82.78082,33.28935],[-82.78232,33.28783],[-82.78078,33.28677],[-82.78176,33.28506],[-82.78157,33.2826],[-82.78081,33.28126],[-82.78393,33.27909],[-82.78488,33.27702],[-82.78375,33.27297],[-82.78219,33.27158],[-82.78212,33.27035],[-82.78553,33.2688],[-82.78562,33.26797],[-82.78508,33.26762],[-82.78449,33.26835],[-82.78344,33.26839],[-82.78229,33.2676],[-82.77938,33.26686],[-82.77568,33.2648],[-82.77465,33.26356],[-82.77416,33.26051],[-82.77371,33.25997],[-82.77043,33.26076],[-82.76945,33.25885],[-82.76503,33.25903],[-82.76433,33.25589],[-82.76311,33.25378],[-82.75883,33.25487],[-82.75585,33.25344],[-82.75521,33.25473],[-82.75394,33.25541],[-82.74919,33.25621],[-82.74691,33.25585],[-82.74349,33.25738],[-82.73554,33.25606],[-82.7335,33.25624],[-82.72447,33.25979],[-82.71842,33.26492],[-82.71258,33.26802],[-82.7077,33.26952],[-82.70516,33.27184],[-82.70337,33.27271],[-82.69794,33.27315],[-82.6878,33.2719],[-82.68511,33.27222],[-82.67916,33.27393],[-82.67696,33.27504],[-82.67177,33.27898],[-82.65938,33.28994],[-82.65444,33.2919],[-82.6495,33.29638],[-82.64791,33.29968],[-82.64616,33.30123],[-82.63737,33.30336],[-82.63091,33.30777],[-82.62756,33.30828],[-82.6164,33.30665],[-82.61483,33.30724],[-82.61,33.31055],[-82.60343,33.3113],[-82.59898,33.31269],[-82.59733,33.31371],[-82.5917,33.32098],[-82.5903,33.32189],[-82.58654,33.32282],[-82.57391,33.32255],[-82.5726,33.32288],[-82.56858,33.32533],[-82.55975,33.32727]]]}},{"type":"Feature","properties":{"name":"Washington"},"geometry":{"type":"Polygon","coordinates":[[[-82.80246,32.80976],[-82.80098,32.80788],[-82.79828,32.80565],[-82.79809,32.80487],[-82.79889,32.80352],[-82.7985,32.80289],[-82.79541,32.80207],[-82.79307,32.8021],[-82.79089,32.80111],[-82.7852,32.80035],[-82.78214,32.79935],[-82.77863,32.79722],[-82.77756,32.79515],[-82.77555,32.79499],[-82.77502,32.79449],[-82.77323,32.79181],[-82.77235,32.78872],[-82.77069,32.77987],[-82.77069,32.77519],[-82.76857,32.76908],[-82.74986,32.77646],[-82.73756,32.78006],[-82.73266,32.78126],[-82.7194,32.78275],[-82.71446,32.78466],[-82.71136,32.78396],[-82.69736,32.79136],[-82.68076,32.79676],[-82.66696,32.78286],[-82.65686,32.78796],[-82.63066,32.79436],[-82.62502,32.79393],[-82.60977,32.79781],[-82.59833,32.80268],[-82.57425,32.81576],[-82.56335,32.81806],[-82.56055,32.82006],[-82.54766,32.82165],[-82.52105,32.82236],[-82.52595,32.83356],[-82.52295,32.86486],[-82.51805,32.86796],[-82.51332,32.89745],[-82.51085,32.91775],[-82.53935,32.94775],[-82.5466,33.00015],[-82.55023,33.01935],[-82.55082,33.01833],[-82.55185,33.01878],[-82.55235,33.0178],[-82.55316,33.01797],[-82.55609,33.01405],[-82.55681,33.01451],[-82.55919,33.01418],[-82.56023,33.01526],[-82.56043,33.01745],[-82.56132,33.0168],[-82.56182,33.01759],[-82.56151,33.01818],[-82.56231,33.01889],[-82.56436,33.0188],[-82.56488,33.0194],[-82.56448,33.02033],[-82.56564,33.0202],[-82.56655,33.02123],[-82.5688,33.01975],[-82.57045,33.02129],[-82.571,33.02087],[-82.57195,33.02194],[-82.57244,33.02164],[-82.57781,33.02437],[-82.57799,33.02518],[-82.57686,33.02512],[-82.57592,33.02619],[-82.57734,33.0267],[-82.57769,33.02845],[-82.57975,33.03001],[-82.58069,33.02964],[-82.58118,33.0302],[-82.58226,33.03025],[-82.58258,33.02925],[-82.58363,33.0295],[-82.58313,33.03033],[-82.58387,33.03042],[-82.58487,33.02966],[-82.5857,33.03149],[-82.5893,33.03115],[-82.59251,33.03407],[-82.59507,33.03371],[-82.5981,33.032],[-82.59935,33.03316],[-82.59959,33.03259],[-82.60025,33.03284],[-82.60047,33.03339],[-82.59913,33.03397],[-82.60045,33.03562],[-82.60003,33.03703],[-82.60223,33.03708],[-82.60138,33.03868],[-82.60303,33.04355],[-82.60435,33.04554],[-82.60568,33.04615],[-82.60599,33.04486],[-82.60732,33.04505],[-82.6103,33.04827],[-82.60933,33.04843],[-82.61023,33.04976],[-82.61102,33.04916],[-82.6124,33.05041],[-82.61584,33.05019],[-82.61827,33.05157],[-82.61727,33.05308],[-82.61698,33.05466],[-82.61622,33.05456],[-82.61583,33.05379],[-82.61457,33.05435],[-82.61342,33.05573],[-82.61285,33.05796],[-82.61291,33.061],[-82.61386,33.06128],[-82.61527,33.06299],[-82.61552,33.06176],[-82.61673,33.0623],[-82.61762,33.06117],[-82.61838,33.06247],[-82.61895,33.0619],[-82.61992,33.06263],[-82.62227,33.0625],[-82.62643,33.0634],[-82.62803,33.06433],[-82.62893,33.06585],[-82.62848,33.06738],[-82.62746,33.06795],[-82.62783,33.06881],[-82.62721,33.07003],[-82.62787,33.0716],[-82.62665,33.07189],[-82.62699,33.07266],[-82.62834,33.07354],[-82.63042,33.0735],[-82.62936,33.07448],[-82.63183,33.07612],[-82.6351,33.0766],[-82.6362,33.07762],[-82.63587,33.07829],[-82.63756,33.07981],[-82.63762,33.08048],[-82.63665,33.08096],[-82.63721,33.08223],[-82.63911,33.0825],[-82.64157,33.08439],[-82.64138,33.08678],[-82.63967,33.08784],[-82.64078,33.08811],[-82.64044,33.08903],[-82.6407,33.0906],[-82.63956,33.09001],[-82.6393,33.09058],[-82.63969,33.09111],[-82.63926,33.09183],[-82.63723,33.09352],[-82.63743,33.09467],[-82.63834,33.09584],[-82.63775,33.09594],[-82.63727,33.09675],[-82.6381,33.1007],[-82.64061,33.10118],[-82.64061,33.10019],[-82.64275,33.10128],[-82.64615,33.10124],[-82.64765,33.10229],[-82.64742,33.10368],[-82.64851,33.1034],[-82.64871,33.10457],[-82.64963,33.10459],[-82.64906,33.10528],[-82.64946,33.10583],[-82.64901,33.1066],[-82.65075,33.10804],[-82.65011,33.10857],[-82.65125,33.109],[-82.65069,33.11004],[-82.65242,33.11065],[-82.65171,33.11129],[-82.65205,33.11262],[-82.65145,33.11375],[-82.65219,33.11477],[-82.65199,33.1154],[-82.65378,33.11595],[-82.65441,33.11563],[-82.65529,33.11623],[-82.65554,33.11765],[-82.65755,33.11802],[-82.65781,33.11895],[-82.6586,33.11957],[-82.65829,33.12211],[-82.65917,33.12382],[-82.6603,33.12455],[-82.66114,33.12449],[-82.66211,33.12562],[-82.66094,33.12743],[-82.6607,33.12873],[-82.66158,33.12835],[-82.66174,33.12944],[-82.66309,33.12966],[-82.66314,33.13018],[-82.6655,33.13033],[-82.66602,33.13117],[-82.66911,33.13234],[-82.66905,33.13323],[-82.67202,33.135],[-82.67241,33.13453],[-82.67571,33.1339],[-82.67715,33.13468],[-82.67751,33.13374],[-82.67874,33.13398],[-82.67933,33.13348],[-82.67975,33.13473],[-82.68124,33.13493],[-82.68204,33.13613],[-82.68395,33.1357],[-82.68514,33.13737],[-82.6838,33.13861],[-82.6836,33.13973],[-82.68558,33.14063],[-82.68552,33.14161],[-82.68627,33.1427],[-82.6876,33.14215],[-82.68898,33.14264],[-82.68882,33.14318],[-82.69071,33.14321],[-82.69018,33.14367],[-82.69033,33.14464],[-82.69158,33.14404],[-82.69144,33.14481],[-82.69251,33.14471],[-82.6925,33.1459],[-82.69292,33.14612],[-82.69348,33.14506],[-82.69521,33.14533],[-82.69627,33.14403],[-82.69871,33.1444],[-82.69961,33.14504],[-82.70058,33.14491],[-82.70078,33.14547],[-82.70227,33.14598],[-82.70265,33.14656],[-82.70203,33.14746],[-82.70662,33.14971],[-82.70714,33.15063],[-82.7061,33.15088],[-82.70871,33.15204],[-82.70816,33.15469],[-82.70951,33.15581],[-82.70885,33.15618],[-82.70933,33.15728],[-82.70868,33.1583],[-82.71001,33.15889],[-82.71089,33.15998],[-82.71003,33.16029],[-82.70974,33.16091],[-82.71122,33.16194],[-82.7137,33.16219],[-82.71305,33.16283],[-82.71418,33.16373],[-82.71324,33.16403],[-82.71333,33.16441],[-82.71601,33.16507],[-82.71582,33.16715],[-82.71744,33.168],[-82.71904,33.17005],[-82.72259,33.1716],[-82.72463,33.17094],[-82.72519,33.17195],[-82.72694,33.17204],[-82.72833,33.17355],[-82.72917,33.17327],[-82.73062,33.17446],[-82.73268,33.17459],[-82.73284,33.17371],[-82.73492,33.17323],[-82.73948,33.17437],[-82.73823,33.17936],[-82.73896,33.18073],[-82.73716,33.18147],[-82.73817,33.18275],[-82.73767,33.18609],[-82.74082,33.18838],[-82.74033,33.19005],[-82.74125,33.19123],[-82.74165,33.19277],[-82.74098,33.19485],[-82.74115,33.19627],[-82.73998,33.19978],[-82.73743,33.20163],[-82.73408,33.20215],[-82.73322,33.20344],[-82.73293,33.20555],[-82.7336,33.20838],[-82.73667,33.20883],[-82.73854,33.20965],[-82.73969,33.21066],[-82.74119,33.21329],[-82.74181,33.2148],[-82.74153,33.21539],[-82.73954,33.2156],[-82.73842,33.21522],[-82.73553,33.21734],[-82.73668,33.21916],[-82.73714,33.22242],[-82.73864,33.2242],[-82.74006,33.22491],[-82.74453,33.22542],[-82.74477,33.22669],[-82.74254,33.22831],[-82.74091,33.23204],[-82.74294,33.23366],[-82.74606,33.23407],[-82.74831,33.23835],[-82.76408,33.23806],[-82.76751,33.23689],[-82.778,33.23843],[-82.78482,33.23409],[-82.78817,33.23121],[-82.7881,33.23077],[-82.78913,33.22973],[-82.79417,33.22698],[-82.79887,33.22171],[-82.80705,33.22059],[-82.81274,33.2173],[-82.81852,33.21582],[-82.8243,33.21203],[-82.82593,33.2105],[-82.82792,33.20596],[-82.83205,33.20199],[-82.83723,33.20094],[-82.84285,33.20078],[-82.84398,33.20018],[-82.84563,33.20037],[-82.85008,33.19881],[-82.85145,33.19766],[-82.85454,33.19679],[-82.85675,33.19413],[-82.85808,33.18953],[-82.86248,33.18732],[-82.86509,33.18301],[-82.86737,33.18107],[-82.86772,33.1784],[-82.87933,33.15411],[-82.88264,33.15255],[-82.88921,33.14025],[-82.88887,33.1386],[-82.901,33.12854],[-82.9147,33.12673],[-82.92513,33.11816],[-82.92667,33.11627],[-82.93539,33.11458],[-82.9411,33.11296],[-82.94993,33.10775],[-82.95257,33.10738],[-82.95526,33.10776],[-82.9593,33.10697],[-82.96179,33.10791],[-82.97014,33.10928],[-82.98197,33.10233],[-82.98481,33.09945],[-82.98674,33.09684],[-82.98875,33.09293],[-82.99094,33.09069],[-83.00252,33.08384],[-83.00874,33.08085],[-83.01161,33.08039],[-83.0219,33.08018],[-83.03376,33.08167],[-83.04075,33.08086],[-83.04723,33.08127],[-83.0522,33.08068],[-83.05031,33.07875],[-83.04833,33.0754],[-83.04773,33.07292],[-83.04549,33.06996],[-83.04433,33.06401],[-83.04484,33.06065],[-83.04553,33.05928],[-83.04706,33.05824],[-83.04788,33.05539],[-83.04902,33.05343],[-83.05436,33.04883],[-83.05544,33.04668],[-83.05567,33.04168],[-83.05504,33.03781],[-83.05545,33.03684],[-83.06096,33.0341],[-83.06196,33.03223],[-83.06407,33.03102],[-83.06481,33.02954],[-83.06702,33.02837],[-83.06775,33.02715],[-83.06789,33.02456],[-83.06706,33.02184],[-83.06546,33.02027],[-83.06298,33.01561],[-83.06103,33.01396],[-83.05851,33.01285],[-83.05749,33.01069],[-83.05547,33.00953],[-83.05161,33.00388],[-83.05133,33.00308],[-83.0517,33.0015],[-83.05108,33.00091],[-83.05168,32.99981],[-83.05144,32.996],[-83.05112,32.99453],[-83.0497,32.99301],[-83.04906,32.99095],[-83.04884,32.98638],[-83.05059,32.98342],[-83.05194,32.98229],[-83.05171,32.98093],[-83.054,32.98036],[-83.05485,32.97831],[-83.05716,32.97625],[-83.05778,32.97457],[-83.06027,32.97467],[-83.06215,32.97414],[-83.06713,32.97508],[-83.06823,32.97437],[-83.06927,32.97207],[-83.07038,32.96791],[-83.0716,32.9663],[-83.07191,32.96182],[-83.07147,32.95987],[-83.07008,32.95738],[-83.06911,32.95242],[-83.06981,32.95133],[-83.0707,32.9471],[-83.07365,32.94656],[-83.07262,32.94396],[-83.07019,32.94214],[-83.07089,32.93934],[-83.06963,32.93953],[-83.06842,32.94238],[-83.06763,32.94192],[-83.06709,32.93975],[-83.06705,32.93651],[-83.06727,32.9352],[-83.06854,32.93367],[-83.07101,32.9339],[-83.07133,32.93308],[-83.06967,32.93278],[-83.0611,32.93459],[-83.06081,32.93287],[-83.05962,32.93149],[-83.05966,32.93064],[-83.06106,32.93035],[-83.06317,32.93095],[-83.06392,32.93077],[-83.06402,32.92974],[-83.06261,32.92812],[-83.06112,32.92746],[-83.05893,32.92711],[-83.05759,32.92744],[-83.0569,32.92598],[-83.06008,32.92391],[-83.06036,32.92041],[-83.06209,32.92042],[-83.06283,32.92016],[-83.0629,32.91968],[-83.06193,32.9191],[-83.05597,32.92004],[-83.05696,32.91663],[-83.05418,32.91453],[-83.05279,32.91435],[-83.05236,32.91387],[-83.05286,32.91177],[-83.0536,32.91105],[-83.05477,32.91087],[-83.05507,32.90948],[-83.05314,32.90904],[-83.04832,32.91008],[-83.04777,32.90962],[-83.04762,32.90796],[-83.04953,32.90708],[-83.04952,32.90646],[-83.04656,32.90586],[-83.04642,32.90536],[-83.04752,32.90474],[-83.04989,32.9054],[-83.05047,32.90517],[-83.05084,32.90464],[-83.05005,32.90322],[-83.04924,32.9028],[-83.04761,32.90298],[-83.04743,32.90225],[-83.04799,32.90184],[-83.05164,32.90179],[-83.05148,32.90078],[-83.05026,32.89943],[-83.04784,32.89835],[-83.04813,32.89711],[-83.0502,32.89577],[-83.05071,32.8939],[-83.0496,32.89154],[-83.04771,32.88997],[-83.04856,32.88784],[-83.04714,32.88642],[-83.04683,32.88512],[-83.04389,32.88575],[-83.04444,32.88441],[-83.04863,32.88348],[-83.04892,32.88281],[-83.04808,32.88203],[-83.0454,32.88269],[-83.04297,32.88161],[-83.04197,32.88277],[-83.04053,32.88327],[-83.04013,32.88184],[-83.04175,32.88085],[-83.04177,32.87981],[-83.04048,32.87898],[-83.0378,32.88049],[-83.03738,32.87976],[-83.03721,32.87515],[-83.0346,32.87298],[-83.0345,32.86878],[-83.03651,32.86937],[-83.03671,32.86826],[-83.03611,32.86711],[-83.03455,32.8663],[-83.03122,32.86751],[-83.03022,32.86651],[-83.02949,32.86096],[-83.02981,32.86007],[-83.02704,32.85613],[-83.02335,32.85576],[-83.02144,32.85341],[-83.02031,32.85387],[-83.02026,32.85459],[-83.0216,32.85605],[-83.02156,32.85653],[-83.01665,32.85758],[-83.01472,32.85714],[-83.01358,32.85572],[-83.01316,32.85406],[-83.0122,32.85376],[-83.00699,32.85578],[-83.00634,32.85589],[-83.00501,32.85471],[-83.00398,32.8546],[-82.99927,32.85596],[-82.99807,32.85475],[-82.99807,32.85185],[-82.99727,32.85115],[-82.99637,32.85105],[-82.99437,32.85266],[-82.99207,32.85316],[-82.98897,32.85266],[-82.98847,32.85135],[-82.99027,32.84985],[-82.99047,32.84845],[-82.98637,32.84656],[-82.98467,32.84385],[-82.98386,32.84376],[-82.98207,32.84535],[-82.97867,32.84425],[-82.97837,32.84276],[-82.98017,32.84096],[-82.97937,32.83955],[-82.9771,32.83858],[-82.97386,32.83916],[-82.97316,32.83836],[-82.97296,32.83656],[-82.97056,32.83515],[-82.96996,32.83416],[-82.97006,32.83296],[-82.97127,32.83205],[-82.97326,32.83167],[-82.97346,32.83046],[-82.97189,32.82939],[-82.96736,32.82867],[-82.96706,32.82757],[-82.96776,32.82627],[-82.97136,32.82437],[-82.97186,32.82307],[-82.96906,32.82086],[-82.96686,32.82016],[-82.96676,32.81907],[-82.96816,32.81756],[-82.96816,32.81676],[-82.96696,32.81586],[-82.96525,32.81577],[-82.96406,32.81516],[-82.96186,32.80866],[-82.96086,32.80796],[-82.95826,32.80776],[-82.95766,32.80666],[-82.95836,32.80476],[-82.95616,32.80386],[-82.95426,32.80156],[-82.95586,32.79836],[-82.95776,32.79746],[-82.95826,32.79676],[-82.95696,32.79526],[-82.95659,32.79099],[-82.95776,32.78476],[-82.96076,32.77466],[-82.96056,32.76696],[-82.95896,32.76316],[-82.95916,32.76196],[-82.96016,32.76076],[-82.96016,32.75996],[-82.95946,32.75926],[-82.95796,32.75906],[-82.95576,32.75986],[-82.95496,32.75946],[-82.95466,32.75886],[-82.95556,32.75746],[-82.95556,32.75666],[-82.95386,32.75626],[-82.95246,32.75816],[-82.95147,32.75836],[-82.94927,32.75776],[-82.94867,32.75816],[-82.94916,32.75936],[-82.95104,32.76073],[-82.95026,32.76196],[-82.94697,32.75936],[-82.80246,32.80976]]]}},{"type":"Feature","properties":{"name":"Wayne"},"geometry":{"type":"Polygon","coordinates":[[[-82.13372,31.65171],[-82.13369,31.62227],[-82.13334,31.61765],[-82.1336,31.59589],[-82.13294,31.56931],[-82.14795,31.56912],[-82.14762,31.56143],[-82.14793,31.55731],[-82.13287,31.55751],[-82.1332,31.50024],[-82.13279,31.47126],[-82.12493,31.47687],[-82.11836,31.47927],[-82.11239,31.48054],[-82.10441,31.48127],[-82.09801,31.48125],[-82.09051,31.48001],[-82.0865,31.47849],[-82.0742,31.47228],[-82.07176,31.4715],[-82.07015,31.46966],[-82.06897,31.46908],[-82.06854,31.46784],[-82.06652,31.46737],[-82.06624,31.46685],[-82.06522,31.46738],[-82.06339,31.46636],[-82.06228,31.46503],[-82.06239,31.46426],[-82.06095,31.46353],[-82.06106,31.46253],[-82.05817,31.46094],[-82.05853,31.46029],[-82.05753,31.45992],[-82.0565,31.45838],[-82.05714,31.45797],[-82.05677,31.45743],[-82.05492,31.45549],[-82.05275,31.45457],[-82.05436,31.45235],[-82.05337,31.45112],[-82.05475,31.45131],[-82.05498,31.45099],[-82.05353,31.44853],[-82.0537,31.44703],[-82.05486,31.44689],[-82.05374,31.44353],[-82.05477,31.44304],[-82.05393,31.4425],[-82.05374,31.44068],[-82.05436,31.43982],[-82.05308,31.43878],[-82.05384,31.43829],[-82.05365,31.43766],[-82.05474,31.43609],[-82.054,31.43283],[-82.05418,31.4316],[-82.05264,31.43127],[-82.05467,31.42987],[-82.05435,31.42902],[-82.05518,31.42873],[-82.05412,31.42827],[-82.05465,31.42535],[-82.05558,31.42442],[-82.05497,31.42068],[-82.05569,31.41912],[-82.05495,31.41763],[-82.05538,31.41691],[-82.05479,31.41674],[-82.05487,31.41571],[-82.05406,31.41376],[-82.05529,31.41234],[-82.05643,31.41273],[-82.05613,31.40994],[-82.0568,31.40985],[-82.05746,31.40889],[-82.05602,31.40829],[-82.05558,31.40719],[-82.05398,31.40758],[-82.05184,31.4036],[-82.05114,31.4034],[-82.05013,31.40424],[-82.04964,31.40208],[-82.05016,31.40116],[-82.0492,31.39864],[-82.05091,31.3995],[-82.0516,31.3992],[-82.04986,31.39723],[-82.04963,31.39601],[-82.04788,31.39586],[-82.04745,31.3947],[-82.04599,31.39494],[-82.04501,31.39579],[-82.04402,31.39513],[-82.0446,31.39378],[-82.0434,31.39162],[-82.04494,31.39211],[-82.04605,31.39115],[-82.04589,31.39043],[-82.04407,31.39073],[-82.04382,31.38982],[-82.04489,31.38944],[-82.04388,31.38835],[-82.04495,31.38772],[-82.04483,31.38614],[-82.04365,31.38565],[-82.04443,31.38502],[-82.04405,31.38454],[-82.04305,31.38414],[-82.04186,31.38446],[-82.04144,31.38327],[-82.04202,31.38232],[-82.04014,31.38241],[-82.03989,31.38207],[-82.03993,31.38018],[-82.04045,31.37993],[-82.04047,31.38063],[-82.04111,31.38049],[-82.04084,31.37972],[-82.04156,31.37875],[-82.04116,31.3781],[-82.04214,31.37804],[-82.04273,31.37708],[-82.04155,31.3759],[-82.04224,31.37576],[-82.04188,31.37509],[-82.04275,31.37437],[-82.04121,31.37389],[-82.0311,31.36624],[-81.92324,31.34588],[-81.84519,31.35475],[-81.80105,31.36374],[-81.76443,31.34808],[-81.75923,31.34215],[-81.72524,31.32721],[-81.70713,31.3493],[-81.69903,31.363],[-81.69813,31.36788],[-81.70483,31.37487],[-81.70086,31.38517],[-81.69721,31.39237],[-81.69198,31.40054],[-81.66503,31.3999],[-81.62599,31.45302],[-81.62429,31.45298],[-81.61912,31.45614],[-81.61709,31.45809],[-81.61666,31.4593],[-81.61671,31.46346],[-81.61304,31.46703],[-81.61203,31.46891],[-81.61244,31.47038],[-81.61495,31.47292],[-81.61805,31.47908],[-81.62308,31.48475],[-81.62478,31.48502],[-81.62857,31.48333],[-81.6314,31.48343],[-81.64007,31.48809],[-81.64772,31.49561],[-81.64741,31.49667],[-81.64526,31.49905],[-81.64507,31.5002],[-81.64558,31.5012],[-81.64697,31.50219],[-81.65146,31.50331],[-81.65543,31.50617],[-81.65705,31.50789],[-81.65829,31.51087],[-81.65737,31.51522],[-81.65651,31.51702],[-81.65429,31.51892],[-81.65583,31.52257],[-81.65574,31.52431],[-81.65266,31.52696],[-81.65225,31.52855],[-81.6529,31.52926],[-81.65412,31.52954],[-81.65757,31.52812],[-81.66111,31.5281],[-81.66494,31.53048],[-81.66724,31.53265],[-81.66828,31.53535],[-81.66829,31.53655],[-81.66743,31.53768],[-81.66321,31.53867],[-81.66415,31.54178],[-81.66723,31.54407],[-81.6695,31.54695],[-81.67243,31.54804],[-81.67579,31.5462],[-81.67806,31.54238],[-81.67948,31.54185],[-81.68189,31.54181],[-81.68257,31.54224],[-81.68311,31.54398],[-81.68051,31.54687],[-81.68019,31.54781],[-81.6806,31.5498],[-81.68141,31.55115],[-81.68333,31.55217],[-81.68468,31.55232],[-81.68808,31.55068],[-81.68987,31.55052],[-81.69266,31.55329],[-81.69347,31.55363],[-81.69525,31.553],[-81.69643,31.55327],[-81.69707,31.55575],[-81.69858,31.55771],[-81.69713,31.56015],[-81.70107,31.56418],[-81.70045,31.56536],[-81.69796,31.56495],[-81.69636,31.56576],[-81.6963,31.56637],[-81.6979,31.56839],[-81.69954,31.5724],[-81.69954,31.57438],[-81.69699,31.57786],[-81.69775,31.57885],[-81.69968,31.57895],[-81.70116,31.57995],[-81.70177,31.58492],[-81.70295,31.58516],[-81.70532,31.58392],[-81.70663,31.58416],[-81.70705,31.58454],[-81.70692,31.58624],[-81.70831,31.58758],[-81.71187,31.58583],[-81.71301,31.58586],[-81.71369,31.58676],[-81.7118,31.58976],[-81.71307,31.59093],[-81.71495,31.59074],[-81.71774,31.58906],[-81.71833,31.58918],[-81.71972,31.59159],[-81.72318,31.59164],[-81.72366,31.59389],[-81.72593,31.59524],[-81.72606,31.59584],[-81.72448,31.59805],[-81.72478,31.59943],[-81.72758,31.60105],[-81.73077,31.60043],[-81.73221,31.60095],[-81.73235,31.60225],[-81.73157,31.60453],[-81.7375,31.60884],[-81.73915,31.60897],[-81.74055,31.60806],[-81.74123,31.60417],[-81.74239,31.60232],[-81.74489,31.6011],[-81.74723,31.6015],[-81.74873,31.60352],[-81.74817,31.60738],[-81.74674,31.60949],[-81.74431,31.61005],[-81.74388,31.6111],[-81.74419,31.61226],[-81.74692,31.61363],[-81.75094,31.61277],[-81.75172,31.61602],[-81.75296,31.61609],[-81.755,31.61541],[-81.75671,31.6159],[-81.75957,31.62047],[-81.76119,31.62055],[-81.76309,31.61926],[-81.76523,31.61509],[-81.76804,31.61411],[-81.7696,31.61482],[-81.77071,31.61685],[-81.77025,31.61941],[-81.77065,31.62177],[-81.76959,31.62252],[-81.76574,31.62324],[-81.76535,31.62399],[-81.76565,31.62523],[-81.77073,31.62477],[-81.77184,31.62849],[-81.77317,31.6289],[-81.77561,31.62876],[-81.77848,31.63148],[-81.78452,31.62984],[-81.78953,31.63203],[-81.79034,31.63298],[-81.79045,31.6345],[-81.78615,31.63887],[-81.78594,31.6401],[-81.78678,31.64222],[-81.78872,31.64382],[-81.79353,31.64342],[-81.79639,31.64405],[-81.79721,31.64504],[-81.79739,31.64639],[-81.79556,31.6491],[-81.79562,31.64997],[-81.79697,31.65267],[-81.79876,31.65352],[-81.80421,31.6539],[-81.80658,31.65528],[-81.80946,31.66112],[-81.81302,31.66412],[-81.81489,31.66477],[-81.81648,31.66474],[-81.8177,31.66402],[-81.81828,31.66296],[-81.81713,31.66129],[-81.81358,31.65989],[-81.81226,31.65846],[-81.81158,31.65536],[-81.812,31.65387],[-81.81412,31.6523],[-81.821,31.65106],[-81.8244,31.65207],[-81.83094,31.65731],[-81.83092,31.65849],[-81.82863,31.65989],[-81.82753,31.66154],[-81.82892,31.66396],[-81.83547,31.66346],[-81.83704,31.66467],[-81.83856,31.66722],[-81.84073,31.66819],[-81.84634,31.66727],[-81.84978,31.66738],[-81.85139,31.6682],[-81.85229,31.67092],[-81.85201,31.67253],[-81.8485,31.67433],[-81.84768,31.67557],[-81.84757,31.67726],[-81.8488,31.67849],[-81.85414,31.68015],[-81.8555,31.68145],[-81.85695,31.68419],[-81.8593,31.68641],[-81.86515,31.68919],[-81.86693,31.69076],[-81.87437,31.70418],[-81.87423,31.70952],[-81.87595,31.7127],[-81.87646,31.71315],[-81.88374,31.71425],[-81.89041,31.71695],[-81.89731,31.72089],[-81.90496,31.7243],[-81.90667,31.72581],[-81.90766,31.72814],[-81.91023,31.73127],[-81.90972,31.73313],[-81.91034,31.73636],[-81.9125,31.73839],[-81.91324,31.73973],[-81.91242,31.74399],[-81.90981,31.7458],[-81.909,31.74796],[-81.90944,31.75031],[-81.91215,31.75424],[-81.91649,31.75687],[-81.9193,31.75964],[-81.92208,31.75982],[-81.92347,31.75941],[-81.9241,31.75814],[-81.92357,31.75655],[-81.92227,31.75534],[-81.92265,31.75366],[-81.92354,31.75251],[-81.92576,31.75181],[-81.92759,31.7525],[-81.92879,31.75352],[-81.92958,31.75533],[-81.92964,31.75993],[-81.93159,31.76176],[-81.93388,31.76239],[-81.93624,31.7621],[-81.94058,31.75953],[-81.94234,31.75923],[-81.94372,31.7597],[-81.9445,31.7604],[-81.94453,31.76113],[-81.94327,31.76422],[-81.94338,31.76682],[-81.94437,31.76769],[-81.94914,31.76926],[-81.95096,31.77083],[-81.95173,31.7723],[-81.95124,31.77642],[-81.95155,31.78646],[-81.95251,31.78833],[-81.95397,31.7893],[-81.95745,31.78974],[-81.96905,31.78932],[-81.97128,31.78807],[-81.97134,31.78631],[-81.97224,31.78561],[-81.97304,31.78371],[-81.97654,31.78261],[-81.98294,31.7849],[-81.99784,31.79351],[-81.99904,31.79451],[-81.99934,31.79541],[-81.99584,31.79711],[-81.99544,31.79851],[-81.99614,31.79981],[-81.99924,31.80121],[-82.00422,31.79964],[-82.00678,31.80005],[-82.00753,31.80322],[-82.00643,31.8053],[-82.00671,31.80768],[-82.00823,31.80883],[-82.01227,31.81061],[-82.01321,31.81214],[-82.01413,31.81601],[-82.01464,31.8218],[-82.0164,31.82373],[-82.0182,31.82408],[-82.02112,31.82366],[-82.02166,31.82284],[-82.02207,31.81741],[-82.02434,31.81552],[-82.02608,31.8151],[-82.02835,31.81551],[-82.03346,31.82042],[-82.04152,31.82042],[-82.04323,31.82119],[-82.04548,31.82298],[-82.04858,31.82708],[-82.04907,31.82682],[-82.05316,31.82783],[-82.05629,31.82784],[-82.05875,31.82744],[-82.06008,31.82596],[-82.06117,31.8255],[-82.06401,31.82537],[-82.06679,31.82671],[-82.06755,31.82769],[-82.07008,31.82596],[-82.07127,31.82565],[-82.07202,31.82591],[-82.07205,31.82738],[-82.07347,31.82894],[-82.07425,31.8293],[-82.07699,31.82911],[-82.08009,31.82747],[-82.08014,31.82593],[-82.08204,31.82494],[-82.08313,31.823],[-82.08559,31.82338],[-82.0874,31.82162],[-82.08725,31.79951],[-82.10654,31.7998],[-82.10703,31.7861],[-82.08934,31.7859],[-82.08944,31.77291],[-82.13301,31.7734],[-82.13308,31.6896],[-82.13334,31.6553],[-82.13372,31.65171]]]}},{"type":"Feature","properties":{"name":"Webster"},"geometry":{"type":"Polygon","coordinates":[[[-84.65162,32.16015],[-84.65142,32.15185],[-84.64232,32.15185],[-84.64402,32.04466],[-84.64356,32.037],[-84.64427,32.03702],[-84.64442,32.02886],[-84.65412,32.02846],[-84.65406,32.0151],[-84.65426,32.01231],[-84.65492,32.01046],[-84.65517,31.98435],[-84.64481,31.98432],[-84.64499,31.977],[-84.65519,31.97706],[-84.65504,31.96965],[-84.64513,31.96972],[-84.64536,31.96149],[-84.65501,31.96153],[-84.65495,31.9418],[-84.65582,31.92031],[-84.45331,31.91922],[-84.45312,31.92635],[-84.44525,31.92613],[-84.44161,32.04206],[-84.43301,32.04196],[-84.43121,32.13406],[-84.52712,32.13456],[-84.52742,32.15116],[-84.53632,32.15116],[-84.53662,32.15955],[-84.54612,32.15906],[-84.54569,32.17523],[-84.56469,32.17514],[-84.56423,32.19219],[-84.59975,32.19243],[-84.59935,32.19319],[-84.59971,32.19362],[-84.59807,32.19538],[-84.59782,32.19855],[-84.60128,32.20751],[-84.60071,32.21032],[-84.60294,32.21228],[-84.60268,32.21302],[-84.60396,32.21387],[-84.60626,32.21715],[-84.61022,32.21705],[-84.61052,32.22555],[-84.62112,32.22555],[-84.62062,32.23306],[-84.64932,32.23295],[-84.64932,32.22515],[-84.64032,32.22525],[-84.64032,32.18425],[-84.63112,32.18405],[-84.63132,32.17635],[-84.64032,32.17655],[-84.64042,32.16795],[-84.64262,32.16795],[-84.64242,32.16015],[-84.65162,32.16015]]]}},{"type":"Feature","properties":{"name":"Wheeler"},"geometry":{"type":"Polygon","coordinates":[[[-82.93999,32.12515],[-82.94024,32.12489],[-82.93427,32.12518],[-82.93197,32.12587],[-82.92987,32.12587],[-82.92513,32.12478],[-82.92394,32.12478],[-82.92296,32.12537],[-82.9208,32.12459],[-82.91663,32.12412],[-82.91465,32.12324],[-82.91169,32.11901],[-82.90481,32.1138],[-82.90196,32.1103],[-82.90131,32.10788],[-82.902,32.10357],[-82.90196,32.09953],[-82.90051,32.09524],[-82.89651,32.08733],[-82.89532,32.0861],[-82.89306,32.08626],[-82.89104,32.08507],[-82.88766,32.07989],[-82.88642,32.07931],[-82.88561,32.07957],[-82.88181,32.07732],[-82.87933,32.07655],[-82.87441,32.07404],[-82.87071,32.07469],[-82.86645,32.07248],[-82.86612,32.07149],[-82.86305,32.0695],[-82.86181,32.06789],[-82.8587,32.0666],[-82.85738,32.06309],[-82.85587,32.06178],[-82.85412,32.06191],[-82.85233,32.06063],[-82.84948,32.06064],[-82.8462,32.06],[-82.84465,32.06051],[-82.84321,32.05987],[-82.84123,32.05979],[-82.84014,32.06055],[-82.83787,32.06083],[-82.8359,32.05941],[-82.83473,32.05966],[-82.83429,32.05906],[-82.83268,32.05956],[-82.83132,32.0587],[-82.82912,32.05822],[-82.82764,32.05572],[-82.82589,32.05519],[-82.82508,32.0539],[-82.82374,32.05431],[-82.8224,32.05332],[-82.82058,32.05321],[-82.81812,32.05162],[-82.8148,32.05236],[-82.81315,32.05114],[-82.81169,32.05076],[-82.8115,32.05023],[-82.81002,32.05041],[-82.80891,32.04928],[-82.80805,32.04954],[-82.80733,32.04878],[-82.80721,32.04733],[-82.80296,32.045],[-82.8012,32.04466],[-82.80097,32.04364],[-82.80137,32.04313],[-82.80008,32.04157],[-82.8001,32.04048],[-82.79878,32.03961],[-82.79909,32.03881],[-82.79702,32.03745],[-82.79729,32.03589],[-82.79644,32.03456],[-82.79453,32.03329],[-82.79367,32.03343],[-82.79245,32.03253],[-82.79216,32.03162],[-82.79112,32.03181],[-82.7915,32.03077],[-82.79062,32.03058],[-82.79001,32.02959],[-82.79073,32.02875],[-82.79036,32.02773],[-82.78936,32.0274],[-82.78873,32.02657],[-82.78872,32.02566],[-82.78795,32.02546],[-82.7878,32.02481],[-82.78679,32.02513],[-82.78692,32.02255],[-82.78417,32.02162],[-82.78414,32.02101],[-82.78288,32.01977],[-82.77967,32.01844],[-82.77778,32.01916],[-82.77666,32.01865],[-82.77618,32.01898],[-82.77468,32.01869],[-82.77206,32.01429],[-82.77082,32.01463],[-82.76958,32.0143],[-82.76964,32.01348],[-82.76634,32.01144],[-82.76324,32.01206],[-82.76289,32.01131],[-82.76205,32.01121],[-82.76145,32.01002],[-82.7602,32.01113],[-82.75951,32.01017],[-82.7581,32.01063],[-82.75745,32.00993],[-82.75651,32.01009],[-82.75592,32.00871],[-82.75463,32.00904],[-82.75132,32.00806],[-82.75054,32.00853],[-82.74937,32.00817],[-82.74919,32.00722],[-82.74688,32.00865],[-82.74511,32.0075],[-82.74414,32.00791],[-82.74333,32.00735],[-82.74283,32.00823],[-82.74031,32.00829],[-82.73765,32.00734],[-82.73636,32.00782],[-82.73538,32.00725],[-82.73147,32.0075],[-82.72884,32.00674],[-82.72916,32.00562],[-82.7271,32.00554],[-82.72645,32.00476],[-82.72543,32.00447],[-82.72498,32.00349],[-82.72299,32.00263],[-82.72315,32.00208],[-82.72422,32.00169],[-82.72398,32.00104],[-82.72298,32.00066],[-82.7218,32.00121],[-82.72055,32.00052],[-82.7208,31.99896],[-82.72202,31.99771],[-82.72242,31.99652],[-82.72095,31.99591],[-82.72131,31.99498],[-82.72016,31.99406],[-82.72063,31.99334],[-82.71966,31.99272],[-82.72,31.99198],[-82.71944,31.99162],[-82.71942,31.99084],[-82.71847,31.9908],[-82.71707,31.98882],[-82.71619,31.98855],[-82.71736,31.98688],[-82.71666,31.98625],[-82.71703,31.98533],[-82.71386,31.98396],[-82.71312,31.98289],[-82.71345,31.98242],[-82.71403,31.98252],[-82.71407,31.98208],[-82.71114,31.98046],[-82.71029,31.97932],[-82.71059,31.97878],[-82.70961,31.97748],[-82.71042,31.97588],[-82.70913,31.97433],[-82.70728,31.97443],[-82.70746,31.97367],[-82.70613,31.97267],[-82.70423,31.97261],[-82.70337,31.97336],[-82.70327,31.97298],[-82.70194,31.97269],[-82.70198,31.97168],[-82.70247,31.9712],[-82.70103,31.97119],[-82.70034,31.97051],[-82.70008,31.96803],[-82.69944,31.96717],[-82.69835,31.96683],[-82.69755,31.96749],[-82.69702,31.96732],[-82.69705,31.96608],[-82.6977,31.96515],[-82.6966,31.96455],[-82.69701,31.96298],[-82.69508,31.96223],[-82.69549,31.96105],[-82.69651,31.96071],[-82.69587,31.95991],[-82.69518,31.95688],[-82.69414,31.95616],[-82.69291,31.9566],[-82.69184,31.95609],[-82.69158,31.95538],[-82.69228,31.95428],[-82.6919,31.95379],[-82.69071,31.95409],[-82.68825,31.95351],[-82.68786,31.95277],[-82.68823,31.95173],[-82.68716,31.95138],[-82.68711,31.95013],[-82.68305,31.94821],[-82.68178,31.94592],[-82.68109,31.94607],[-82.68103,31.94713],[-82.67997,31.94683],[-82.6792,31.94376],[-82.67785,31.94364],[-82.67718,31.9425],[-82.67576,31.94312],[-82.67646,31.94169],[-82.67525,31.94076],[-82.67443,31.93927],[-82.67205,31.93824],[-82.67161,31.93631],[-82.66977,31.93421],[-82.66595,31.93495],[-82.66266,31.93249],[-82.65277,31.92893],[-82.65223,31.92822],[-82.65237,31.92732],[-82.65302,31.92697],[-82.65461,31.92722],[-82.65528,31.92671],[-82.65527,31.9257],[-82.65396,31.92506],[-82.65479,31.92404],[-82.6525,31.92313],[-82.65157,31.9222],[-82.64949,31.92255],[-82.64844,31.92142],[-82.64855,31.92027],[-82.6458,31.92054],[-82.64566,31.91888],[-82.64376,31.91898],[-82.64256,31.92118],[-82.63946,31.92138],[-82.63786,31.92218],[-82.63506,31.92508],[-82.63396,31.92478],[-82.63176,31.92568],[-82.63096,31.92558],[-82.63006,31.92518],[-82.62876,31.92328],[-82.62418,31.92359],[-82.62256,31.92548],[-82.62336,31.92808],[-82.62215,31.92918],[-82.61986,31.92708],[-82.61456,31.92668],[-82.61341,31.92769],[-82.61303,31.92894],[-82.60756,31.93268],[-82.60466,31.93638],[-82.60246,31.93808],[-82.60096,31.93829],[-82.59936,31.93749],[-82.59786,31.93538],[-82.59646,31.93198],[-82.59476,31.93158],[-82.59376,31.93249],[-82.59296,31.93629],[-82.59116,31.93652],[-82.58895,31.93511],[-82.58719,31.93567],[-82.58666,31.93608],[-82.58646,31.93878],[-82.58546,31.94009],[-82.58096,31.94148],[-82.57726,31.94809],[-82.56836,31.95539],[-82.56496,31.95709],[-82.56266,31.95769],[-82.56126,31.95749],[-82.55726,31.95529],[-82.55576,31.95539],[-82.55525,31.95619],[-82.55576,31.95819],[-82.55525,31.95929],[-82.55316,31.95889],[-82.55116,31.95729],[-82.54516,31.95539],[-82.54425,31.95619],[-82.54461,31.95873],[-82.54365,31.95891],[-82.54332,31.96006],[-82.54112,31.96176],[-82.53995,31.96366],[-82.53918,31.96659],[-82.53975,31.97041],[-82.5409,31.9731],[-82.54507,31.97801],[-82.54622,31.98099],[-82.54756,31.98159],[-82.55067,31.98172],[-82.55196,31.98145],[-82.55451,31.97981],[-82.55545,31.97995],[-82.55615,31.98133],[-82.55589,31.98588],[-82.55862,31.9905],[-82.55895,31.99261],[-82.56052,31.99227],[-82.56103,31.99066],[-82.5622,31.98964],[-82.5639,31.98944],[-82.56552,31.98996],[-82.57159,31.99644],[-82.57827,32.00008],[-82.58714,32.00669],[-82.59166,32.00865],[-82.59257,32.01146],[-82.5947,32.0116],[-82.59814,32.01461],[-82.59767,32.01594],[-82.59504,32.01646],[-82.59508,32.01779],[-82.59591,32.01832],[-82.59852,32.01864],[-82.60071,32.01982],[-82.60132,32.02079],[-82.60068,32.02645],[-82.60011,32.02724],[-82.598,32.02829],[-82.5975,32.02931],[-82.59777,32.03015],[-82.60204,32.03261],[-82.60525,32.03081],[-82.60668,32.03107],[-82.60745,32.03183],[-82.60596,32.03469],[-82.60647,32.03554],[-82.60845,32.03672],[-82.60886,32.03921],[-82.60795,32.03986],[-82.6049,32.03996],[-82.60335,32.04102],[-82.60248,32.04285],[-82.60219,32.0473],[-82.60327,32.04855],[-82.6053,32.04885],[-82.60651,32.05082],[-82.60914,32.05116],[-82.60993,32.05175],[-82.61047,32.05473],[-82.60964,32.05761],[-82.61306,32.05899],[-82.61385,32.0604],[-82.61117,32.06631],[-82.61293,32.06907],[-82.61304,32.07036],[-82.61211,32.07137],[-82.60921,32.07145],[-82.60852,32.07202],[-82.6084,32.07283],[-82.61123,32.07613],[-82.61371,32.07693],[-82.61467,32.07921],[-82.61571,32.07934],[-82.61712,32.07864],[-82.61821,32.07885],[-82.62081,32.08085],[-82.62263,32.08163],[-82.62306,32.08266],[-82.6222,32.08411],[-82.61964,32.08452],[-82.61741,32.08611],[-82.61632,32.0857],[-82.6147,32.08367],[-82.61369,32.08372],[-82.61304,32.0844],[-82.61138,32.08858],[-82.61261,32.0914],[-82.61266,32.09612],[-82.61711,32.10004],[-82.61737,32.10077],[-82.61649,32.1014],[-82.61465,32.1004],[-82.61336,32.10063],[-82.61324,32.1011],[-82.61433,32.10247],[-82.61426,32.10328],[-82.61378,32.10387],[-82.6122,32.10421],[-82.61122,32.10646],[-82.61159,32.10706],[-82.61232,32.1071],[-82.61371,32.10549],[-82.61685,32.10497],[-82.61771,32.10527],[-82.61726,32.10794],[-82.6205,32.10932],[-82.62091,32.11059],[-82.62054,32.11238],[-82.62363,32.11373],[-82.62371,32.115],[-82.62257,32.11776],[-82.62514,32.11959],[-82.62547,32.12044],[-82.6249,32.12274],[-82.62659,32.12657],[-82.62961,32.12858],[-82.63041,32.13065],[-82.63034,32.13195],[-82.62978,32.13261],[-82.62648,32.13267],[-82.62532,32.13333],[-82.6245,32.13648],[-82.62128,32.13891],[-82.61871,32.1425],[-82.61907,32.14483],[-82.61879,32.14588],[-82.61388,32.14931],[-82.61287,32.16164],[-82.61365,32.16241],[-82.61606,32.1632],[-82.61839,32.16466],[-82.6189,32.16765],[-82.62236,32.16705],[-82.62646,32.16929],[-82.62633,32.17031],[-82.62364,32.17124],[-82.62342,32.17357],[-82.62391,32.17472],[-82.62715,32.1757],[-82.62786,32.17702],[-82.62373,32.17985],[-82.62333,32.18114],[-82.62401,32.18233],[-82.62557,32.18306],[-82.62721,32.18291],[-82.62814,32.18],[-82.62926,32.17927],[-82.63049,32.17974],[-82.63111,32.18053],[-82.63106,32.18177],[-82.62881,32.18392],[-82.62837,32.18578],[-82.62879,32.18737],[-82.63131,32.19143],[-82.63232,32.19614],[-82.63066,32.19941],[-82.63014,32.20262],[-82.626,32.20485],[-82.62533,32.20576],[-82.62553,32.20679],[-82.62804,32.20945],[-82.63589,32.22083],[-82.63579,32.22292],[-82.63268,32.22477],[-82.63211,32.22555],[-82.63345,32.22741],[-82.63281,32.22976],[-82.6337,32.23115],[-82.63396,32.23324],[-82.63459,32.23376],[-82.63539,32.23321],[-82.63684,32.23322],[-82.63841,32.23558],[-82.64188,32.23689],[-82.6423,32.2376],[-82.64237,32.24013],[-82.64319,32.24158],[-82.64494,32.24323],[-82.64807,32.2441],[-82.64919,32.24582],[-82.6482,32.24807],[-82.6479,32.25015],[-82.64725,32.25061],[-82.64539,32.25052],[-82.64453,32.25122],[-82.64463,32.25298],[-82.64343,32.25467],[-82.64464,32.25717],[-82.64446,32.25868],[-82.64318,32.25917],[-82.64126,32.25783],[-82.64006,32.25837],[-82.63869,32.26426],[-82.63734,32.26603],[-82.63805,32.26817],[-82.63686,32.26869],[-82.63665,32.26931],[-82.63708,32.26986],[-82.63866,32.27],[-82.63955,32.27068],[-82.64136,32.27507],[-82.64268,32.27552],[-82.64607,32.27544],[-82.64842,32.27719],[-82.64864,32.27842],[-82.64799,32.28034],[-82.64924,32.28199],[-82.64867,32.2827],[-82.64629,32.28375],[-82.64609,32.28474],[-82.6476,32.28657],[-82.65031,32.28561],[-82.65154,32.28648],[-82.64989,32.28947],[-82.64786,32.2896],[-82.64407,32.29096],[-82.6438,32.29175],[-82.6447,32.29544],[-82.64562,32.29588],[-82.64648,32.29544],[-82.64664,32.29471],[-82.64577,32.29276],[-82.6461,32.29228],[-82.6469,32.29226],[-82.65019,32.29573],[-82.6533,32.29728],[-82.65619,32.29785],[-82.65701,32.2994],[-82.65706,32.30229],[-82.65755,32.3027],[-82.65871,32.30243],[-82.65922,32.30077],[-82.66145,32.30048],[-82.66493,32.30285],[-82.6687,32.30425],[-82.66883,32.30374],[-82.66766,32.30287],[-82.66763,32.30024],[-82.6646,32.29952],[-82.66309,32.29777],[-82.66387,32.29638],[-82.66695,32.29479],[-82.67071,32.29445],[-82.67377,32.2936],[-82.67492,32.29398],[-82.67616,32.29565],[-82.67953,32.29584],[-82.68303,32.29523],[-82.68622,32.29562],[-82.69132,32.29534],[-82.69375,32.29459],[-82.69843,32.29596],[-82.69946,32.2974],[-82.70223,32.29882],[-82.70648,32.29805],[-82.70844,32.29863],[-82.70853,32.29965],[-82.7075,32.30042],[-82.70503,32.30084],[-82.70497,32.30172],[-82.70641,32.30327],[-82.70898,32.30418],[-82.71093,32.30582],[-82.71294,32.31002],[-82.71384,32.31032],[-82.71498,32.30955],[-82.71342,32.30595],[-82.71469,32.30532],[-82.71987,32.30587],[-82.72033,32.30794],[-82.72196,32.30928],[-82.74986,32.28632],[-82.76196,32.27557],[-82.75516,32.26969],[-82.75722,32.26792],[-82.76188,32.26418],[-82.76856,32.26977],[-82.79236,32.25017],[-82.85831,32.19439],[-82.86447,32.19973],[-82.87156,32.19447],[-82.87815,32.20025],[-82.8848,32.19607],[-82.87486,32.18542],[-82.87179,32.18273],[-82.93999,32.12515]]]}},{"type":"Feature","properties":{"name":"White"},"geometry":{"type":"Polygon","coordinates":[[[-83.83069,34.76618],[-83.83054,34.76473],[-83.82926,34.76189],[-83.82989,34.75821],[-83.82861,34.75594],[-83.82831,34.75306],[-83.82683,34.75009],[-83.8261,34.75009],[-83.82571,34.74919],[-83.82531,34.74739],[-83.82561,34.74528],[-83.82501,34.74398],[-83.82511,34.74338],[-83.82831,34.74188],[-83.82971,34.74037],[-83.8296,34.73899],[-83.8304,34.73589],[-83.829,34.7317],[-83.8304,34.7301],[-83.8315,34.7297],[-83.8382,34.729],[-83.8391,34.7262],[-83.8402,34.7251],[-83.8417,34.72499],[-83.8433,34.72639],[-83.84591,34.72589],[-83.85051,34.72619],[-83.85111,34.72529],[-83.85651,34.72219],[-83.85655,34.71959],[-83.85911,34.71589],[-83.85951,34.71359],[-83.85921,34.71029],[-83.86001,34.70769],[-83.85851,34.70609],[-83.85811,34.70489],[-83.86241,34.70069],[-83.86041,34.69699],[-83.86051,34.69619],[-83.86251,34.69479],[-83.86311,34.69219],[-83.86481,34.69069],[-83.86361,34.68859],[-83.86371,34.68779],[-83.86511,34.68669],[-83.86771,34.68639],[-83.87061,34.68359],[-83.87251,34.68309],[-83.87364,34.67908],[-83.87351,34.67639],[-83.87461,34.67459],[-83.87471,34.67319],[-83.8709,34.66879],[-83.8712,34.6649],[-83.87261,34.6649],[-83.87458,34.66401],[-83.87641,34.66098],[-83.87619,34.66008],[-83.87491,34.65944],[-83.87491,34.65899],[-83.87301,34.65858],[-83.87184,34.65749],[-83.87259,34.65141],[-83.87423,34.64758],[-83.87394,34.64448],[-83.87529,34.64402],[-83.87554,34.64331],[-83.87509,34.64255],[-83.87199,34.64238],[-83.87176,34.64055],[-83.8711,34.63987],[-83.8756,34.6367],[-83.87545,34.63567],[-83.87446,34.63427],[-83.87371,34.63079],[-83.87701,34.6298],[-83.87741,34.62921],[-83.87701,34.62729],[-83.87581,34.62537],[-83.87491,34.62523],[-83.87401,34.62349],[-83.87441,34.62239],[-83.87481,34.62219],[-83.87491,34.62279],[-83.87615,34.62052],[-83.87475,34.61918],[-83.87269,34.61896],[-83.8728,34.61563],[-83.86446,34.61558],[-83.86445,34.60446],[-83.86681,34.60275],[-83.86449,34.6005],[-83.86412,34.5847],[-83.86445,34.55059],[-83.85368,34.55069],[-83.85371,34.54146],[-83.84375,34.54143],[-83.84379,34.5324],[-83.83283,34.53231],[-83.83286,34.52352],[-83.83629,34.52353],[-83.83666,34.52242],[-83.83785,34.52131],[-83.83754,34.51953],[-83.83892,34.5192],[-83.83928,34.5186],[-83.83757,34.51534],[-83.84313,34.51536],[-83.84341,34.50549],[-83.78848,34.50475],[-83.7886,34.5141],[-83.77761,34.5137],[-83.7777,34.5048],[-83.66642,34.5036],[-83.66605,34.50443],[-83.66705,34.50743],[-83.66591,34.50874],[-83.6653,34.51074],[-83.66297,34.51341],[-83.65962,34.51371],[-83.65785,34.51441],[-83.65604,34.51799],[-83.65399,34.51692],[-83.65154,34.51876],[-83.64668,34.51996],[-83.64175,34.525],[-83.63888,34.52666],[-83.63788,34.52696],[-83.63407,34.52654],[-83.63311,34.52689],[-83.63232,34.52859],[-83.63406,34.53085],[-83.63424,34.53212],[-83.6336,34.53293],[-83.63059,34.53323],[-83.63086,34.53539],[-83.63036,34.53631],[-83.62919,34.53662],[-83.62736,34.53583],[-83.62608,34.53595],[-83.62527,34.53733],[-83.62527,34.53986],[-83.62453,34.54078],[-83.61897,34.54041],[-83.61701,34.54111],[-83.61659,34.54213],[-83.6171,34.54293],[-83.61868,34.54337],[-83.621,34.5431],[-83.62143,34.54379],[-83.62028,34.54513],[-83.61705,34.5461],[-83.61639,34.54679],[-83.61691,34.54803],[-83.62004,34.54977],[-83.62015,34.55192],[-83.6189,34.55257],[-83.61577,34.55263],[-83.61563,34.55359],[-83.61665,34.55483],[-83.61983,34.55541],[-83.6232,34.55972],[-83.62653,34.56072],[-83.62903,34.56407],[-83.62887,34.56721],[-83.63154,34.56932],[-83.63527,34.57122],[-83.63498,34.57193],[-83.63316,34.57288],[-83.63473,34.57589],[-83.63884,34.58003],[-83.63854,34.59289],[-83.64078,34.59448],[-83.64198,34.59782],[-83.645,34.60201],[-83.64661,34.60845],[-83.64652,34.61221],[-83.64426,34.61288],[-83.6419,34.6148],[-83.63867,34.61641],[-83.63776,34.61885],[-83.63817,34.62226],[-83.6412,34.62571],[-83.64261,34.62874],[-83.64673,34.63316],[-83.64724,34.6348],[-83.64684,34.63755],[-83.64953,34.64124],[-83.65168,34.64166],[-83.65317,34.64343],[-83.65498,34.64458],[-83.65683,34.64787],[-83.65663,34.64874],[-83.65703,34.64946],[-83.66111,34.6496],[-83.66143,34.65041],[-83.66108,34.65194],[-83.66161,34.65322],[-83.6646,34.65299],[-83.66508,34.65358],[-83.66266,34.6554],[-83.66236,34.65695],[-83.66282,34.6598],[-83.66115,34.6606],[-83.65873,34.65963],[-83.65608,34.66185],[-83.65617,34.66242],[-83.65485,34.66255],[-83.65476,34.66353],[-83.65414,34.66399],[-83.65433,34.66625],[-83.654,34.66687],[-83.64993,34.66652],[-83.64693,34.66884],[-83.64529,34.66901],[-83.64525,34.66962],[-83.64583,34.66996],[-83.64549,34.67099],[-83.6459,34.67238],[-83.64782,34.67258],[-83.64844,34.67345],[-83.64584,34.6753],[-83.64542,34.67679],[-83.64427,34.67773],[-83.64439,34.67933],[-83.64315,34.67984],[-83.6406,34.67991],[-83.6365,34.6996],[-83.6394,34.7067],[-83.6394,34.71099],[-83.6392,34.71149],[-83.638,34.71149],[-83.63709,34.71279],[-83.63738,34.71414],[-83.6362,34.71479],[-83.63509,34.71619],[-83.6345,34.71819],[-83.63259,34.72059],[-83.63339,34.72219],[-83.6329,34.72319],[-83.63159,34.72399],[-83.62909,34.72759],[-83.6253,34.72959],[-83.6246,34.72929],[-83.6242,34.73119],[-83.6233,34.73219],[-83.6236,34.73379],[-83.6252,34.73489],[-83.6267,34.73989],[-83.6267,34.74089],[-83.6254,34.74269],[-83.6251,34.74589],[-83.629,34.74719],[-83.62955,34.75009],[-83.6322,34.75129],[-83.6325,34.75189],[-83.6325,34.75449],[-83.62959,34.75749],[-83.62939,34.75889],[-83.62849,34.75949],[-83.62809,34.76049],[-83.62889,34.76199],[-83.62829,34.76339],[-83.6309,34.76459],[-83.6315,34.76649],[-83.63379,34.76749],[-83.6333,34.76919],[-83.63259,34.76959],[-83.6329,34.77009],[-83.6352,34.77149],[-83.63699,34.77169],[-83.63929,34.77269],[-83.6417,34.77289],[-83.64439,34.77179],[-83.64729,34.77229],[-83.6511,34.77639],[-83.6562,34.77989],[-83.6576,34.78039],[-83.664,34.78549],[-83.6656,34.78589],[-83.6667,34.78749],[-83.6689,34.78899],[-83.6702,34.78919],[-83.673,34.78799],[-83.6748,34.78829],[-83.6759,34.78929],[-83.677,34.79249],[-83.6786,34.79399],[-83.6783,34.79589],[-83.6814,34.79979],[-83.6816,34.80088],[-83.68471,34.80149],[-83.6888,34.79947],[-83.69074,34.79948],[-83.69632,34.79345],[-83.69842,34.79349],[-83.70145,34.79278],[-83.7041,34.79125],[-83.70706,34.79196],[-83.71167,34.791],[-83.71256,34.79105],[-83.71571,34.79398],[-83.72092,34.79609],[-83.72173,34.79711],[-83.72329,34.79785],[-83.73376,34.7993],[-83.73664,34.80033],[-83.73822,34.80018],[-83.74261,34.80143],[-83.8113,34.78609],[-83.8194,34.78259],[-83.82546,34.77897],[-83.82714,34.7756],[-83.82697,34.77289],[-83.8294,34.77078],[-83.82886,34.76825],[-83.83069,34.76618]]]}},{"type":"Feature","properties":{"name":"Whitfield"},"geometry":{"type":"Polygon","coordinates":[[[-85.16885,34.72068],[-85.16885,34.72028],[-85.16685,34.72008],[-85.05085,34.71998],[-85.05045,34.61598],[-84.92623,34.61575],[-84.92538,34.62023],[-84.92736,34.62397],[-84.92773,34.6251],[-84.92737,34.62529],[-84.92788,34.6254],[-84.92735,34.62615],[-84.92586,34.62683],[-84.91829,34.62925],[-84.91587,34.62938],[-84.91421,34.63038],[-84.9135,34.63157],[-84.91313,34.63956],[-84.91742,34.64282],[-84.92059,34.64403],[-84.92357,34.64953],[-84.92441,34.65159],[-84.92507,34.65704],[-84.92615,34.65905],[-84.92621,34.66219],[-84.92729,34.66633],[-84.92873,34.66732],[-84.93533,34.66739],[-84.93829,34.66907],[-84.942,34.67295],[-84.94387,34.67561],[-84.94437,34.67715],[-84.94434,34.68004],[-84.94298,34.68038],[-84.9401,34.67851],[-84.9357,34.67652],[-84.92997,34.67591],[-84.92765,34.67667],[-84.91954,34.68111],[-84.91056,34.68145],[-84.90598,34.67502],[-84.90178,34.66564],[-84.90076,34.66467],[-84.89915,34.66425],[-84.89592,34.66443],[-84.8923,34.66641],[-84.88884,34.66719],[-84.88838,34.66818],[-84.88797,34.67576],[-84.88739,34.67776],[-84.8885,34.67849],[-84.8951,34.68004],[-84.89932,34.68215],[-84.90437,34.6852],[-84.9071,34.69066],[-84.91323,34.6955],[-84.91737,34.69759],[-84.92483,34.70004],[-84.92938,34.70259],[-84.93398,34.70717],[-84.9349,34.70936],[-84.93476,34.71095],[-84.93317,34.71306],[-84.92345,34.71617],[-84.91673,34.71357],[-84.89757,34.70742],[-84.8944,34.70546],[-84.89145,34.70489],[-84.88942,34.70599],[-84.88646,34.70905],[-84.88551,34.71073],[-84.88482,34.71374],[-84.88375,34.7147],[-84.87277,34.71123],[-84.86469,34.70733],[-84.86304,34.71044],[-84.8593,34.71491],[-84.8581,34.71998],[-84.85581,34.72348],[-84.85588,34.72427],[-84.8569,34.72478],[-84.86054,34.72489],[-84.86226,34.72546],[-84.86431,34.72764],[-84.86719,34.72874],[-84.86874,34.7304],[-84.87217,34.73186],[-84.87276,34.73399],[-84.87107,34.73782],[-84.86724,34.7394],[-84.86627,34.73858],[-84.8672,34.73622],[-84.86714,34.73498],[-84.86496,34.73356],[-84.86361,34.73364],[-84.85894,34.73634],[-84.85734,34.7367],[-84.85726,34.73854],[-84.85567,34.74085],[-84.85228,34.74057],[-84.85112,34.74212],[-84.85188,34.74289],[-84.85478,34.74344],[-84.85773,34.74529],[-84.8578,34.74624],[-84.85661,34.74867],[-84.85591,34.74889],[-84.85465,34.74836],[-84.85412,34.7489],[-84.85855,34.75616],[-84.86099,34.75693],[-84.86389,34.75636],[-84.8662,34.75516],[-84.86778,34.75575],[-84.86658,34.75816],[-84.86814,34.76019],[-84.86656,34.76177],[-84.86691,34.76683],[-84.87188,34.76894],[-84.87586,34.77205],[-84.87664,34.77327],[-84.87707,34.77551],[-84.87873,34.77722],[-84.87885,34.7787],[-84.87845,34.77967],[-84.87675,34.78115],[-84.87282,34.78267],[-84.8734,34.78524],[-84.87473,34.7875],[-84.8739,34.78931],[-84.87201,34.78882],[-84.86823,34.78452],[-84.86334,34.784],[-84.86271,34.78444],[-84.86266,34.78663],[-84.86151,34.78838],[-84.85963,34.7904],[-84.85566,34.79328],[-84.85341,34.79414],[-84.84541,34.79474],[-84.84185,34.79619],[-84.83928,34.79623],[-84.83863,34.79719],[-84.83886,34.79865],[-84.83804,34.80084],[-84.84053,34.80223],[-84.84126,34.80449],[-84.84199,34.80524],[-84.84522,34.80571],[-84.84844,34.8047],[-84.8534,34.80602],[-84.85671,34.80577],[-84.85824,34.8062],[-84.85915,34.80681],[-84.86088,34.80954],[-84.86294,34.81421],[-84.85896,34.81627],[-84.8549,34.81973],[-84.85506,34.82019],[-84.85668,34.8207],[-84.8558,34.822],[-84.85575,34.82422],[-84.85497,34.82464],[-84.85291,34.82375],[-84.85184,34.82409],[-84.85126,34.82686],[-84.84895,34.83174],[-84.84897,34.83241],[-84.85146,34.83487],[-84.85457,34.83399],[-84.8555,34.83462],[-84.85512,34.83607],[-84.85251,34.83753],[-84.8519,34.83834],[-84.8519,34.84004],[-84.85312,34.8428],[-84.85055,34.84314],[-84.85005,34.84485],[-84.84813,34.84626],[-84.84738,34.84996],[-84.84587,34.851],[-84.8444,34.85306],[-84.84325,34.85356],[-84.83877,34.85358],[-84.83692,34.8543],[-84.83714,34.85519],[-84.83874,34.85659],[-84.83957,34.85827],[-84.84218,34.85959],[-84.84265,34.86046],[-84.8424,34.8613],[-84.83895,34.86302],[-84.83711,34.86052],[-84.83593,34.85974],[-84.83401,34.85922],[-84.83031,34.85943],[-84.82933,34.86024],[-84.82562,34.86167],[-84.82322,34.86379],[-84.8208,34.86513],[-84.81931,34.86674],[-84.81916,34.86814],[-84.81829,34.86935],[-84.81797,34.87086],[-84.81852,34.87186],[-84.8184,34.87373],[-84.81895,34.87507],[-84.81843,34.87674],[-84.82118,34.87673],[-84.82084,34.87933],[-84.82258,34.8787],[-84.82425,34.88037],[-84.82428,34.88111],[-84.82606,34.88208],[-84.82547,34.88422],[-84.82765,34.88552],[-84.82837,34.88652],[-84.82669,34.88822],[-84.82648,34.88911],[-84.82706,34.8894],[-84.82817,34.88862],[-84.82936,34.8892],[-84.83032,34.8923],[-84.83269,34.89463],[-84.83337,34.89683],[-84.83332,34.89729],[-84.83259,34.89755],[-84.83107,34.89556],[-84.8299,34.89549],[-84.82965,34.89622],[-84.83076,34.89758],[-84.83069,34.89829],[-84.82713,34.89858],[-84.82433,34.9008],[-84.82411,34.90175],[-84.8274,34.90307],[-84.82922,34.90552],[-84.83084,34.90656],[-84.83335,34.90629],[-84.83461,34.9075],[-84.83624,34.90712],[-84.83562,34.91004],[-84.83634,34.91252],[-84.8427,34.91813],[-84.84004,34.9255],[-84.83966,34.93054],[-84.83847,34.93095],[-84.83891,34.93333],[-84.83744,34.93416],[-84.83645,34.93546],[-84.83592,34.93791],[-84.83506,34.93862],[-84.83553,34.93959],[-84.83429,34.9399],[-84.8352,34.94292],[-84.83412,34.94444],[-84.83379,34.946],[-84.82992,34.94823],[-84.82984,34.94888],[-84.82885,34.94944],[-84.82779,34.95095],[-84.82617,34.951],[-84.82672,34.95342],[-84.82618,34.9552],[-84.82444,34.95685],[-84.82107,34.95866],[-84.82171,34.95964],[-84.82101,34.96099],[-84.82204,34.96221],[-84.8221,34.96431],[-84.82093,34.96516],[-84.81728,34.96559],[-84.8163,34.96836],[-84.81435,34.97048],[-84.81371,34.97214],[-84.81494,34.97595],[-84.81419,34.97782],[-84.81392,34.9816],[-84.81343,34.98271],[-84.81418,34.98293],[-84.81343,34.98461],[-84.81349,34.98577],[-84.81259,34.98656],[-84.81102,34.9867],[-84.81048,34.9876],[-84.82046,34.98797],[-84.89153,34.98787],[-84.89152,34.98824],[-84.97986,34.98765],[-84.97966,34.97275],[-84.99743,34.97243],[-84.99787,34.94021],[-84.999,34.93882],[-85.00013,34.93835],[-84.99952,34.93684],[-85.00195,34.93428],[-85.00295,34.93228],[-85.00345,34.92818],[-85.00575,34.92718],[-85.00635,34.92118],[-85.00785,34.91988],[-85.00715,34.91808],[-85.00895,34.91808],[-85.00945,34.91768],[-85.00915,34.91528],[-85.01035,34.91398],[-85.01133,34.91158],[-85.01381,34.91154],[-85.01387,34.90078],[-85.02339,34.90077],[-85.0233,34.87113],[-85.03274,34.8711],[-85.03273,34.86373],[-85.06165,34.86358],[-85.06164,34.84876],[-85.06125,34.84875],[-85.06124,34.84604],[-85.06164,34.84605],[-85.06165,34.81948],[-85.10535,34.81918],[-85.10545,34.81228],[-85.12275,34.81208],[-85.12265,34.81918],[-85.13175,34.81968],[-85.13125,34.81768],[-85.13185,34.81448],[-85.13315,34.81248],[-85.13695,34.80208],[-85.13835,34.79418],[-85.13965,34.79068],[-85.14065,34.78378],[-85.14195,34.78118],[-85.14205,34.77848],[-85.14485,34.76728],[-85.14835,34.76118],[-85.15055,34.75898],[-85.15345,34.75248],[-85.15515,34.75028],[-85.15965,34.74108],[-85.16105,34.73918],[-85.16205,34.73588],[-85.16405,34.73178],[-85.16665,34.72878],[-85.16715,34.72778],[-85.16755,34.72388],[-85.16885,34.72068]]]}},{"type":"Feature","properties":{"name":"Wilcox"},"geometry":{"type":"Polygon","coordinates":[[[-83.60938,32.03643],[-83.61133,31.94424],[-83.61226,31.85409],[-83.54164,31.8531],[-83.54752,31.84796],[-83.53448,31.84766],[-83.37486,31.84609],[-83.36772,31.84667],[-83.21249,31.84463],[-83.20964,31.84465],[-83.20693,31.84651],[-83.20735,31.84763],[-83.20698,31.84866],[-83.20546,31.84936],[-83.20317,31.8489],[-83.19947,31.84953],[-83.19554,31.84882],[-83.19069,31.8492],[-83.18638,31.84994],[-83.18432,31.85164],[-83.18292,31.85199],[-83.18165,31.85086],[-83.17993,31.85035],[-83.17909,31.84848],[-83.17747,31.84786],[-83.17695,31.84886],[-83.17703,31.85199],[-83.1773,31.85273],[-83.1786,31.85294],[-83.17895,31.85342],[-83.17893,31.85593],[-83.18201,31.85756],[-83.18334,31.85875],[-83.18349,31.85967],[-83.18329,31.86018],[-83.18137,31.86112],[-83.18026,31.86416],[-83.17758,31.86673],[-83.17684,31.86842],[-83.1775,31.86977],[-83.18011,31.87066],[-83.18019,31.87124],[-83.17865,31.87381],[-83.17897,31.87442],[-83.1813,31.87573],[-83.18164,31.87655],[-83.18119,31.8792],[-83.18246,31.87976],[-83.18389,31.87755],[-83.18695,31.87664],[-83.18793,31.87599],[-83.18823,31.87491],[-83.19098,31.87458],[-83.19248,31.87507],[-83.19249,31.87969],[-83.19332,31.87963],[-83.19526,31.87812],[-83.19944,31.87984],[-83.19958,31.88079],[-83.19766,31.88279],[-83.19795,31.88415],[-83.20309,31.88426],[-83.20424,31.88468],[-83.20419,31.88543],[-83.20171,31.88564],[-83.20114,31.88642],[-83.20175,31.88765],[-83.20401,31.8886],[-83.20437,31.88924],[-83.20418,31.89072],[-83.20223,31.89152],[-83.20045,31.8916],[-83.19995,31.89247],[-83.20148,31.89361],[-83.20522,31.89364],[-83.20758,31.89591],[-83.20591,31.89815],[-83.20478,31.90453],[-83.20516,31.90579],[-83.20908,31.90431],[-83.21031,31.90447],[-83.21199,31.9076],[-83.214,31.90817],[-83.21529,31.90948],[-83.2156,31.91334],[-83.21721,31.9141],[-83.21839,31.91573],[-83.2186,31.91825],[-83.21422,31.92035],[-83.21413,31.92177],[-83.21697,31.92138],[-83.22033,31.92268],[-83.22036,31.92377],[-83.21936,31.9246],[-83.21908,31.92553],[-83.21942,31.92693],[-83.22539,31.93029],[-83.22833,31.93141],[-83.23111,31.92966],[-83.23251,31.93084],[-83.23228,31.93269],[-83.23076,31.93436],[-83.23009,31.93409],[-83.22937,31.93282],[-83.22848,31.93298],[-83.22792,31.93447],[-83.22644,31.93593],[-83.22625,31.93771],[-83.22667,31.93835],[-83.23029,31.93803],[-83.23426,31.9404],[-83.2406,31.94157],[-83.24075,31.94245],[-83.2388,31.94432],[-83.23895,31.94814],[-83.2375,31.94823],[-83.236,31.94903],[-83.23544,31.94979],[-83.23551,31.95072],[-83.23637,31.95094],[-83.23864,31.95024],[-83.23942,31.95056],[-83.24045,31.95235],[-83.24173,31.95246],[-83.24234,31.95181],[-83.24334,31.94763],[-83.24318,31.94614],[-83.24444,31.94501],[-83.24538,31.94531],[-83.2473,31.94761],[-83.24883,31.94866],[-83.26153,31.95208],[-83.26384,31.95447],[-83.26495,31.9581],[-83.26987,31.96033],[-83.27244,31.9648],[-83.2785,31.96808],[-83.28007,31.9701],[-83.28169,31.97379],[-83.28487,31.97591],[-83.28452,31.97911],[-83.28354,31.98124],[-83.28455,31.98422],[-83.28593,31.98467],[-83.28972,31.98305],[-83.29178,31.98323],[-83.29209,31.98363],[-83.29206,31.98451],[-83.29001,31.98734],[-83.28961,31.99098],[-83.28905,31.99176],[-83.28751,31.99202],[-83.28714,31.99304],[-83.28596,31.99376],[-83.28537,31.99167],[-83.28237,31.98953],[-83.28105,31.98933],[-83.28039,31.98971],[-83.28043,31.99204],[-83.27838,31.99436],[-83.27827,31.99503],[-83.27997,31.99776],[-83.2816,31.99862],[-83.28247,31.99876],[-83.28431,31.99758],[-83.28585,31.99818],[-83.28619,31.99879],[-83.28591,31.99939],[-83.28383,32.00018],[-83.28288,32.0013],[-83.28305,32.00234],[-83.28371,32.00291],[-83.28567,32.00314],[-83.29073,32.00265],[-83.29212,32.00155],[-83.29374,32.00113],[-83.29595,32.00171],[-83.29561,32.00225],[-83.29345,32.00257],[-83.29058,32.00454],[-83.28978,32.00575],[-83.28981,32.00715],[-83.2907,32.00783],[-83.29144,32.00728],[-83.2919,32.00532],[-83.2934,32.00543],[-83.29649,32.00971],[-83.29692,32.01125],[-83.29563,32.01442],[-83.29626,32.01687],[-83.29392,32.0208],[-83.29222,32.02098],[-83.292,32.01954],[-83.29097,32.01792],[-83.29027,32.01783],[-83.28963,32.01842],[-83.2902,32.02182],[-83.28958,32.02638],[-83.2905,32.02773],[-83.2923,32.02827],[-83.29526,32.02807],[-83.29605,32.02685],[-83.29718,32.02725],[-83.29777,32.02973],[-83.29953,32.03119],[-83.29984,32.03261],[-83.29816,32.03507],[-83.29505,32.03662],[-83.29447,32.03874],[-83.29524,32.03908],[-83.29644,32.03852],[-83.29746,32.03927],[-83.2978,32.04095],[-83.29851,32.04184],[-83.30345,32.04378],[-83.30526,32.04554],[-83.30613,32.0476],[-83.30822,32.04847],[-83.30856,32.04977],[-83.30772,32.05092],[-83.30584,32.05211],[-83.30135,32.05385],[-83.30048,32.05566],[-83.30032,32.06628],[-83.2996,32.06739],[-83.29986,32.07031],[-83.30107,32.07104],[-83.30462,32.07096],[-83.30536,32.07188],[-83.3052,32.07329],[-83.30394,32.07438],[-83.30073,32.07547],[-83.30032,32.07531],[-83.30005,32.07385],[-83.29772,32.07377],[-83.29591,32.07532],[-83.29486,32.07876],[-83.29535,32.07923],[-83.29773,32.07954],[-83.29889,32.07838],[-83.29932,32.07693],[-83.30015,32.07661],[-83.30306,32.07745],[-83.30348,32.07917],[-83.30106,32.08226],[-83.301,32.08356],[-83.30224,32.08539],[-83.30498,32.08725],[-83.30586,32.09009],[-83.30831,32.0909],[-83.31033,32.09243],[-83.31164,32.09268],[-83.31322,32.09229],[-83.31395,32.09],[-83.31298,32.08772],[-83.31364,32.08608],[-83.31485,32.08524],[-83.31615,32.08503],[-83.31799,32.0859],[-83.32333,32.09367],[-83.32521,32.09723],[-83.32539,32.09846],[-83.32309,32.10152],[-83.32415,32.10398],[-83.32652,32.10277],[-83.32931,32.1036],[-83.33042,32.10333],[-83.33091,32.10266],[-83.33027,32.10054],[-83.3311,32.10011],[-83.33298,32.10074],[-83.33731,32.10589],[-83.34195,32.10801],[-83.34305,32.108],[-83.34458,32.10701],[-83.34686,32.10636],[-83.34747,32.10391],[-83.34828,32.10284],[-83.35631,32.10601],[-83.35926,32.10597],[-83.35951,32.10758],[-83.35799,32.10945],[-83.35747,32.10928],[-83.35757,32.10798],[-83.35676,32.10749],[-83.35379,32.10662],[-83.35288,32.1069],[-83.35256,32.10774],[-83.35286,32.10902],[-83.35397,32.10973],[-83.35421,32.11047],[-83.35337,32.11126],[-83.35099,32.11166],[-83.35046,32.11264],[-83.35391,32.11346],[-83.35484,32.11497],[-83.35565,32.11785],[-83.35955,32.12068],[-83.36111,32.12409],[-83.39715,32.1241],[-83.39698,32.13258],[-83.41309,32.13326],[-83.41644,32.13308],[-83.41654,32.12517],[-83.43559,32.12542],[-83.43566,32.11724],[-83.4737,32.11792],[-83.54162,32.11813],[-83.54149,32.12607],[-83.55083,32.12616],[-83.55102,32.11814],[-83.60855,32.11841],[-83.60938,32.03643]]]}},{"type":"Feature","properties":{"name":"Wilkes"},"geometry":{"type":"Polygon","coordinates":[[[-82.59455,33.82843],[-82.59457,33.8288],[-82.59553,33.82853],[-82.59558,33.8292],[-82.59507,33.83118],[-82.59356,33.83167],[-82.59374,33.83363],[-82.59229,33.83367],[-82.59113,33.83536],[-82.59032,33.83498],[-82.58943,33.83547],[-82.58874,33.83701],[-82.58777,33.83688],[-82.58646,33.83749],[-82.58641,33.8382],[-82.58573,33.8387],[-82.58574,33.83973],[-82.5851,33.83992],[-82.58362,33.83903],[-82.58284,33.84324],[-82.58379,33.84344],[-82.5835,33.84442],[-82.58438,33.84485],[-82.58413,33.84573],[-82.58471,33.84569],[-82.58468,33.84647],[-82.58172,33.84748],[-82.58064,33.84869],[-82.57825,33.84903],[-82.57794,33.84969],[-82.57825,33.8514],[-82.57865,33.8516],[-82.578,33.85298],[-82.57704,33.85381],[-82.5758,33.85326],[-82.57619,33.85427],[-82.57519,33.8546],[-82.57501,33.85573],[-82.57313,33.85575],[-82.57311,33.85755],[-82.57268,33.85761],[-82.57263,33.85843],[-82.57358,33.85881],[-82.57343,33.85951],[-82.57431,33.86001],[-82.57409,33.86077],[-82.57334,33.86122],[-82.5738,33.86213],[-82.57225,33.86307],[-82.57299,33.86341],[-82.57228,33.86411],[-82.57273,33.86488],[-82.5719,33.86548],[-82.5735,33.86764],[-82.57484,33.86831],[-82.57628,33.86836],[-82.57558,33.87],[-82.57639,33.87103],[-82.57602,33.87163],[-82.57728,33.87277],[-82.57691,33.87398],[-82.57786,33.87402],[-82.57739,33.87466],[-82.57811,33.8742],[-82.57957,33.87443],[-82.58315,33.87268],[-82.58625,33.87178],[-82.58697,33.87099],[-82.58703,33.86949],[-82.59402,33.86736],[-82.59671,33.86434],[-82.5988,33.86388],[-82.59957,33.86231],[-82.6022,33.86188],[-82.60381,33.86011],[-82.60569,33.85994],[-82.6119,33.87673],[-82.62486,33.91651],[-82.63928,33.96389],[-82.64279,33.973],[-82.64596,33.98509],[-82.64987,33.9871],[-82.65388,33.99072],[-82.6562,33.9914],[-82.65946,33.99021],[-82.66577,33.98656],[-82.66834,33.98556],[-82.67938,33.98514],[-82.69554,33.98259],[-82.7005,33.98139],[-82.70286,33.98149],[-82.71872,33.98478],[-82.72439,33.98447],[-82.72977,33.98337],[-82.73537,33.98031],[-82.74344,33.97935],[-82.7494,33.9764],[-82.75437,33.97192],[-82.76001,33.97229],[-82.76502,33.97344],[-82.77471,33.97213],[-82.7773,33.971],[-82.77951,33.97112],[-82.78147,33.96884],[-82.78038,33.96717],[-82.78105,33.96639],[-82.78063,33.96483],[-82.78243,33.96417],[-82.78248,33.96204],[-82.7843,33.95957],[-82.78366,33.95839],[-82.78662,33.95775],[-82.78823,33.9568],[-82.78858,33.95435],[-82.79138,33.95296],[-82.79378,33.94867],[-82.79451,33.94947],[-82.79729,33.94965],[-82.79903,33.95069],[-82.80103,33.95078],[-82.80167,33.95015],[-82.80287,33.95066],[-82.80351,33.95013],[-82.80511,33.94999],[-82.80572,33.95082],[-82.80717,33.95024],[-82.80737,33.94929],[-82.80692,33.94825],[-82.80871,33.94587],[-82.81195,33.94497],[-82.81478,33.94605],[-82.81616,33.94605],[-82.81659,33.94549],[-82.81573,33.94506],[-82.81781,33.94434],[-82.81824,33.94339],[-82.81937,33.94365],[-82.81998,33.94474],[-82.82207,33.94428],[-82.82273,33.94381],[-82.82322,33.94236],[-82.82441,33.94228],[-82.82539,33.94087],[-82.82759,33.9412],[-82.82846,33.94075],[-82.82951,33.94163],[-82.83155,33.94194],[-82.83292,33.94065],[-82.83554,33.93957],[-82.83743,33.94015],[-82.84169,33.93961],[-82.84353,33.94033],[-82.8448,33.93961],[-82.84669,33.94064],[-82.8487,33.93986],[-82.8487,33.93935],[-82.84783,33.9389],[-82.8487,33.93817],[-82.84898,33.93669],[-82.84979,33.93655],[-82.85055,33.93713],[-82.8511,33.93687],[-82.85048,33.93583],[-82.85054,33.93469],[-82.85282,33.93475],[-82.85375,33.93271],[-82.85446,33.93265],[-82.85375,33.93057],[-82.85446,33.92872],[-82.85555,33.92749],[-82.86071,33.92778],[-82.86149,33.92645],[-82.86287,33.92681],[-82.86343,33.92614],[-82.86524,33.92608],[-82.86611,33.9251],[-82.86734,33.92481],[-82.87107,33.92214],[-82.87212,33.92203],[-82.87312,33.92266],[-82.87445,33.9219],[-82.87465,33.92016],[-82.87546,33.91893],[-82.87505,33.91828],[-82.87691,33.91551],[-82.87927,33.915],[-82.88017,33.91379],[-82.88227,33.9127],[-82.88232,33.91219],[-82.88376,33.91246],[-82.88376,33.91127],[-82.88518,33.90987],[-82.88533,33.90902],[-82.88752,33.90791],[-82.88631,33.90628],[-82.88607,33.90489],[-82.88957,33.89923],[-82.89008,33.89649],[-82.89494,33.89328],[-82.89615,33.89034],[-82.90209,33.88419],[-82.90479,33.88053],[-82.90991,33.87765],[-82.91256,33.87698],[-82.91443,33.87348],[-82.91764,33.86922],[-82.91762,33.86823],[-82.91861,33.86668],[-82.91842,33.86546],[-82.91913,33.86414],[-82.92032,33.86331],[-82.92036,33.86103],[-82.92134,33.85966],[-82.92128,33.85867],[-82.92221,33.85649],[-82.9243,33.85481],[-82.92528,33.85289],[-82.92736,33.85119],[-82.93173,33.84905],[-82.9329,33.84971],[-82.93637,33.84877],[-82.93874,33.84943],[-82.94188,33.84934],[-82.94255,33.84878],[-82.94255,33.84664],[-82.94496,33.84621],[-82.94755,33.84088],[-82.94896,33.83916],[-82.94881,33.83719],[-82.9499,33.83505],[-82.95257,33.83307],[-82.95381,33.83067],[-82.95376,33.82871],[-82.95644,33.82626],[-82.9552,33.82442],[-82.95597,33.82193],[-82.95817,33.81956],[-82.9581,33.81852],[-82.95859,33.8182],[-82.95813,33.81756],[-82.95951,33.81672],[-82.95983,33.81371],[-82.96085,33.81246],[-82.96084,33.81172],[-82.96304,33.8103],[-82.9658,33.8096],[-82.96856,33.80746],[-82.96888,33.80603],[-82.96953,33.80543],[-82.97143,33.80509],[-82.97277,33.8035],[-82.97657,33.80207],[-82.97747,33.7958],[-82.97889,33.79481],[-82.97921,33.79224],[-82.98013,33.79101],[-82.98046,33.78941],[-82.98158,33.78854],[-82.98265,33.78842],[-82.98311,33.78734],[-82.98494,33.78715],[-82.98619,33.78583],[-82.98632,33.78541],[-82.98484,33.78436],[-82.98476,33.78384],[-82.98566,33.78171],[-82.98729,33.78071],[-82.95884,33.75011],[-82.89152,33.63451],[-82.8906,33.63482],[-82.8906,33.63288],[-82.88531,33.62978],[-82.88655,33.62885],[-82.88595,33.62817],[-82.88599,33.62682],[-82.88412,33.6263],[-82.88457,33.62579],[-82.88427,33.62478],[-82.88257,33.62459],[-82.88285,33.6236],[-82.88089,33.62282],[-82.88099,33.62225],[-82.87965,33.6214],[-82.87945,33.62041],[-82.87855,33.62054],[-82.87766,33.62002],[-82.87355,33.62257],[-82.87487,33.62294],[-82.88042,33.62654],[-82.8745,33.63128],[-82.87695,33.636],[-82.86934,33.6424],[-82.85033,33.63955],[-82.84913,33.63975],[-82.84782,33.64061],[-82.8477,33.64158],[-82.84692,33.64178],[-82.8443,33.6442],[-82.83865,33.64802],[-82.8326,33.65096],[-82.83082,33.65063],[-82.82977,33.65107],[-82.82832,33.64982],[-82.82683,33.64969],[-82.82458,33.65114],[-82.82302,33.65457],[-82.82071,33.655],[-82.81666,33.6532],[-82.81559,33.6544],[-82.81446,33.65463],[-82.81444,33.65539],[-82.81296,33.65584],[-82.81141,33.65443],[-82.80969,33.65372],[-82.80926,33.65292],[-82.80971,33.65171],[-82.80941,33.65085],[-82.80514,33.64747],[-82.76802,33.62542],[-82.76169,33.62258],[-82.75931,33.62021],[-82.75701,33.6189],[-82.75595,33.61632],[-82.75538,33.61643],[-82.75371,33.61842],[-82.75146,33.61896],[-82.75007,33.61811],[-82.74877,33.61833],[-82.74741,33.61591],[-82.7463,33.61487],[-82.74702,33.61341],[-82.74533,33.6113],[-82.74398,33.61131],[-82.7414,33.61385],[-82.73857,33.61458],[-82.73684,33.61381],[-82.73569,33.61259],[-82.73291,33.61263],[-82.7297,33.61393],[-82.72725,33.61411],[-82.72437,33.61276],[-82.71932,33.61522],[-82.71736,33.61373],[-82.71805,33.6097],[-82.7171,33.60696],[-82.71442,33.60802],[-82.7114,33.611],[-82.70835,33.61176],[-82.70998,33.61279],[-82.70808,33.61358],[-82.70758,33.61776],[-82.70568,33.61719],[-82.70227,33.61434],[-82.70087,33.61495],[-82.70198,33.61722],[-82.70142,33.6181],[-82.70001,33.61853],[-82.6977,33.61833],[-82.69585,33.61714],[-82.69227,33.62],[-82.69226,33.61764],[-82.68904,33.61573],[-82.6888,33.61503],[-82.6895,33.6117],[-82.68773,33.60257],[-82.68718,33.6026],[-82.68601,33.60396],[-82.68269,33.60053],[-82.68176,33.6003],[-82.68133,33.60079],[-82.67964,33.59967],[-82.67802,33.60083],[-82.6768,33.60049],[-82.67375,33.60154],[-82.67256,33.60131],[-82.67018,33.60302],[-82.67042,33.60411],[-82.66849,33.60433],[-82.66733,33.60324],[-82.66564,33.60451],[-82.66419,33.60435],[-82.66365,33.60367],[-82.66197,33.60411],[-82.66083,33.60322],[-82.65859,33.60283],[-82.65749,33.60072],[-82.65729,33.59859],[-82.65636,33.59651],[-82.65457,33.59717],[-82.65262,33.59608],[-82.65221,33.59672],[-82.65419,33.59971],[-82.65343,33.60017],[-82.65447,33.60174],[-82.65446,33.60277],[-82.65558,33.6035],[-82.65539,33.60566],[-82.65591,33.60667],[-82.65434,33.6078],[-82.65436,33.60909],[-82.65311,33.60912],[-82.65249,33.61111],[-82.65198,33.61144],[-82.65075,33.61049],[-82.65072,33.60913],[-82.64409,33.60685],[-82.64298,33.60701],[-82.6432,33.60825],[-82.6422,33.61077],[-82.643,33.61194],[-82.64327,33.61411],[-82.6454,33.61579],[-82.645,33.61677],[-82.64353,33.61803],[-82.64294,33.61792],[-82.64118,33.61562],[-82.63828,33.61518],[-82.63678,33.61321],[-82.63319,33.61105],[-82.63036,33.61146],[-82.62669,33.6113],[-82.62422,33.61291],[-82.62244,33.6134],[-82.62015,33.61318],[-82.61823,33.6121],[-82.61705,33.61217],[-82.61694,33.61276],[-82.61826,33.61487],[-82.62056,33.61603],[-82.62427,33.62033],[-82.6239,33.62166],[-82.62244,33.62351],[-82.62051,33.62483],[-82.61699,33.62459],[-82.61492,33.62748],[-82.61509,33.62794],[-82.61688,33.62843],[-82.6183,33.63097],[-82.61724,33.63266],[-82.61404,33.63403],[-82.61158,33.63364],[-82.61033,33.63018],[-82.61011,33.62724],[-82.6083,33.62584],[-82.60689,33.62569],[-82.60602,33.62698],[-82.60647,33.62971],[-82.60825,33.63306],[-82.60811,33.6339],[-82.60594,33.63522],[-82.60281,33.63423],[-82.60101,33.63427],[-82.59503,33.63781],[-82.59266,33.63637],[-82.59153,33.63634],[-82.58982,33.63786],[-82.5895,33.64153],[-82.58876,33.64214],[-82.58784,33.64192],[-82.58668,33.64049],[-82.58636,33.63905],[-82.58675,33.63751],[-82.5859,33.6352],[-82.58418,33.6335],[-82.58295,33.63295],[-82.58045,33.63289],[-82.57701,33.6364],[-82.5766,33.63758],[-82.57782,33.63818],[-82.58255,33.6381],[-82.58404,33.63914],[-82.58447,33.64005],[-82.58408,33.64892],[-82.5836,33.65048],[-82.5822,33.65197],[-82.58068,33.65129],[-82.57996,33.64766],[-82.57792,33.644],[-82.57526,33.64095],[-82.57229,33.63873],[-82.57152,33.63871],[-82.57055,33.63942],[-82.56867,33.64305],[-82.56842,33.6442],[-82.56983,33.64525],[-82.56947,33.64592],[-82.56757,33.64627],[-82.56593,33.64599],[-82.56204,33.64453],[-82.56077,33.64294],[-82.55854,33.63541],[-82.55717,33.63389],[-82.55647,33.63387],[-82.5558,33.6344],[-82.55595,33.63495],[-82.55758,33.63711],[-82.55569,33.63961],[-82.55566,33.64269],[-82.55443,33.64287],[-82.5516,33.64069],[-82.54356,33.63861],[-82.54212,33.63997],[-82.53992,33.64006],[-82.53831,33.64142],[-82.53727,33.64696],[-82.53742,33.64844],[-82.53673,33.64944],[-82.5286,33.64544],[-82.52521,33.6447],[-82.52246,33.64492],[-82.51906,33.64699],[-82.519,33.65205],[-82.51844,33.65323],[-82.51506,33.65573],[-82.51171,33.65917],[-82.50995,33.65983],[-82.50722,33.65999],[-82.505,33.65914],[-82.50513,33.65494],[-82.50664,33.65447],[-82.50702,33.65382],[-82.50567,33.65331],[-82.50529,33.65133],[-82.50417,33.65135],[-82.50133,33.654],[-82.49984,33.65448],[-82.49644,33.65176],[-82.49473,33.65159],[-82.4898,33.64957],[-82.48676,33.64753],[-82.48694,33.64395],[-82.48658,33.64246],[-82.48514,33.64109],[-82.48073,33.63901],[-82.47952,33.63953],[-82.55005,33.75012],[-82.55043,33.75013],[-82.57307,33.78514],[-82.59353,33.82732],[-82.59455,33.82843]]]}},{"type":"Feature","properties":{"name":"Wilkinson"},"geometry":{"type":"Polygon","coordinates":[[[-83.40695,32.89827],[-83.24285,32.60876],[-83.22654,32.5842],[-83.14241,32.62519],[-83.08555,32.65247],[-83.04079,32.67334],[-82.95707,32.70832],[-82.95587,32.71526],[-82.95387,32.72126],[-82.95287,32.72286],[-82.95017,32.72546],[-82.94967,32.72666],[-82.94657,32.73966],[-82.94648,32.74872],[-82.94512,32.75143],[-82.94524,32.75246],[-82.94717,32.75464],[-82.94747,32.75676],[-82.94696,32.75946],[-82.95026,32.76196],[-82.95104,32.76073],[-82.94916,32.75936],[-82.94867,32.75816],[-82.94927,32.75776],[-82.95187,32.75836],[-82.95296,32.75766],[-82.95386,32.75626],[-82.95536,32.75646],[-82.95566,32.75716],[-82.95476,32.75846],[-82.95496,32.75946],[-82.95576,32.75986],[-82.95886,32.75906],[-82.96016,32.75996],[-82.95896,32.76316],[-82.96036,32.76606],[-82.96066,32.76776],[-82.96076,32.77466],[-82.95666,32.78996],[-82.95696,32.79526],[-82.95826,32.79676],[-82.95776,32.79746],[-82.95586,32.79836],[-82.95426,32.80156],[-82.95616,32.80386],[-82.95836,32.80476],[-82.95766,32.80666],[-82.95826,32.80776],[-82.96086,32.80796],[-82.96186,32.80866],[-82.96406,32.81516],[-82.96525,32.81577],[-82.96696,32.81586],[-82.96816,32.81676],[-82.96816,32.81756],[-82.96676,32.81907],[-82.96686,32.82016],[-82.96906,32.82086],[-82.97186,32.82307],[-82.97136,32.82437],[-82.96776,32.82627],[-82.96706,32.82757],[-82.96736,32.82867],[-82.97189,32.82939],[-82.97346,32.83046],[-82.97326,32.83167],[-82.97127,32.83205],[-82.97006,32.83296],[-82.96996,32.83416],[-82.97056,32.83515],[-82.97296,32.83656],[-82.97316,32.83836],[-82.97386,32.83916],[-82.9771,32.83858],[-82.97937,32.83955],[-82.98017,32.84096],[-82.97837,32.84276],[-82.97867,32.84425],[-82.98207,32.84535],[-82.98386,32.84376],[-82.98467,32.84385],[-82.98637,32.84656],[-82.99047,32.84845],[-82.99027,32.84985],[-82.98847,32.85135],[-82.98897,32.85266],[-82.99207,32.85316],[-82.99437,32.85266],[-82.99637,32.85105],[-82.99727,32.85115],[-82.99807,32.85185],[-82.99807,32.85475],[-82.99927,32.85596],[-83.00398,32.8546],[-83.00501,32.85471],[-83.00634,32.85589],[-83.00699,32.85578],[-83.0122,32.85376],[-83.01316,32.85406],[-83.01358,32.85572],[-83.01472,32.85714],[-83.01665,32.85758],[-83.02156,32.85653],[-83.0216,32.85605],[-83.02026,32.85459],[-83.02031,32.85387],[-83.02144,32.85341],[-83.02335,32.85576],[-83.02704,32.85613],[-83.02765,32.85677],[-83.02981,32.86007],[-83.02949,32.86096],[-83.03022,32.86651],[-83.03122,32.86751],[-83.03455,32.8663],[-83.03611,32.86711],[-83.03671,32.86826],[-83.03651,32.86937],[-83.0345,32.86878],[-83.0346,32.87298],[-83.03721,32.87515],[-83.03738,32.87976],[-83.0378,32.88049],[-83.04048,32.87898],[-83.04177,32.87981],[-83.04175,32.88085],[-83.04013,32.88184],[-83.04053,32.88327],[-83.04197,32.88277],[-83.04297,32.88161],[-83.0454,32.88269],[-83.04808,32.88203],[-83.04892,32.88281],[-83.04863,32.88348],[-83.04444,32.88441],[-83.04389,32.88575],[-83.04683,32.88512],[-83.04714,32.88642],[-83.04856,32.88784],[-83.04771,32.88997],[-83.0496,32.89154],[-83.05071,32.8939],[-83.0502,32.89577],[-83.04813,32.89711],[-83.04784,32.89835],[-83.05026,32.89943],[-83.05148,32.90078],[-83.05164,32.90179],[-83.04799,32.90184],[-83.04743,32.90225],[-83.04761,32.90298],[-83.04924,32.9028],[-83.05005,32.90322],[-83.05084,32.90464],[-83.05047,32.90517],[-83.04989,32.9054],[-83.04752,32.90474],[-83.04642,32.90536],[-83.04656,32.90586],[-83.04952,32.90646],[-83.04953,32.90708],[-83.04762,32.90796],[-83.04777,32.90962],[-83.04832,32.91008],[-83.05314,32.90904],[-83.05507,32.90948],[-83.05477,32.91087],[-83.0536,32.91105],[-83.05286,32.91177],[-83.05236,32.91387],[-83.05279,32.91435],[-83.05418,32.91453],[-83.05696,32.91663],[-83.05597,32.92004],[-83.06193,32.9191],[-83.0629,32.91968],[-83.06283,32.92016],[-83.06209,32.92042],[-83.06036,32.92041],[-83.06008,32.92391],[-83.0569,32.92598],[-83.05759,32.92744],[-83.05893,32.92711],[-83.06112,32.92746],[-83.06261,32.92812],[-83.06402,32.92974],[-83.06392,32.93077],[-83.06317,32.93095],[-83.06106,32.93035],[-83.05966,32.93064],[-83.05962,32.93149],[-83.06081,32.93287],[-83.0611,32.93459],[-83.06967,32.93278],[-83.07133,32.93308],[-83.07101,32.9339],[-83.06854,32.93367],[-83.06727,32.9352],[-83.06709,32.93975],[-83.06763,32.94192],[-83.06842,32.94238],[-83.06963,32.93953],[-83.07089,32.93934],[-83.07019,32.94214],[-83.07262,32.94396],[-83.07304,32.94566],[-83.07466,32.94765],[-83.07523,32.94792],[-83.07792,32.94624],[-83.07894,32.94682],[-83.07859,32.94788],[-83.07606,32.94926],[-83.07582,32.95025],[-83.07619,32.95078],[-83.07962,32.95161],[-83.0851,32.956],[-83.08629,32.95556],[-83.0864,32.95486],[-83.08372,32.95249],[-83.08391,32.95186],[-83.08723,32.95072],[-83.08787,32.95102],[-83.08838,32.95255],[-83.08742,32.95433],[-83.08784,32.95577],[-83.09084,32.95564],[-83.09135,32.95615],[-83.09032,32.95787],[-83.09083,32.95854],[-83.09248,32.95976],[-83.09526,32.95948],[-83.09588,32.95989],[-83.09518,32.96201],[-83.09543,32.96317],[-83.094,32.96593],[-83.09389,32.96767],[-83.09436,32.96827],[-83.09552,32.96809],[-83.09577,32.96652],[-83.09686,32.96559],[-83.09782,32.96607],[-83.10091,32.96605],[-83.10164,32.96758],[-83.10429,32.97007],[-83.10744,32.96895],[-83.10842,32.96916],[-83.10897,32.97057],[-83.10874,32.97262],[-83.10929,32.97329],[-83.11036,32.97369],[-83.11356,32.97283],[-83.11524,32.97371],[-83.11514,32.97725],[-83.11676,32.98132],[-83.11957,32.98207],[-83.12157,32.98382],[-83.12375,32.98313],[-83.12515,32.98347],[-83.12567,32.98474],[-83.12487,32.98565],[-83.12412,32.98612],[-83.1216,32.9862],[-83.1209,32.98733],[-83.1218,32.98821],[-83.12792,32.98935],[-83.12853,32.99073],[-83.12737,32.9918],[-83.12487,32.99182],[-83.12338,32.9927],[-83.12354,32.99418],[-83.12546,32.99539],[-83.12587,32.99669],[-83.12535,32.99763],[-83.12296,32.99944],[-83.12253,33.00074],[-83.12397,33.00175],[-83.12811,32.99913],[-83.13039,32.99946],[-83.131,33.00015],[-83.13092,33.00485],[-83.13231,33.00688],[-83.13848,33.00723],[-83.14405,33.00873],[-83.14827,33.00836],[-83.15028,33.00683],[-83.15024,33.00564],[-83.1486,33.00227],[-83.14828,33.00015],[-83.15027,32.99706],[-83.1519,32.99652],[-83.15383,32.99745],[-83.15959,33.0028],[-83.17947,32.9874],[-83.16227,32.9696],[-83.16408,32.96904],[-83.16596,32.96923],[-83.16814,32.97049],[-83.17434,32.97102],[-83.18111,32.97261],[-83.18425,32.9743],[-83.18597,32.97421],[-83.18853,32.97495],[-83.1898,32.9758],[-83.19228,32.97897],[-83.19279,32.98119],[-83.197,32.98284],[-83.19969,32.98188],[-83.20303,32.98157],[-83.20502,32.98209],[-83.20616,32.9836],[-83.26867,32.9587],[-83.26318,32.95411],[-83.27607,32.94207],[-83.28774,32.95188],[-83.35768,32.92614],[-83.40695,32.89827]]]}},{"type":"Feature","properties":{"name":"Worth"},"geometry":{"type":"Polygon","coordinates":[[[-84.0328,31.71577],[-84.03201,31.71403],[-84.02729,31.71204],[-84.02562,31.71002],[-84.02417,31.70508],[-84.0245,31.70141],[-84.02219,31.69823],[-84.01965,31.69298],[-84.02053,31.6885],[-84.02206,31.68564],[-84.02206,31.68381],[-84.02113,31.68157],[-84.01771,31.67632],[-84.01666,31.6706],[-84.01573,31.66862],[-84.01248,31.66352],[-84.01297,31.66199],[-84.01539,31.66027],[-84.01573,31.65911],[-84.01506,31.65723],[-84.01602,31.65502],[-84.01602,31.65224],[-84.0184,31.65027],[-83.99337,31.65003],[-83.99346,31.64142],[-84.00288,31.64171],[-84.00306,31.63363],[-84.01251,31.63362],[-84.0127,31.62459],[-83.99625,31.62517],[-83.99682,31.59792],[-83.99642,31.59053],[-83.99657,31.56352],[-83.98161,31.56332],[-83.98168,31.55162],[-83.99666,31.55166],[-83.99747,31.47601],[-83.98243,31.47581],[-83.98242,31.47349],[-83.98258,31.46268],[-83.99768,31.46277],[-83.99943,31.33497],[-83.75909,31.33222],[-83.75893,31.31895],[-83.72027,31.31841],[-83.71413,31.31837],[-83.71387,31.33165],[-83.65409,31.33066],[-83.65176,31.43392],[-83.66666,31.43417],[-83.66643,31.45252],[-83.66578,31.48514],[-83.65063,31.48474],[-83.64938,31.56798],[-83.65056,31.56826],[-83.65096,31.56904],[-83.65236,31.56947],[-83.65251,31.57018],[-83.65408,31.57106],[-83.6566,31.56963],[-83.65904,31.56898],[-83.65956,31.56687],[-83.66248,31.5655],[-83.66376,31.56563],[-83.66737,31.56768],[-83.67141,31.57183],[-83.67154,31.57412],[-83.67299,31.57734],[-83.67235,31.57832],[-83.67266,31.58172],[-83.67174,31.5821],[-83.67147,31.583],[-83.66769,31.58587],[-83.66874,31.5877],[-83.66789,31.5887],[-83.66865,31.59057],[-83.66945,31.59125],[-83.66879,31.59245],[-83.66986,31.59498],[-83.67074,31.59529],[-83.67207,31.59471],[-83.67373,31.59544],[-83.67396,31.5964],[-83.67559,31.59761],[-83.67604,31.59971],[-83.67705,31.60009],[-83.67753,31.60087],[-83.68197,31.60049],[-83.68217,31.59877],[-83.68319,31.59718],[-83.68403,31.59678],[-83.68633,31.59775],[-83.6881,31.59745],[-83.68993,31.59802],[-83.69287,31.60021],[-83.69352,31.60271],[-83.6957,31.60418],[-83.69783,31.60462],[-83.69776,31.60279],[-83.69886,31.60283],[-83.6995,31.60344],[-83.69973,31.60483],[-83.70123,31.60583],[-83.7025,31.60799],[-83.70238,31.60955],[-83.70438,31.61265],[-83.70482,31.61592],[-83.70581,31.61679],[-83.70579,31.61811],[-83.70668,31.6192],[-83.70942,31.6184],[-83.71094,31.61989],[-83.7121,31.61971],[-83.71252,31.61917],[-83.71613,31.61983],[-83.71877,31.62203],[-83.79685,31.62293],[-83.79722,31.62518],[-83.79674,31.6649],[-83.79731,31.76075],[-83.79948,31.76082],[-83.79873,31.80117],[-83.80115,31.80239],[-83.80221,31.80347],[-83.80483,31.80453],[-83.80627,31.80463],[-83.80749,31.80408],[-83.81197,31.80608],[-83.81311,31.80737],[-83.81333,31.80873],[-83.81429,31.8096],[-83.81464,31.81071],[-83.81693,31.8124],[-83.82207,31.8123],[-83.82448,31.81138],[-83.8262,31.80977],[-83.82784,31.8101],[-83.82854,31.81068],[-83.82967,31.81322],[-83.83305,31.81395],[-83.8355,31.81587],[-83.83608,31.8174],[-83.83606,31.81893],[-83.83525,31.821],[-83.83953,31.82367],[-83.83988,31.82536],[-83.84289,31.8263],[-83.84391,31.8271],[-83.84548,31.83155],[-83.84556,31.81973],[-83.85532,31.81986],[-83.85549,31.83718],[-83.85659,31.83582],[-83.85804,31.83701],[-83.86056,31.83643],[-83.86317,31.83721],[-83.86723,31.83718],[-83.86878,31.83659],[-83.87068,31.83797],[-83.87209,31.83827],[-83.87282,31.83742],[-83.87351,31.83802],[-83.87457,31.83794],[-83.87526,31.83719],[-83.87827,31.83747],[-83.87979,31.83699],[-83.88228,31.83838],[-83.88742,31.83944],[-83.89245,31.84127],[-83.89793,31.8407],[-83.90017,31.84214],[-83.90305,31.84203],[-83.90638,31.84412],[-83.91311,31.847],[-83.91728,31.84671],[-83.91889,31.84783],[-83.92079,31.84761],[-83.92426,31.84839],[-83.92691,31.84623],[-83.92854,31.84551],[-83.93241,31.84483],[-83.93485,31.84513],[-83.93735,31.84476],[-83.93944,31.84793],[-83.94122,31.84814],[-83.94426,31.8495],[-83.94583,31.84949],[-83.94749,31.84843],[-83.94843,31.84506],[-83.94962,31.84379],[-83.95377,31.84101],[-83.95726,31.8398],[-83.95798,31.83588],[-83.9588,31.83467],[-83.96014,31.83433],[-83.9651,31.83504],[-83.96734,31.83448],[-83.96837,31.83353],[-83.96977,31.83085],[-83.97265,31.82772],[-83.97422,31.82303],[-83.97725,31.81852],[-83.97789,31.81438],[-83.97976,31.81244],[-83.97995,31.81158],[-83.97981,31.80942],[-83.97646,31.80651],[-83.97638,31.80381],[-83.97688,31.80333],[-83.97988,31.80352],[-83.98556,31.80662],[-83.98897,31.80685],[-83.9905,31.80637],[-83.9935,31.80359],[-84.00443,31.80422],[-84.00639,31.80377],[-84.00844,31.80164],[-84.00926,31.7963],[-84.00906,31.79419],[-84.00804,31.79231],[-84.00096,31.78689],[-83.99469,31.78623],[-83.99159,31.78488],[-83.99155,31.78376],[-83.9943,31.77816],[-83.99184,31.77462],[-83.98788,31.77137],[-83.98662,31.76964],[-83.98617,31.76752],[-83.98639,31.76543],[-83.98791,31.76343],[-83.99027,31.76144],[-83.99217,31.75815],[-83.99302,31.75755],[-83.99911,31.7573],[-84.0035,31.7546],[-84.00453,31.75234],[-84.00409,31.75017],[-84.00473,31.747],[-84.00775,31.74117],[-84.00783,31.73514],[-84.00879,31.73461],[-84.01176,31.73506],[-84.01273,31.73462],[-84.01551,31.73191],[-84.01856,31.72465],[-84.02038,31.72235],[-84.02292,31.72093],[-84.02831,31.71934],[-84.03182,31.71722],[-84.0328,31.71577]]]}}]}